
===== 2026-09-24 16:29:23 data: 60 shards
Downloading 61 shards using 4 workers...
Target directory: /home/wesley/.cache/nanochat/base_data_climbmix

Skipping /home/wesley/.cache/nanochat/base_data_climbmix/shard_00004.parquet (already exists)Skipping /home/wesley/.cache/nanochat/base_data_climbmix/shard_00000.parquet (already exists)

Skipping /home/wesley/.cache/nanochat/base_data_climbmix/shard_00005.parquet (already exists)
Skipping /home/wesley/.cache/nanochat/base_data_climbmix/shard_00001.parquet (already exists)
Downloading shard_00012.parquet...Downloading shard_00008.parquet...Skipping /home/wesley/.cache/nanochat/base_data_climbmix/shard_00006.parquet (already exists)Skipping /home/wesley/.cache/nanochat/base_data_climbmix/shard_00002.parquet (already exists)



Skipping /home/wesley/.cache/nanochat/base_data_climbmix/shard_00007.parquet (already exists)Skipping /home/wesley/.cache/nanochat/base_data_climbmix/shard_00003.parquet (already exists)

Downloading shard_00016.parquet...
Downloading shard_00020.parquet...
Successfully downloaded shard_00008.parquet
Downloading shard_00009.parquet...
Successfully downloaded shard_00016.parquet
Downloading shard_00017.parquet...
Successfully downloaded shard_00012.parquet
Downloading shard_00013.parquet...
Successfully downloaded shard_00009.parquet
Downloading shard_00010.parquet...
Successfully downloaded shard_00020.parquet
Downloading shard_00021.parquet...
Successfully downloaded shard_00017.parquet
Downloading shard_00018.parquet...
Successfully downloaded shard_00013.parquet
Downloading shard_00014.parquet...
Successfully downloaded shard_00021.parquet
Downloading shard_00022.parquet...
Successfully downloaded shard_00010.parquet
Downloading shard_00011.parquet...
Successfully downloaded shard_00022.parquet
Downloading shard_00023.parquet...
Successfully downloaded shard_00018.parquet
Downloading shard_00019.parquet...
Successfully downloaded shard_00014.parquet
Downloading shard_00015.parquet...
Successfully downloaded shard_00015.parquet
Downloading shard_00024.parquet...
Successfully downloaded shard_00019.parquet
Downloading shard_00028.parquet...
Successfully downloaded shard_00011.parquet
Downloading shard_00032.parquet...
Successfully downloaded shard_00023.parquet
Downloading shard_00036.parquet...
Successfully downloaded shard_00024.parquet
Downloading shard_00025.parquet...
Successfully downloaded shard_00032.parquet
Downloading shard_00033.parquet...
Successfully downloaded shard_00036.parquet
Downloading shard_00037.parquet...
Successfully downloaded shard_00037.parquet
Downloading shard_00038.parquet...
Successfully downloaded shard_00028.parquet
Downloading shard_00029.parquet...
Successfully downloaded shard_00025.parquet
Downloading shard_00026.parquet...
Successfully downloaded shard_00033.parquet
Downloading shard_00034.parquet...
Successfully downloaded shard_00029.parquet
Downloading shard_00030.parquet...
Successfully downloaded shard_00034.parquet
Downloading shard_00035.parquet...
Successfully downloaded shard_00026.parquet
Downloading shard_00027.parquet...
Successfully downloaded shard_00035.parquet
Downloading shard_00040.parquet...
Successfully downloaded shard_00030.parquet
Downloading shard_00031.parquet...
Successfully downloaded shard_00040.parquet
Downloading shard_00041.parquet...
Successfully downloaded shard_00038.parquet
Downloading shard_00039.parquet...
Successfully downloaded shard_00031.parquet
Downloading shard_00044.parquet...
Successfully downloaded shard_00041.parquet
Downloading shard_00042.parquet...
Successfully downloaded shard_00039.parquet
Downloading shard_00048.parquet...
Successfully downloaded shard_00027.parquet
Downloading shard_00052.parquet...
Successfully downloaded shard_00042.parquet
Downloading shard_00043.parquet...
Successfully downloaded shard_00044.parquet
Downloading shard_00045.parquet...
Successfully downloaded shard_00052.parquet
Downloading shard_00053.parquet...
Successfully downloaded shard_00043.parquet
Downloading shard_00056.parquet...
Successfully downloaded shard_00048.parquet
Downloading shard_00049.parquet...
Successfully downloaded shard_00053.parquet
Downloading shard_00054.parquet...
Successfully downloaded shard_00049.parquet
Downloading shard_00050.parquet...
Successfully downloaded shard_00054.parquet
Downloading shard_00055.parquet...
Successfully downloaded shard_00056.parquet
Downloading shard_00057.parquet...
Successfully downloaded shard_00045.parquet
Downloading shard_00046.parquet...
Successfully downloaded shard_00057.parquet
Downloading shard_00058.parquet...
Successfully downloaded shard_00050.parquet
Downloading shard_00051.parquet...
Successfully downloaded shard_00055.parquet
Skipping /home/wesley/.cache/nanochat/base_data_climbmix/shard_06542.parquet (already exists)
Successfully downloaded shard_00046.parquet
Downloading shard_00047.parquet...
Successfully downloaded shard_00058.parquet
Downloading shard_00059.parquet...
Successfully downloaded shard_00047.parquet
Successfully downloaded shard_00059.parquet
Successfully downloaded shard_00051.parquet
Done! Downloaded: 61/61 shards to /home/wesley/.cache/nanochat/base_data_climbmix

===== 2026-09-24 16:32:07 pretrain d12 from scratch

                                                       █████                █████
                                                      ░░███                ░░███
     ████████    ██████   ████████    ██████   ██████  ░███████    ██████  ███████
    ░░███░░███  ░░░░░███ ░░███░░███  ███░░███ ███░░███ ░███░░███  ░░░░░███░░░███░
     ░███ ░███   ███████  ░███ ░███ ░███ ░███░███ ░░░  ░███ ░███   ███████  ░███
     ░███ ░███  ███░░███  ░███ ░███ ░███ ░███░███  ███ ░███ ░███  ███░░███  ░███ ███
     ████ █████░░████████ ████ █████░░██████ ░░██████  ████ █████░░███████  ░░█████
    ░░░░ ░░░░░  ░░░░░░░░ ░░░░ ░░░░░  ░░░░░░   ░░░░░░  ░░░░ ░░░░░  ░░░░░░░░   ░░░░░
    
Autodetected device type: cuda
2026-09-24 16:32:10,943 - nanochat.common - [32m[1mINFO[0m - Distributed world size: 1
2026-09-24 16:32:10,943 - nanochat.common - [33m[1mWARNING[0m - Peak flops undefined for: NVIDIA GeForce RTX 3060, MFU will show as 0%
GPU: NVIDIA GeForce RTX 3060 | Peak FLOPS (BF16): inf
COMPUTE_DTYPE: torch.bfloat16 (auto-detected: CUDA SM 86 (bf16 supported))
✓ Using Flash Attention 3: efficient, new and awesome.
Vocab size: 32,768
Model config:
{
  "sequence_len": 2048,
  "vocab_size": 32768,
  "n_layer": 12,
  "n_head": 6,
  "n_kv_head": 6,
  "n_embd": 768,
  "window_pattern": "SSSL"
}
Parameter counts:
wte                     : 25,165,824
value_embeds            : 150,994,944
lm_head                 : 25,165,824
transformer_matrices    : 84,935,088
scalars                 : 50
total                   : 286,261,730
Estimated FLOPs per token: 7.596960e+08
Auto-computed optimal batch size: 524,288 tokens
Scaling the LR for the AdamW parameters ∝1/√(768/768) = 1.000000
Calculated number of iterations from target data:param ratio: 2,520
Total number of training tokens: 1,321,205,760
Tokens : Scaling params ratio: 12.00
Total training FLOPs estimate: 1.003715e+18
Tokens / micro-batch / rank: 8 x 2048 = 16,384
Tokens / micro-batch: 16,384
Total batch size 524,288 => gradient accumulation steps: 32
W0924 16:32:16.418000 369 .venv/lib/python3.10/site-packages/torch/_inductor/utils.py:1613] [0/0] Not enough SMs to use max_autotune_gemm mode
Step 00000 | Validation bpb: 3.167478
step 00000/02520 (0.00%) | loss: 10.397983 | lrm: 0.03 | dt: 48151.98ms | tok/sec: 10,888 | bf16_mfu: 0.00 | epoch: 1 pq: 0 rg: 1 | total time: 0.00m
step 00001/02520 (0.04%) | loss: 10.385542 | lrm: 0.05 | dt: 20211.02ms | tok/sec: 25,940 | bf16_mfu: 0.00 | epoch: 1 pq: 0 rg: 2 | total time: 0.00m
step 00002/02520 (0.08%) | loss: 10.363618 | lrm: 0.07 | dt: 18958.86ms | tok/sec: 27,653 | bf16_mfu: 0.00 | epoch: 1 pq: 0 rg: 3 | total time: 0.00m
step 00003/02520 (0.12%) | loss: 10.332764 | lrm: 0.10 | dt: 20437.28ms | tok/sec: 25,653 | bf16_mfu: 0.00 | epoch: 1 pq: 0 rg: 4 | total time: 0.00m
step 00004/02520 (0.16%) | loss: 10.281215 | lrm: 0.12 | dt: 19502.90ms | tok/sec: 26,882 | bf16_mfu: 0.00 | epoch: 1 pq: 0 rg: 5 | total time: 0.00m
step 00005/02520 (0.20%) | loss: 10.194226 | lrm: 0.15 | dt: 19214.39ms | tok/sec: 27,286 | bf16_mfu: 0.00 | epoch: 1 pq: 0 rg: 6 | total time: 0.00m
step 00006/02520 (0.24%) | loss: 10.081930 | lrm: 0.17 | dt: 20213.26ms | tok/sec: 25,937 | bf16_mfu: 0.00 | epoch: 1 pq: 0 rg: 7 | total time: 0.00m
step 00007/02520 (0.28%) | loss: 9.864233 | lrm: 0.20 | dt: 19404.63ms | tok/sec: 27,018 | bf16_mfu: 0.00 | epoch: 1 pq: 0 rg: 8 | total time: 0.00m
step 00008/02520 (0.32%) | loss: 9.564092 | lrm: 0.23 | dt: 19457.17ms | tok/sec: 26,945 | bf16_mfu: 0.00 | epoch: 1 pq: 0 rg: 9 | total time: 0.00m
step 00009/02520 (0.36%) | loss: 9.302242 | lrm: 0.25 | dt: 20235.12ms | tok/sec: 25,909 | bf16_mfu: 0.00 | epoch: 1 pq: 0 rg: 10 | total time: 0.00m
step 00010/02520 (0.40%) | loss: 9.038969 | lrm: 0.28 | dt: 19405.55ms | tok/sec: 27,017 | bf16_mfu: 0.00 | epoch: 1 pq: 0 rg: 12 | total time: 0.00m
step 00011/02520 (0.44%) | loss: 8.776727 | lrm: 0.30 | dt: 20183.34ms | tok/sec: 25,976 | bf16_mfu: 0.00 | epoch: 1 pq: 0 rg: 13 | total time: 0.34m | eta: 844.0m
step 00012/02520 (0.48%) | loss: 8.541224 | lrm: 0.33 | dt: 19435.79ms | tok/sec: 26,975 | bf16_mfu: 0.00 | epoch: 1 pq: 0 rg: 14 | total time: 0.66m | eta: 828.0m
step 00013/02520 (0.52%) | loss: 8.330143 | lrm: 0.35 | dt: 19399.17ms | tok/sec: 27,026 | bf16_mfu: 0.00 | epoch: 1 pq: 0 rg: 15 | total time: 0.98m | eta: 822.0m
step 00014/02520 (0.56%) | loss: 8.128629 | lrm: 0.38 | dt: 20279.61ms | tok/sec: 25,852 | bf16_mfu: 0.00 | epoch: 1 pq: 0 rg: 16 | total time: 1.32m | eta: 828.0m
step 00015/02520 (0.60%) | loss: 7.930811 | lrm: 0.40 | dt: 19424.74ms | tok/sec: 26,990 | bf16_mfu: 0.00 | epoch: 1 pq: 0 rg: 17 | total time: 1.65m | eta: 824.3m
step 00016/02520 (0.63%) | loss: 7.748587 | lrm: 0.42 | dt: 19349.20ms | tok/sec: 27,096 | bf16_mfu: 0.00 | epoch: 1 pq: 0 rg: 18 | total time: 1.97m | eta: 821.3m
step 00017/02520 (0.67%) | loss: 7.604698 | lrm: 0.45 | dt: 20197.19ms | tok/sec: 25,958 | bf16_mfu: 0.00 | epoch: 1 pq: 0 rg: 19 | total time: 2.30m | eta: 824.0m
step 00018/02520 (0.71%) | loss: 7.467094 | lrm: 0.47 | dt: 19399.53ms | tok/sec: 27,025 | bf16_mfu: 0.00 | epoch: 1 pq: 0 rg: 20 | total time: 2.63m | eta: 821.8m
step 00019/02520 (0.75%) | loss: 7.337811 | lrm: 0.50 | dt: 20210.88ms | tok/sec: 25,940 | bf16_mfu: 0.00 | epoch: 1 pq: 0 rg: 21 | total time: 2.96m | eta: 823.8m
step 00020/02520 (0.79%) | loss: 7.205574 | lrm: 0.53 | dt: 19434.49ms | tok/sec: 26,977 | bf16_mfu: 0.00 | epoch: 1 pq: 0 rg: 22 | total time: 3.29m | eta: 822.1m
step 00021/02520 (0.83%) | loss: 7.087474 | lrm: 0.55 | dt: 19416.02ms | tok/sec: 27,002 | bf16_mfu: 0.00 | epoch: 1 pq: 0 rg: 23 | total time: 3.61m | eta: 820.6m
step 00022/02520 (0.87%) | loss: 6.972766 | lrm: 0.57 | dt: 20207.13ms | tok/sec: 25,945 | bf16_mfu: 0.00 | epoch: 1 pq: 0 rg: 24 | total time: 3.95m | eta: 822.0m
step 00023/02520 (0.91%) | loss: 6.885639 | lrm: 0.60 | dt: 19392.46ms | tok/sec: 27,035 | bf16_mfu: 0.00 | epoch: 1 pq: 0 rg: 25 | total time: 4.27m | eta: 820.6m
step 00024/02520 (0.95%) | loss: 6.791832 | lrm: 0.62 | dt: 19447.63ms | tok/sec: 26,958 | bf16_mfu: 0.00 | epoch: 1 pq: 0 rg: 27 | total time: 4.60m | eta: 819.5m
step 00025/02520 (0.99%) | loss: 6.712441 | lrm: 0.65 | dt: 20231.68ms | tok/sec: 25,914 | bf16_mfu: 0.00 | epoch: 1 pq: 0 rg: 28 | total time: 4.93m | eta: 820.6m
step 00026/02520 (1.03%) | loss: 6.628250 | lrm: 0.68 | dt: 19382.37ms | tok/sec: 27,049 | bf16_mfu: 0.00 | epoch: 1 pq: 0 rg: 29 | total time: 5.26m | eta: 819.4m
step 00027/02520 (1.07%) | loss: 6.539682 | lrm: 0.70 | dt: 20284.49ms | tok/sec: 25,846 | bf16_mfu: 0.00 | epoch: 1 pq: 0 rg: 30 | total time: 5.59m | eta: 820.4m
step 00028/02520 (1.11%) | loss: 6.473414 | lrm: 0.72 | dt: 19481.48ms | tok/sec: 26,912 | bf16_mfu: 0.00 | epoch: 1 pq: 0 rg: 31 | total time: 5.92m | eta: 819.5m
step 00029/02520 (1.15%) | loss: 6.418318 | lrm: 0.75 | dt: 19310.08ms | tok/sec: 27,151 | bf16_mfu: 0.00 | epoch: 1 pq: 0 rg: 32 | total time: 6.24m | eta: 818.2m
step 00030/02520 (1.19%) | loss: 6.364889 | lrm: 0.78 | dt: 20194.44ms | tok/sec: 25,961 | bf16_mfu: 0.00 | epoch: 1 pq: 0 rg: 33 | total time: 6.58m | eta: 818.9m
step 00031/02520 (1.23%) | loss: 6.310873 | lrm: 0.80 | dt: 19481.81ms | tok/sec: 26,911 | bf16_mfu: 0.00 | epoch: 1 pq: 0 rg: 34 | total time: 6.90m | eta: 818.1m
step 00032/02520 (1.27%) | loss: 6.257134 | lrm: 0.82 | dt: 19380.37ms | tok/sec: 27,052 | bf16_mfu: 0.00 | epoch: 1 pq: 0 rg: 35 | total time: 7.23m | eta: 817.1m
step 00033/02520 (1.31%) | loss: 6.218868 | lrm: 0.85 | dt: 20234.68ms | tok/sec: 25,910 | bf16_mfu: 0.00 | epoch: 1 pq: 0 rg: 36 | total time: 7.56m | eta: 817.8m
step 00034/02520 (1.35%) | loss: 6.174738 | lrm: 0.88 | dt: 19397.56ms | tok/sec: 27,028 | bf16_mfu: 0.00 | epoch: 1 pq: 0 rg: 37 | total time: 7.89m | eta: 816.9m
step 00035/02520 (1.39%) | loss: 6.121495 | lrm: 0.90 | dt: 20232.58ms | tok/sec: 25,913 | bf16_mfu: 0.00 | epoch: 1 pq: 0 rg: 38 | total time: 8.22m | eta: 817.4m
step 00036/02520 (1.43%) | loss: 6.082165 | lrm: 0.93 | dt: 19449.11ms | tok/sec: 26,956 | bf16_mfu: 0.00 | epoch: 1 pq: 0 rg: 39 | total time: 8.55m | eta: 816.6m
step 00037/02520 (1.47%) | loss: 6.038004 | lrm: 0.95 | dt: 19376.75ms | tok/sec: 27,057 | bf16_mfu: 0.00 | epoch: 1 pq: 0 rg: 40 | total time: 8.87m | eta: 815.7m
step 00038/02520 (1.51%) | loss: 6.009008 | lrm: 0.97 | dt: 20500.42ms | tok/sec: 25,574 | bf16_mfu: 0.00 | epoch: 1 pq: 0 rg: 41 | total time: 9.21m | eta: 816.6m
step 00039/02520 (1.55%) | loss: 5.975857 | lrm: 1.00 | dt: 19301.81ms | tok/sec: 27,162 | bf16_mfu: 0.00 | epoch: 1 pq: 0 rg: 42 | total time: 9.53m | eta: 815.6m
step 00040/02520 (1.59%) | loss: 5.948989 | lrm: 1.00 | dt: 19291.83ms | tok/sec: 27,176 | bf16_mfu: 0.00 | epoch: 1 pq: 0 rg: 43 | total time: 9.86m | eta: 814.7m
step 00041/02520 (1.63%) | loss: 5.915022 | lrm: 1.00 | dt: 20293.26ms | tok/sec: 25,835 | bf16_mfu: 0.00 | epoch: 1 pq: 0 rg: 43 | total time: 10.19m | eta: 815.1m
step 00042/02520 (1.67%) | loss: 5.903553 | lrm: 1.00 | dt: 19400.30ms | tok/sec: 27,024 | bf16_mfu: 0.00 | epoch: 1 pq: 0 rg: 44 | total time: 10.52m | eta: 814.4m
step 00043/02520 (1.71%) | loss: 5.871826 | lrm: 1.00 | dt: 20292.41ms | tok/sec: 25,836 | bf16_mfu: 0.00 | epoch: 1 pq: 0 rg: 45 | total time: 10.85m | eta: 814.8m
step 00044/02520 (1.75%) | loss: 5.838706 | lrm: 1.00 | dt: 19385.53ms | tok/sec: 27,045 | bf16_mfu: 0.00 | epoch: 1 pq: 0 rg: 46 | total time: 11.18m | eta: 814.0m
step 00045/02520 (1.79%) | loss: 5.805615 | lrm: 1.00 | dt: 19340.85ms | tok/sec: 27,107 | bf16_mfu: 0.00 | epoch: 1 pq: 0 rg: 47 | total time: 11.50m | eta: 813.2m
step 00046/02520 (1.83%) | loss: 5.769356 | lrm: 1.00 | dt: 20457.50ms | tok/sec: 25,628 | bf16_mfu: 0.00 | epoch: 1 pq: 0 rg: 48 | total time: 11.84m | eta: 813.8m
step 00047/02520 (1.87%) | loss: 5.749948 | lrm: 1.00 | dt: 19320.02ms | tok/sec: 27,137 | bf16_mfu: 0.00 | epoch: 1 pq: 0 rg: 49 | total time: 12.16m | eta: 813.0m
step 00048/02520 (1.90%) | loss: 5.739454 | lrm: 1.00 | dt: 19265.76ms | tok/sec: 27,213 | bf16_mfu: 0.00 | epoch: 1 pq: 0 rg: 50 | total time: 12.48m | eta: 812.1m
step 00049/02520 (1.94%) | loss: 5.722023 | lrm: 1.00 | dt: 20354.15ms | tok/sec: 25,758 | bf16_mfu: 0.00 | epoch: 1 pq: 0 rg: 51 | total time: 12.82m | eta: 812.5m
step 00050/02520 (1.98%) | loss: 5.694662 | lrm: 1.00 | dt: 19347.37ms | tok/sec: 27,098 | bf16_mfu: 0.00 | epoch: 1 pq: 0 rg: 52 | total time: 13.15m | eta: 811.8m
step 00051/02520 (2.02%) | loss: 5.665051 | lrm: 1.00 | dt: 19353.30ms | tok/sec: 27,090 | bf16_mfu: 0.00 | epoch: 1 pq: 0 rg: 53 | total time: 13.47m | eta: 811.1m
step 00052/02520 (2.06%) | loss: 5.633153 | lrm: 1.00 | dt: 20356.22ms | tok/sec: 25,755 | bf16_mfu: 0.00 | epoch: 1 pq: 0 rg: 54 | total time: 13.81m | eta: 811.4m
step 00053/02520 (2.10%) | loss: 5.608587 | lrm: 1.00 | dt: 19320.30ms | tok/sec: 27,136 | bf16_mfu: 0.00 | epoch: 1 pq: 0 rg: 55 | total time: 14.13m | eta: 810.7m
step 00054/02520 (2.14%) | loss: 5.592378 | lrm: 1.00 | dt: 20358.21ms | tok/sec: 25,753 | bf16_mfu: 0.00 | epoch: 1 pq: 0 rg: 56 | total time: 14.47m | eta: 810.9m
step 00055/02520 (2.18%) | loss: 5.558132 | lrm: 1.00 | dt: 19363.43ms | tok/sec: 27,076 | bf16_mfu: 0.00 | epoch: 1 pq: 0 rg: 57 | total time: 14.79m | eta: 810.3m
step 00056/02520 (2.22%) | loss: 5.518296 | lrm: 1.00 | dt: 19303.32ms | tok/sec: 27,160 | bf16_mfu: 0.00 | epoch: 1 pq: 0 rg: 58 | total time: 15.11m | eta: 809.6m
step 00057/02520 (2.26%) | loss: 5.523783 | lrm: 1.00 | dt: 20417.71ms | tok/sec: 25,678 | bf16_mfu: 0.00 | epoch: 1 pq: 0 rg: 59 | total time: 15.45m | eta: 809.9m
step 00058/02520 (2.30%) | loss: 5.492507 | lrm: 1.00 | dt: 19293.31ms | tok/sec: 27,174 | bf16_mfu: 0.00 | epoch: 1 pq: 0 rg: 60 | total time: 15.78m | eta: 809.2m
step 00059/02520 (2.34%) | loss: 5.455903 | lrm: 1.00 | dt: 19343.75ms | tok/sec: 27,103 | bf16_mfu: 0.00 | epoch: 1 pq: 0 rg: 61 | total time: 16.10m | eta: 808.5m
step 00060/02520 (2.38%) | loss: 5.428032 | lrm: 1.00 | dt: 20412.91ms | tok/sec: 25,684 | bf16_mfu: 0.00 | epoch: 1 pq: 0 rg: 62 | total time: 16.44m | eta: 808.8m
step 00061/02520 (2.42%) | loss: 5.395649 | lrm: 1.00 | dt: 19283.56ms | tok/sec: 27,188 | bf16_mfu: 0.00 | epoch: 1 pq: 0 rg: 63 | total time: 16.76m | eta: 808.1m
step 00062/02520 (2.46%) | loss: 5.369688 | lrm: 1.00 | dt: 20359.48ms | tok/sec: 25,751 | bf16_mfu: 0.00 | epoch: 1 pq: 0 rg: 64 | total time: 17.10m | eta: 808.2m
step 00063/02520 (2.50%) | loss: 5.350030 | lrm: 1.00 | dt: 19354.47ms | tok/sec: 27,088 | bf16_mfu: 0.00 | epoch: 1 pq: 0 rg: 65 | total time: 17.42m | eta: 807.6m
step 00064/02520 (2.54%) | loss: 5.330496 | lrm: 1.00 | dt: 19322.57ms | tok/sec: 27,133 | bf16_mfu: 0.00 | epoch: 1 pq: 0 rg: 66 | total time: 17.74m | eta: 807.0m
step 00065/02520 (2.58%) | loss: 5.296568 | lrm: 1.00 | dt: 20453.52ms | tok/sec: 25,633 | bf16_mfu: 0.00 | epoch: 1 pq: 0 rg: 67 | total time: 18.08m | eta: 807.2m
step 00066/02520 (2.62%) | loss: 5.289248 | lrm: 1.00 | dt: 19272.09ms | tok/sec: 27,204 | bf16_mfu: 0.00 | epoch: 1 pq: 0 rg: 68 | total time: 18.41m | eta: 806.6m
step 00067/02520 (2.66%) | loss: 5.280491 | lrm: 1.00 | dt: 19326.77ms | tok/sec: 27,127 | bf16_mfu: 0.00 | epoch: 1 pq: 0 rg: 69 | total time: 18.73m | eta: 805.9m
step 00068/02520 (2.70%) | loss: 5.255482 | lrm: 1.00 | dt: 20381.09ms | tok/sec: 25,724 | bf16_mfu: 0.00 | epoch: 1 pq: 0 rg: 70 | total time: 19.07m | eta: 806.1m
step 00069/02520 (2.74%) | loss: 5.239763 | lrm: 1.00 | dt: 19324.18ms | tok/sec: 27,131 | bf16_mfu: 0.00 | epoch: 1 pq: 0 rg: 71 | total time: 19.39m | eta: 805.5m
step 00070/02520 (2.78%) | loss: 5.234982 | lrm: 1.00 | dt: 19371.30ms | tok/sec: 27,065 | bf16_mfu: 0.00 | epoch: 1 pq: 0 rg: 72 | total time: 19.71m | eta: 804.9m
step 00071/02520 (2.82%) | loss: 5.220970 | lrm: 1.00 | dt: 20410.12ms | tok/sec: 25,687 | bf16_mfu: 0.00 | epoch: 1 pq: 0 rg: 73 | total time: 20.05m | eta: 805.1m
step 00072/02520 (2.86%) | loss: 5.196278 | lrm: 1.00 | dt: 19306.31ms | tok/sec: 27,156 | bf16_mfu: 0.00 | epoch: 1 pq: 0 rg: 73 | total time: 20.37m | eta: 804.5m
step 00073/02520 (2.90%) | loss: 5.181258 | lrm: 1.00 | dt: 20610.13ms | tok/sec: 25,438 | bf16_mfu: 0.00 | epoch: 1 pq: 0 rg: 74 | total time: 20.72m | eta: 804.7m
step 00074/02520 (2.94%) | loss: 5.186220 | lrm: 1.00 | dt: 18942.24ms | tok/sec: 27,678 | bf16_mfu: 0.00 | epoch: 1 pq: 0 rg: 75 | total time: 21.03m | eta: 803.9m
step 00075/02520 (2.98%) | loss: 5.180820 | lrm: 1.00 | dt: 19493.51ms | tok/sec: 26,895 | bf16_mfu: 0.00 | epoch: 1 pq: 0 rg: 76 | total time: 21.36m | eta: 803.4m
step 00076/02520 (3.02%) | loss: 5.150920 | lrm: 1.00 | dt: 20388.30ms | tok/sec: 25,715 | bf16_mfu: 0.00 | epoch: 1 pq: 0 rg: 77 | total time: 21.70m | eta: 803.5m
step 00077/02520 (3.06%) | loss: 5.132687 | lrm: 1.00 | dt: 19343.09ms | tok/sec: 27,104 | bf16_mfu: 0.00 | epoch: 1 pq: 0 rg: 78 | total time: 22.02m | eta: 802.9m
step 00078/02520 (3.10%) | loss: 5.078059 | lrm: 1.00 | dt: 19328.25ms | tok/sec: 27,125 | bf16_mfu: 0.00 | epoch: 1 pq: 0 rg: 79 | total time: 22.34m | eta: 802.4m
step 00079/02520 (3.13%) | loss: 5.076344 | lrm: 1.00 | dt: 20398.76ms | tok/sec: 25,701 | bf16_mfu: 0.00 | epoch: 1 pq: 0 rg: 80 | total time: 22.68m | eta: 802.4m
step 00080/02520 (3.17%) | loss: 5.065101 | lrm: 1.00 | dt: 19320.76ms | tok/sec: 27,135 | bf16_mfu: 0.00 | epoch: 1 pq: 0 rg: 81 | total time: 23.00m | eta: 801.9m
step 00081/02520 (3.21%) | loss: 5.038988 | lrm: 1.00 | dt: 19321.77ms | tok/sec: 27,134 | bf16_mfu: 0.00 | epoch: 1 pq: 0 rg: 82 | total time: 23.33m | eta: 801.3m
step 00082/02520 (3.25%) | loss: 5.025455 | lrm: 1.00 | dt: 20477.71ms | tok/sec: 25,602 | bf16_mfu: 0.00 | epoch: 1 pq: 0 rg: 83 | total time: 23.67m | eta: 801.4m
step 00083/02520 (3.29%) | loss: 5.023839 | lrm: 1.00 | dt: 19227.92ms | tok/sec: 27,267 | bf16_mfu: 0.00 | epoch: 1 pq: 1 rg: 0 | total time: 23.99m | eta: 800.8m
step 00084/02520 (3.33%) | loss: 5.026409 | lrm: 1.00 | dt: 20382.40ms | tok/sec: 25,722 | bf16_mfu: 0.00 | epoch: 1 pq: 1 rg: 1 | total time: 24.33m | eta: 800.9m
step 00085/02520 (3.37%) | loss: 5.007470 | lrm: 1.00 | dt: 19362.04ms | tok/sec: 27,078 | bf16_mfu: 0.00 | epoch: 1 pq: 1 rg: 2 | total time: 24.65m | eta: 800.3m
step 00086/02520 (3.41%) | loss: 5.005106 | lrm: 1.00 | dt: 19316.65ms | tok/sec: 27,141 | bf16_mfu: 0.00 | epoch: 1 pq: 1 rg: 3 | total time: 24.97m | eta: 799.8m
step 00087/02520 (3.45%) | loss: 4.973097 | lrm: 1.00 | dt: 20415.68ms | tok/sec: 25,680 | bf16_mfu: 0.00 | epoch: 1 pq: 1 rg: 4 | total time: 25.31m | eta: 799.8m
step 00088/02520 (3.49%) | loss: 4.965853 | lrm: 1.00 | dt: 19314.29ms | tok/sec: 27,145 | bf16_mfu: 0.00 | epoch: 1 pq: 1 rg: 5 | total time: 25.63m | eta: 799.3m
step 00089/02520 (3.53%) | loss: 4.949171 | lrm: 1.00 | dt: 19317.10ms | tok/sec: 27,141 | bf16_mfu: 0.00 | epoch: 1 pq: 1 rg: 6 | total time: 25.96m | eta: 798.7m
step 00090/02520 (3.57%) | loss: 4.935231 | lrm: 1.00 | dt: 20461.64ms | tok/sec: 25,622 | bf16_mfu: 0.00 | epoch: 1 pq: 1 rg: 7 | total time: 26.30m | eta: 798.8m
step 00091/02520 (3.61%) | loss: 4.902543 | lrm: 1.00 | dt: 19248.93ms | tok/sec: 27,237 | bf16_mfu: 0.00 | epoch: 1 pq: 1 rg: 8 | total time: 26.62m | eta: 798.2m
step 00092/02520 (3.65%) | loss: 4.890500 | lrm: 1.00 | dt: 20416.56ms | tok/sec: 25,679 | bf16_mfu: 0.00 | epoch: 1 pq: 1 rg: 9 | total time: 26.96m | eta: 798.3m
step 00093/02520 (3.69%) | loss: 4.882833 | lrm: 1.00 | dt: 19333.43ms | tok/sec: 27,118 | bf16_mfu: 0.00 | epoch: 1 pq: 1 rg: 10 | total time: 27.28m | eta: 797.7m
step 00094/02520 (3.73%) | loss: 4.852512 | lrm: 1.00 | dt: 19307.64ms | tok/sec: 27,154 | bf16_mfu: 0.00 | epoch: 1 pq: 1 rg: 11 | total time: 27.60m | eta: 797.2m
step 00095/02520 (3.77%) | loss: 4.837916 | lrm: 1.00 | dt: 20419.14ms | tok/sec: 25,676 | bf16_mfu: 0.00 | epoch: 1 pq: 1 rg: 12 | total time: 27.94m | eta: 797.2m
step 00096/02520 (3.81%) | loss: 4.830242 | lrm: 1.00 | dt: 19315.05ms | tok/sec: 27,144 | bf16_mfu: 0.00 | epoch: 1 pq: 1 rg: 13 | total time: 28.27m | eta: 796.7m
step 00097/02520 (3.85%) | loss: 4.816058 | lrm: 1.00 | dt: 19309.35ms | tok/sec: 27,152 | bf16_mfu: 0.00 | epoch: 1 pq: 1 rg: 14 | total time: 28.59m | eta: 796.2m
step 00098/02520 (3.89%) | loss: 4.800783 | lrm: 1.00 | dt: 20487.22ms | tok/sec: 25,590 | bf16_mfu: 0.00 | epoch: 1 pq: 1 rg: 15 | total time: 28.93m | eta: 796.2m
step 00099/02520 (3.93%) | loss: 4.809862 | lrm: 1.00 | dt: 19256.47ms | tok/sec: 27,226 | bf16_mfu: 0.00 | epoch: 1 pq: 1 rg: 16 | total time: 29.25m | eta: 795.7m
step 00100/02520 (3.97%) | loss: 4.790757 | lrm: 1.00 | dt: 19328.72ms | tok/sec: 27,124 | bf16_mfu: 0.00 | epoch: 1 pq: 1 rg: 17 | total time: 29.57m | eta: 795.1m
step 00101/02520 (4.01%) | loss: 4.767830 | lrm: 1.00 | dt: 20488.67ms | tok/sec: 25,589 | bf16_mfu: 0.00 | epoch: 1 pq: 1 rg: 18 | total time: 29.91m | eta: 795.2m
step 00102/02520 (4.05%) | loss: 4.758730 | lrm: 1.00 | dt: 19269.13ms | tok/sec: 27,208 | bf16_mfu: 0.00 | epoch: 1 pq: 1 rg: 19 | total time: 30.23m | eta: 794.6m
step 00103/02520 (4.09%) | loss: 4.746098 | lrm: 1.00 | dt: 20438.02ms | tok/sec: 25,652 | bf16_mfu: 0.00 | epoch: 1 pq: 1 rg: 20 | total time: 30.57m | eta: 794.6m
step 00104/02520 (4.13%) | loss: 4.732650 | lrm: 1.00 | dt: 19320.44ms | tok/sec: 27,136 | bf16_mfu: 0.00 | epoch: 1 pq: 1 rg: 21 | total time: 30.90m | eta: 794.1m
step 00105/02520 (4.17%) | loss: 4.705723 | lrm: 1.00 | dt: 19292.31ms | tok/sec: 27,176 | bf16_mfu: 0.00 | epoch: 1 pq: 1 rg: 22 | total time: 31.22m | eta: 793.6m
step 00106/02520 (4.21%) | loss: 4.696319 | lrm: 1.00 | dt: 20557.35ms | tok/sec: 25,503 | bf16_mfu: 0.00 | epoch: 1 pq: 1 rg: 23 | total time: 31.56m | eta: 793.6m
step 00107/02520 (4.25%) | loss: 4.691173 | lrm: 1.00 | dt: 19193.42ms | tok/sec: 27,316 | bf16_mfu: 0.00 | epoch: 1 pq: 1 rg: 24 | total time: 31.88m | eta: 793.1m
step 00108/02520 (4.29%) | loss: 4.666295 | lrm: 1.00 | dt: 19312.12ms | tok/sec: 27,148 | bf16_mfu: 0.00 | epoch: 1 pq: 1 rg: 25 | total time: 32.20m | eta: 792.6m
step 00109/02520 (4.33%) | loss: 4.652822 | lrm: 1.00 | dt: 20438.16ms | tok/sec: 25,652 | bf16_mfu: 0.00 | epoch: 1 pq: 1 rg: 25 | total time: 32.54m | eta: 792.5m
step 00110/02520 (4.37%) | loss: 4.655070 | lrm: 1.00 | dt: 19307.93ms | tok/sec: 27,154 | bf16_mfu: 0.00 | epoch: 1 pq: 1 rg: 26 | total time: 32.87m | eta: 792.1m
step 00111/02520 (4.40%) | loss: 4.665415 | lrm: 1.00 | dt: 19259.28ms | tok/sec: 27,222 | bf16_mfu: 0.00 | epoch: 1 pq: 1 rg: 27 | total time: 33.19m | eta: 791.5m
step 00112/02520 (4.44%) | loss: 4.648830 | lrm: 1.00 | dt: 20931.78ms | tok/sec: 25,047 | bf16_mfu: 0.00 | epoch: 1 pq: 1 rg: 28 | total time: 33.54m | eta: 791.7m
step 00113/02520 (4.48%) | loss: 4.637041 | lrm: 1.00 | dt: 20108.49ms | tok/sec: 26,072 | bf16_mfu: 0.00 | epoch: 1 pq: 1 rg: 29 | total time: 33.87m | eta: 791.5m
step 00114/02520 (4.52%) | loss: 4.600778 | lrm: 1.00 | dt: 21357.55ms | tok/sec: 24,548 | bf16_mfu: 0.00 | epoch: 1 pq: 1 rg: 30 | total time: 34.23m | eta: 791.8m
step 00115/02520 (4.56%) | loss: 4.580480 | lrm: 1.00 | dt: 19986.61ms | tok/sec: 26,231 | bf16_mfu: 0.00 | epoch: 1 pq: 1 rg: 31 | total time: 34.56m | eta: 791.6m
step 00116/02520 (4.60%) | loss: 4.579420 | lrm: 1.00 | dt: 20122.60ms | tok/sec: 26,054 | bf16_mfu: 0.00 | epoch: 1 pq: 1 rg: 32 | total time: 34.89m | eta: 791.4m
step 00117/02520 (4.64%) | loss: 4.534587 | lrm: 1.00 | dt: 21265.51ms | tok/sec: 24,654 | bf16_mfu: 0.00 | epoch: 1 pq: 1 rg: 33 | total time: 35.25m | eta: 791.6m
step 00118/02520 (4.68%) | loss: 4.504629 | lrm: 1.00 | dt: 20000.35ms | tok/sec: 26,213 | bf16_mfu: 0.00 | epoch: 1 pq: 1 rg: 34 | total time: 35.58m | eta: 791.4m
step 00119/02520 (4.72%) | loss: 4.529456 | lrm: 1.00 | dt: 19876.21ms | tok/sec: 26,377 | bf16_mfu: 0.00 | epoch: 1 pq: 1 rg: 35 | total time: 35.91m | eta: 791.1m
step 00120/02520 (4.76%) | loss: 4.505568 | lrm: 1.00 | dt: 20987.12ms | tok/sec: 24,981 | bf16_mfu: 0.00 | epoch: 1 pq: 1 rg: 36 | total time: 36.26m | eta: 791.2m
step 00121/02520 (4.80%) | loss: 4.496389 | lrm: 1.00 | dt: 19871.90ms | tok/sec: 26,383 | bf16_mfu: 0.00 | epoch: 1 pq: 1 rg: 37 | total time: 36.59m | eta: 790.9m
step 00122/02520 (4.84%) | loss: 4.479942 | lrm: 1.00 | dt: 19823.35ms | tok/sec: 26,448 | bf16_mfu: 0.00 | epoch: 1 pq: 1 rg: 38 | total time: 36.93m | eta: 790.6m
step 00123/02520 (4.88%) | loss: 4.457691 | lrm: 1.00 | dt: 21027.69ms | tok/sec: 24,933 | bf16_mfu: 0.00 | epoch: 1 pq: 1 rg: 39 | total time: 37.28m | eta: 790.7m
step 00124/02520 (4.92%) | loss: 4.447613 | lrm: 1.00 | dt: 19837.31ms | tok/sec: 26,429 | bf16_mfu: 0.00 | epoch: 1 pq: 1 rg: 40 | total time: 37.61m | eta: 790.4m
step 00125/02520 (4.96%) | loss: 4.425094 | lrm: 1.00 | dt: 19795.13ms | tok/sec: 26,485 | bf16_mfu: 0.00 | epoch: 1 pq: 1 rg: 41 | total time: 37.94m | eta: 790.1m
step 00126/02520 (5.00%) | loss: 4.419564 | lrm: 1.00 | dt: 20992.70ms | tok/sec: 24,974 | bf16_mfu: 0.00 | epoch: 1 pq: 1 rg: 42 | total time: 38.29m | eta: 790.1m
step 00127/02520 (5.04%) | loss: 4.390425 | lrm: 1.00 | dt: 19780.13ms | tok/sec: 26,505 | bf16_mfu: 0.00 | epoch: 1 pq: 1 rg: 43 | total time: 38.62m | eta: 789.8m
step 00128/02520 (5.08%) | loss: 4.365627 | lrm: 1.00 | dt: 19804.35ms | tok/sec: 26,473 | bf16_mfu: 0.00 | epoch: 1 pq: 1 rg: 44 | total time: 38.95m | eta: 789.5m
step 00129/02520 (5.12%) | loss: 4.338408 | lrm: 1.00 | dt: 20973.25ms | tok/sec: 24,997 | bf16_mfu: 0.00 | epoch: 1 pq: 1 rg: 45 | total time: 39.30m | eta: 789.5m
step 00130/02520 (5.16%) | loss: 4.305756 | lrm: 1.00 | dt: 19663.17ms | tok/sec: 26,663 | bf16_mfu: 0.00 | epoch: 1 pq: 1 rg: 46 | total time: 39.62m | eta: 789.2m
step 00131/02520 (5.20%) | loss: 4.281971 | lrm: 1.00 | dt: 19840.17ms | tok/sec: 26,425 | bf16_mfu: 0.00 | epoch: 1 pq: 1 rg: 47 | total time: 39.95m | eta: 788.8m
step 00132/02520 (5.24%) | loss: 4.275917 | lrm: 1.00 | dt: 21010.63ms | tok/sec: 24,953 | bf16_mfu: 0.00 | epoch: 1 pq: 1 rg: 48 | total time: 40.30m | eta: 788.9m
step 00133/02520 (5.28%) | loss: 4.255998 | lrm: 1.00 | dt: 19755.66ms | tok/sec: 26,538 | bf16_mfu: 0.00 | epoch: 1 pq: 1 rg: 49 | total time: 40.63m | eta: 788.5m
step 00134/02520 (5.32%) | loss: 4.242047 | lrm: 1.00 | dt: 19777.79ms | tok/sec: 26,508 | bf16_mfu: 0.00 | epoch: 1 pq: 1 rg: 50 | total time: 40.96m | eta: 788.2m
step 00135/02520 (5.36%) | loss: 4.227084 | lrm: 1.00 | dt: 21038.51ms | tok/sec: 24,920 | bf16_mfu: 0.00 | epoch: 1 pq: 1 rg: 51 | total time: 41.31m | eta: 788.3m
step 00136/02520 (5.40%) | loss: 4.223890 | lrm: 1.00 | dt: 19840.55ms | tok/sec: 26,425 | bf16_mfu: 0.00 | epoch: 1 pq: 1 rg: 52 | total time: 41.64m | eta: 787.9m
step 00137/02520 (5.44%) | loss: 4.235327 | lrm: 1.00 | dt: 20951.22ms | tok/sec: 25,024 | bf16_mfu: 0.00 | epoch: 1 pq: 1 rg: 53 | total time: 41.99m | eta: 788.0m
step 00138/02520 (5.48%) | loss: 4.211662 | lrm: 1.00 | dt: 19809.28ms | tok/sec: 26,466 | bf16_mfu: 0.00 | epoch: 1 pq: 1 rg: 54 | total time: 42.32m | eta: 787.6m
step 00139/02520 (5.52%) | loss: 4.182053 | lrm: 1.00 | dt: 19859.08ms | tok/sec: 26,400 | bf16_mfu: 0.00 | epoch: 1 pq: 1 rg: 55 | total time: 42.65m | eta: 787.3m
step 00140/02520 (5.56%) | loss: 4.169553 | lrm: 1.00 | dt: 21058.78ms | tok/sec: 24,896 | bf16_mfu: 0.00 | epoch: 1 pq: 1 rg: 56 | total time: 43.01m | eta: 787.3m
step 00141/02520 (5.60%) | loss: 4.155599 | lrm: 1.00 | dt: 19821.31ms | tok/sec: 26,450 | bf16_mfu: 0.00 | epoch: 1 pq: 1 rg: 56 | total time: 43.34m | eta: 787.0m
step 00142/02520 (5.63%) | loss: 4.153660 | lrm: 1.00 | dt: 19797.78ms | tok/sec: 26,482 | bf16_mfu: 0.00 | epoch: 1 pq: 1 rg: 57 | total time: 43.67m | eta: 786.6m
step 00143/02520 (5.67%) | loss: 4.166355 | lrm: 1.00 | dt: 21103.20ms | tok/sec: 24,844 | bf16_mfu: 0.00 | epoch: 1 pq: 1 rg: 58 | total time: 44.02m | eta: 786.7m
step 00144/02520 (5.71%) | loss: 4.151869 | lrm: 1.00 | dt: 19679.57ms | tok/sec: 26,641 | bf16_mfu: 0.00 | epoch: 1 pq: 1 rg: 59 | total time: 44.35m | eta: 786.3m
step 00145/02520 (5.75%) | loss: 4.132664 | lrm: 1.00 | dt: 19808.52ms | tok/sec: 26,467 | bf16_mfu: 0.00 | epoch: 1 pq: 1 rg: 60 | total time: 44.68m | eta: 786.0m
step 00146/02520 (5.79%) | loss: 4.140187 | lrm: 1.00 | dt: 21062.06ms | tok/sec: 24,892 | bf16_mfu: 0.00 | epoch: 1 pq: 1 rg: 61 | total time: 45.03m | eta: 786.0m
step 00147/02520 (5.83%) | loss: 4.124028 | lrm: 1.00 | dt: 19834.91ms | tok/sec: 26,432 | bf16_mfu: 0.00 | epoch: 1 pq: 1 rg: 62 | total time: 45.36m | eta: 785.6m
step 00148/02520 (5.87%) | loss: 4.109476 | lrm: 1.00 | dt: 19861.89ms | tok/sec: 26,396 | bf16_mfu: 0.00 | epoch: 1 pq: 1 rg: 63 | total time: 45.69m | eta: 785.3m
step 00149/02520 (5.91%) | loss: 4.111093 | lrm: 1.00 | dt: 21008.61ms | tok/sec: 24,955 | bf16_mfu: 0.00 | epoch: 1 pq: 1 rg: 64 | total time: 46.04m | eta: 785.3m
step 00150/02520 (5.95%) | loss: 4.075962 | lrm: 1.00 | dt: 19863.54ms | tok/sec: 26,394 | bf16_mfu: 0.00 | epoch: 1 pq: 1 rg: 65 | total time: 46.37m | eta: 785.0m
step 00151/02520 (5.99%) | loss: 4.083695 | lrm: 1.00 | dt: 19870.49ms | tok/sec: 26,385 | bf16_mfu: 0.00 | epoch: 1 pq: 1 rg: 66 | total time: 46.70m | eta: 784.6m
step 00152/02520 (6.03%) | loss: 4.059403 | lrm: 1.00 | dt: 21004.76ms | tok/sec: 24,960 | bf16_mfu: 0.00 | epoch: 1 pq: 1 rg: 67 | total time: 47.05m | eta: 784.6m
step 00153/02520 (6.07%) | loss: 4.045114 | lrm: 1.00 | dt: 19855.70ms | tok/sec: 26,404 | bf16_mfu: 0.00 | epoch: 1 pq: 1 rg: 68 | total time: 47.38m | eta: 784.3m
step 00154/02520 (6.11%) | loss: 4.038019 | lrm: 1.00 | dt: 19787.12ms | tok/sec: 26,496 | bf16_mfu: 0.00 | epoch: 1 pq: 1 rg: 69 | total time: 47.71m | eta: 783.9m
step 00155/02520 (6.15%) | loss: 4.026040 | lrm: 1.00 | dt: 20972.65ms | tok/sec: 24,998 | bf16_mfu: 0.00 | epoch: 1 pq: 1 rg: 70 | total time: 48.06m | eta: 783.9m
step 00156/02520 (6.19%) | loss: 4.026942 | lrm: 1.00 | dt: 19788.95ms | tok/sec: 26,493 | bf16_mfu: 0.00 | epoch: 1 pq: 1 rg: 71 | total time: 48.39m | eta: 783.5m
step 00157/02520 (6.23%) | loss: 4.020145 | lrm: 1.00 | dt: 19925.06ms | tok/sec: 26,313 | bf16_mfu: 0.00 | epoch: 1 pq: 1 rg: 72 | total time: 48.72m | eta: 783.2m
step 00158/02520 (6.27%) | loss: 3.994429 | lrm: 1.00 | dt: 21029.66ms | tok/sec: 24,930 | bf16_mfu: 0.00 | epoch: 1 pq: 1 rg: 73 | total time: 49.07m | eta: 783.2m
step 00159/02520 (6.31%) | loss: 3.981072 | lrm: 1.00 | dt: 19754.83ms | tok/sec: 26,539 | bf16_mfu: 0.00 | epoch: 1 pq: 1 rg: 74 | total time: 49.40m | eta: 782.8m
step 00160/02520 (6.35%) | loss: 3.972666 | lrm: 1.00 | dt: 20924.06ms | tok/sec: 25,056 | bf16_mfu: 0.00 | epoch: 1 pq: 1 rg: 75 | total time: 49.75m | eta: 782.8m
step 00161/02520 (6.39%) | loss: 3.932473 | lrm: 1.00 | dt: 19771.17ms | tok/sec: 26,517 | bf16_mfu: 0.00 | epoch: 1 pq: 1 rg: 76 | total time: 50.08m | eta: 782.4m
step 00162/02520 (6.43%) | loss: 3.923461 | lrm: 1.00 | dt: 19782.17ms | tok/sec: 26,503 | bf16_mfu: 0.00 | epoch: 1 pq: 1 rg: 77 | total time: 50.41m | eta: 782.0m
step 00163/02520 (6.47%) | loss: 3.903070 | lrm: 1.00 | dt: 21013.02ms | tok/sec: 24,950 | bf16_mfu: 0.00 | epoch: 1 pq: 1 rg: 78 | total time: 50.76m | eta: 782.0m
step 00164/02520 (6.51%) | loss: 3.939122 | lrm: 1.00 | dt: 19775.76ms | tok/sec: 26,511 | bf16_mfu: 0.00 | epoch: 1 pq: 1 rg: 79 | total time: 51.09m | eta: 781.6m
step 00165/02520 (6.55%) | loss: 3.919266 | lrm: 1.00 | dt: 19868.30ms | tok/sec: 26,388 | bf16_mfu: 0.00 | epoch: 1 pq: 1 rg: 80 | total time: 51.42m | eta: 781.3m
step 00166/02520 (6.59%) | loss: 3.941509 | lrm: 1.00 | dt: 21090.71ms | tok/sec: 24,858 | bf16_mfu: 0.00 | epoch: 1 pq: 1 rg: 81 | total time: 51.77m | eta: 781.2m
step 00167/02520 (6.63%) | loss: 3.949061 | lrm: 1.00 | dt: 19774.29ms | tok/sec: 26,513 | bf16_mfu: 0.00 | epoch: 1 pq: 1 rg: 82 | total time: 52.10m | eta: 780.9m
step 00168/02520 (6.67%) | loss: 3.916487 | lrm: 1.00 | dt: 19829.85ms | tok/sec: 26,439 | bf16_mfu: 0.00 | epoch: 1 pq: 1 rg: 83 | total time: 52.43m | eta: 780.5m
step 00169/02520 (6.71%) | loss: 3.926790 | lrm: 1.00 | dt: 21077.58ms | tok/sec: 24,874 | bf16_mfu: 0.00 | epoch: 1 pq: 2 rg: 0 | total time: 52.78m | eta: 780.5m
step 00170/02520 (6.75%) | loss: 3.918455 | lrm: 1.00 | dt: 19806.69ms | tok/sec: 26,470 | bf16_mfu: 0.00 | epoch: 1 pq: 2 rg: 1 | total time: 53.11m | eta: 780.1m
step 00171/02520 (6.79%) | loss: 3.911438 | lrm: 1.00 | dt: 19793.66ms | tok/sec: 26,487 | bf16_mfu: 0.00 | epoch: 1 pq: 2 rg: 2 | total time: 53.44m | eta: 779.8m
step 00172/02520 (6.83%) | loss: 3.918495 | lrm: 1.00 | dt: 21008.09ms | tok/sec: 24,956 | bf16_mfu: 0.00 | epoch: 1 pq: 2 rg: 3 | total time: 53.79m | eta: 779.7m
step 00173/02520 (6.87%) | loss: 3.876644 | lrm: 1.00 | dt: 19768.47ms | tok/sec: 26,521 | bf16_mfu: 0.00 | epoch: 1 pq: 2 rg: 4 | total time: 54.12m | eta: 779.3m
step 00174/02520 (6.90%) | loss: 3.832612 | lrm: 1.00 | dt: 19821.72ms | tok/sec: 26,450 | bf16_mfu: 0.00 | epoch: 1 pq: 2 rg: 5 | total time: 54.45m | eta: 779.0m
step 00175/02520 (6.94%) | loss: 3.805764 | lrm: 1.00 | dt: 21026.89ms | tok/sec: 24,934 | bf16_mfu: 0.00 | epoch: 1 pq: 2 rg: 6 | total time: 54.80m | eta: 778.9m
step 00176/02520 (6.98%) | loss: 3.806034 | lrm: 1.00 | dt: 19792.37ms | tok/sec: 26,489 | bf16_mfu: 0.00 | epoch: 1 pq: 2 rg: 7 | total time: 55.13m | eta: 778.5m
step 00177/02520 (7.02%) | loss: 3.800255 | lrm: 1.00 | dt: 19950.61ms | tok/sec: 26,279 | bf16_mfu: 0.00 | epoch: 1 pq: 2 rg: 7 | total time: 55.47m | eta: 778.2m
step 00178/02520 (7.06%) | loss: 3.796873 | lrm: 1.00 | dt: 21046.46ms | tok/sec: 24,910 | bf16_mfu: 0.00 | epoch: 1 pq: 2 rg: 8 | total time: 55.82m | eta: 778.1m
step 00179/02520 (7.10%) | loss: 3.782965 | lrm: 1.00 | dt: 19775.47ms | tok/sec: 26,512 | bf16_mfu: 0.00 | epoch: 1 pq: 2 rg: 9 | total time: 56.15m | eta: 777.8m
step 00180/02520 (7.14%) | loss: 3.774793 | lrm: 1.00 | dt: 19765.52ms | tok/sec: 26,525 | bf16_mfu: 0.00 | epoch: 1 pq: 2 rg: 10 | total time: 56.48m | eta: 777.4m
step 00181/02520 (7.18%) | loss: 3.782777 | lrm: 1.00 | dt: 21015.61ms | tok/sec: 24,947 | bf16_mfu: 0.00 | epoch: 1 pq: 2 rg: 11 | total time: 56.83m | eta: 777.3m
step 00182/02520 (7.22%) | loss: 3.780333 | lrm: 1.00 | dt: 19769.44ms | tok/sec: 26,520 | bf16_mfu: 0.00 | epoch: 1 pq: 2 rg: 12 | total time: 57.16m | eta: 776.9m
step 00183/02520 (7.26%) | loss: 3.816160 | lrm: 1.00 | dt: 21081.76ms | tok/sec: 24,869 | bf16_mfu: 0.00 | epoch: 1 pq: 2 rg: 13 | total time: 57.51m | eta: 776.9m
step 00184/02520 (7.30%) | loss: 3.819586 | lrm: 1.00 | dt: 19809.61ms | tok/sec: 26,466 | bf16_mfu: 0.00 | epoch: 1 pq: 2 rg: 14 | total time: 57.84m | eta: 776.5m
step 00185/02520 (7.34%) | loss: 3.802340 | lrm: 1.00 | dt: 19755.90ms | tok/sec: 26,538 | bf16_mfu: 0.00 | epoch: 1 pq: 2 rg: 15 | total time: 58.17m | eta: 776.1m
step 00186/02520 (7.38%) | loss: 3.782761 | lrm: 1.00 | dt: 20995.77ms | tok/sec: 24,971 | bf16_mfu: 0.00 | epoch: 1 pq: 2 rg: 16 | total time: 58.52m | eta: 776.0m
step 00187/02520 (7.42%) | loss: 3.783926 | lrm: 1.00 | dt: 19763.14ms | tok/sec: 26,528 | bf16_mfu: 0.00 | epoch: 1 pq: 2 rg: 17 | total time: 58.85m | eta: 775.6m
step 00188/02520 (7.46%) | loss: 3.766987 | lrm: 1.00 | dt: 19766.07ms | tok/sec: 26,524 | bf16_mfu: 0.00 | epoch: 1 pq: 2 rg: 18 | total time: 59.18m | eta: 775.3m
step 00189/02520 (7.50%) | loss: 3.777687 | lrm: 1.00 | dt: 21161.59ms | tok/sec: 24,775 | bf16_mfu: 0.00 | epoch: 1 pq: 2 rg: 19 | total time: 59.53m | eta: 775.2m
step 00190/02520 (7.54%) | loss: 3.779850 | lrm: 1.00 | dt: 19707.43ms | tok/sec: 26,603 | bf16_mfu: 0.00 | epoch: 1 pq: 2 rg: 20 | total time: 59.86m | eta: 774.8m
step 00191/02520 (7.58%) | loss: 3.766767 | lrm: 1.00 | dt: 19926.86ms | tok/sec: 26,310 | bf16_mfu: 0.00 | epoch: 1 pq: 2 rg: 21 | total time: 60.19m | eta: 774.5m
step 00192/02520 (7.62%) | loss: 3.741527 | lrm: 1.00 | dt: 21041.91ms | tok/sec: 24,916 | bf16_mfu: 0.00 | epoch: 1 pq: 2 rg: 22 | total time: 60.54m | eta: 774.4m
step 00193/02520 (7.66%) | loss: 3.721973 | lrm: 1.00 | dt: 19888.55ms | tok/sec: 26,361 | bf16_mfu: 0.00 | epoch: 1 pq: 2 rg: 23 | total time: 60.87m | eta: 774.0m
step 00194/02520 (7.70%) | loss: 3.747673 | lrm: 1.00 | dt: 19761.33ms | tok/sec: 26,531 | bf16_mfu: 0.00 | epoch: 1 pq: 2 rg: 24 | total time: 61.20m | eta: 773.7m
step 00195/02520 (7.74%) | loss: 3.754147 | lrm: 1.00 | dt: 21076.68ms | tok/sec: 24,875 | bf16_mfu: 0.00 | epoch: 1 pq: 2 rg: 25 | total time: 61.55m | eta: 773.6m
step 00196/02520 (7.78%) | loss: 3.753914 | lrm: 1.00 | dt: 19735.76ms | tok/sec: 26,565 | bf16_mfu: 0.00 | epoch: 1 pq: 2 rg: 26 | total time: 61.88m | eta: 773.2m
step 00197/02520 (7.82%) | loss: 3.758710 | lrm: 1.00 | dt: 19863.98ms | tok/sec: 26,393 | bf16_mfu: 0.00 | epoch: 1 pq: 2 rg: 27 | total time: 62.21m | eta: 772.8m
step 00198/02520 (7.86%) | loss: 3.756867 | lrm: 1.00 | dt: 21069.05ms | tok/sec: 24,884 | bf16_mfu: 0.00 | epoch: 1 pq: 2 rg: 28 | total time: 62.56m | eta: 772.7m
step 00199/02520 (7.90%) | loss: 3.742518 | lrm: 1.00 | dt: 19764.36ms | tok/sec: 26,526 | bf16_mfu: 0.00 | epoch: 1 pq: 2 rg: 29 | total time: 62.89m | eta: 772.4m
step 00200/02520 (7.94%) | loss: 3.762319 | lrm: 1.00 | dt: 19744.13ms | tok/sec: 26,554 | bf16_mfu: 0.00 | epoch: 1 pq: 2 rg: 30 | total time: 63.22m | eta: 772.0m
step 00201/02520 (7.98%) | loss: 3.745472 | lrm: 1.00 | dt: 21081.68ms | tok/sec: 24,869 | bf16_mfu: 0.00 | epoch: 1 pq: 2 rg: 31 | total time: 63.57m | eta: 771.9m
step 00202/02520 (8.02%) | loss: 3.754189 | lrm: 1.00 | dt: 19677.82ms | tok/sec: 26,643 | bf16_mfu: 0.00 | epoch: 1 pq: 2 rg: 32 | total time: 63.90m | eta: 771.5m
step 00203/02520 (8.06%) | loss: 3.752066 | lrm: 1.00 | dt: 19751.35ms | tok/sec: 26,544 | bf16_mfu: 0.00 | epoch: 1 pq: 2 rg: 33 | total time: 64.23m | eta: 771.1m
step 00204/02520 (8.10%) | loss: 3.752215 | lrm: 1.00 | dt: 21115.87ms | tok/sec: 24,829 | bf16_mfu: 0.00 | epoch: 1 pq: 2 rg: 34 | total time: 64.58m | eta: 771.0m
step 00205/02520 (8.13%) | loss: 3.744390 | lrm: 1.00 | dt: 19779.35ms | tok/sec: 26,506 | bf16_mfu: 0.00 | epoch: 1 pq: 2 rg: 35 | total time: 64.91m | eta: 770.6m
step 00206/02520 (8.17%) | loss: 3.748174 | lrm: 1.00 | dt: 19752.96ms | tok/sec: 26,542 | bf16_mfu: 0.00 | epoch: 1 pq: 2 rg: 36 | total time: 65.24m | eta: 770.2m
step 00207/02520 (8.21%) | loss: 3.737260 | lrm: 1.00 | dt: 21060.48ms | tok/sec: 24,894 | bf16_mfu: 0.00 | epoch: 1 pq: 2 rg: 36 | total time: 65.59m | eta: 770.1m
step 00208/02520 (8.25%) | loss: 3.741284 | lrm: 1.00 | dt: 19765.10ms | tok/sec: 26,525 | bf16_mfu: 0.00 | epoch: 1 pq: 2 rg: 37 | total time: 65.92m | eta: 769.8m
step 00209/02520 (8.29%) | loss: 3.762052 | lrm: 1.00 | dt: 21152.38ms | tok/sec: 24,786 | bf16_mfu: 0.00 | epoch: 1 pq: 2 rg: 38 | total time: 66.27m | eta: 769.6m
step 00210/02520 (8.33%) | loss: 3.756233 | lrm: 1.00 | dt: 19795.96ms | tok/sec: 26,484 | bf16_mfu: 0.00 | epoch: 1 pq: 2 rg: 39 | total time: 66.60m | eta: 769.3m
step 00211/02520 (8.37%) | loss: 3.746554 | lrm: 1.00 | dt: 19749.27ms | tok/sec: 26,547 | bf16_mfu: 0.00 | epoch: 1 pq: 2 rg: 40 | total time: 66.93m | eta: 768.9m
step 00212/02520 (8.41%) | loss: 3.726594 | lrm: 1.00 | dt: 21044.02ms | tok/sec: 24,913 | bf16_mfu: 0.00 | epoch: 1 pq: 2 rg: 41 | total time: 67.28m | eta: 768.8m
step 00213/02520 (8.45%) | loss: 3.727974 | lrm: 1.00 | dt: 19794.11ms | tok/sec: 26,487 | bf16_mfu: 0.00 | epoch: 1 pq: 2 rg: 42 | total time: 67.61m | eta: 768.4m
step 00214/02520 (8.49%) | loss: 3.716125 | lrm: 1.00 | dt: 19766.22ms | tok/sec: 26,524 | bf16_mfu: 0.00 | epoch: 1 pq: 2 rg: 43 | total time: 67.94m | eta: 768.0m
step 00215/02520 (8.53%) | loss: 3.735189 | lrm: 1.00 | dt: 21070.97ms | tok/sec: 24,882 | bf16_mfu: 0.00 | epoch: 1 pq: 2 rg: 44 | total time: 68.29m | eta: 767.9m
step 00216/02520 (8.57%) | loss: 3.752267 | lrm: 1.00 | dt: 19171.77ms | tok/sec: 27,346 | bf16_mfu: 0.00 | epoch: 1 pq: 2 rg: 45 | total time: 68.61m | eta: 767.4m
step 00217/02520 (8.61%) | loss: 3.739438 | lrm: 1.00 | dt: 21088.51ms | tok/sec: 24,861 | bf16_mfu: 0.00 | epoch: 1 pq: 2 rg: 46 | total time: 68.97m | eta: 767.3m
step 00218/02520 (8.65%) | loss: 3.708996 | lrm: 1.00 | dt: 19841.03ms | tok/sec: 26,424 | bf16_mfu: 0.00 | epoch: 1 pq: 2 rg: 47 | total time: 69.30m | eta: 766.9m
step 00219/02520 (8.69%) | loss: 3.698591 | lrm: 1.00 | dt: 19661.05ms | tok/sec: 26,666 | bf16_mfu: 0.00 | epoch: 1 pq: 2 rg: 48 | total time: 69.62m | eta: 766.5m
step 00220/02520 (8.73%) | loss: 3.709607 | lrm: 1.00 | dt: 21058.99ms | tok/sec: 24,896 | bf16_mfu: 0.00 | epoch: 1 pq: 2 rg: 49 | total time: 69.97m | eta: 766.4m
step 00221/02520 (8.77%) | loss: 3.705530 | lrm: 1.00 | dt: 19830.95ms | tok/sec: 26,437 | bf16_mfu: 0.00 | epoch: 1 pq: 2 rg: 50 | total time: 70.31m | eta: 766.0m
step 00222/02520 (8.81%) | loss: 3.715394 | lrm: 1.00 | dt: 21047.35ms | tok/sec: 24,909 | bf16_mfu: 0.00 | epoch: 1 pq: 2 rg: 51 | total time: 70.66m | eta: 765.9m
step 00223/02520 (8.85%) | loss: 3.672998 | lrm: 1.00 | dt: 19832.57ms | tok/sec: 26,435 | bf16_mfu: 0.00 | epoch: 1 pq: 2 rg: 52 | total time: 70.99m | eta: 765.5m
step 00224/02520 (8.89%) | loss: 3.686660 | lrm: 1.00 | dt: 19898.02ms | tok/sec: 26,348 | bf16_mfu: 0.00 | epoch: 1 pq: 2 rg: 53 | total time: 71.32m | eta: 765.2m
step 00225/02520 (8.93%) | loss: 3.672377 | lrm: 1.00 | dt: 21121.96ms | tok/sec: 24,821 | bf16_mfu: 0.00 | epoch: 1 pq: 2 rg: 54 | total time: 71.67m | eta: 765.0m
step 00226/02520 (8.97%) | loss: 3.660456 | lrm: 1.00 | dt: 19866.53ms | tok/sec: 26,390 | bf16_mfu: 0.00 | epoch: 1 pq: 2 rg: 55 | total time: 72.00m | eta: 764.7m
step 00227/02520 (9.01%) | loss: 3.650773 | lrm: 1.00 | dt: 19760.32ms | tok/sec: 26,532 | bf16_mfu: 0.00 | epoch: 1 pq: 2 rg: 56 | total time: 72.33m | eta: 764.3m
step 00228/02520 (9.05%) | loss: 3.622537 | lrm: 1.00 | dt: 21017.89ms | tok/sec: 24,944 | bf16_mfu: 0.00 | epoch: 1 pq: 2 rg: 57 | total time: 72.68m | eta: 764.2m
step 00229/02520 (9.09%) | loss: 3.623357 | lrm: 1.00 | dt: 19806.04ms | tok/sec: 26,471 | bf16_mfu: 0.00 | epoch: 1 pq: 2 rg: 58 | total time: 73.01m | eta: 763.8m
step 00230/02520 (9.13%) | loss: 3.631388 | lrm: 1.00 | dt: 19894.35ms | tok/sec: 26,353 | bf16_mfu: 0.00 | epoch: 1 pq: 2 rg: 59 | total time: 73.34m | eta: 763.4m
step 00231/02520 (9.17%) | loss: 3.624236 | lrm: 1.00 | dt: 21041.18ms | tok/sec: 24,917 | bf16_mfu: 0.00 | epoch: 1 pq: 2 rg: 60 | total time: 73.69m | eta: 763.3m
step 00232/02520 (9.21%) | loss: 3.605768 | lrm: 1.00 | dt: 19779.57ms | tok/sec: 26,506 | bf16_mfu: 0.00 | epoch: 1 pq: 2 rg: 61 | total time: 74.02m | eta: 762.9m
step 00233/02520 (9.25%) | loss: 3.590294 | lrm: 1.00 | dt: 19796.29ms | tok/sec: 26,484 | bf16_mfu: 0.00 | epoch: 1 pq: 2 rg: 62 | total time: 74.35m | eta: 762.5m
step 00234/02520 (9.29%) | loss: 3.591318 | lrm: 1.00 | dt: 21089.37ms | tok/sec: 24,860 | bf16_mfu: 0.00 | epoch: 1 pq: 2 rg: 63 | total time: 74.70m | eta: 762.4m
step 00235/02520 (9.33%) | loss: 3.607122 | lrm: 1.00 | dt: 19764.90ms | tok/sec: 26,526 | bf16_mfu: 0.00 | epoch: 1 pq: 2 rg: 64 | total time: 75.03m | eta: 762.0m
step 00236/02520 (9.37%) | loss: 3.617494 | lrm: 1.00 | dt: 19771.57ms | tok/sec: 26,517 | bf16_mfu: 0.00 | epoch: 1 pq: 2 rg: 65 | total time: 75.36m | eta: 761.6m
step 00237/02520 (9.40%) | loss: 3.658674 | lrm: 1.00 | dt: 21075.29ms | tok/sec: 24,876 | bf16_mfu: 0.00 | epoch: 1 pq: 2 rg: 66 | total time: 75.71m | eta: 761.5m
step 00238/02520 (9.44%) | loss: 3.656060 | lrm: 1.00 | dt: 19754.31ms | tok/sec: 26,540 | bf16_mfu: 0.00 | epoch: 1 pq: 2 rg: 67 | total time: 76.04m | eta: 761.1m
step 00239/02520 (9.48%) | loss: 3.670519 | lrm: 1.00 | dt: 19768.97ms | tok/sec: 26,520 | bf16_mfu: 0.00 | epoch: 1 pq: 2 rg: 68 | total time: 76.37m | eta: 760.7m
step 00240/02520 (9.52%) | loss: 3.634446 | lrm: 1.00 | dt: 21129.23ms | tok/sec: 24,813 | bf16_mfu: 0.00 | epoch: 1 pq: 2 rg: 69 | total time: 76.73m | eta: 760.6m
step 00241/02520 (9.56%) | loss: 3.639961 | lrm: 1.00 | dt: 19646.39ms | tok/sec: 26,686 | bf16_mfu: 0.00 | epoch: 1 pq: 2 rg: 70 | total time: 77.05m | eta: 760.2m
step 00242/02520 (9.60%) | loss: 3.621291 | lrm: 1.00 | dt: 19759.10ms | tok/sec: 26,534 | bf16_mfu: 0.00 | epoch: 1 pq: 2 rg: 70 | total time: 77.38m | eta: 759.8m
step 00243/02520 (9.64%) | loss: 3.649808 | lrm: 1.00 | dt: 21041.51ms | tok/sec: 24,916 | bf16_mfu: 0.00 | epoch: 1 pq: 2 rg: 71 | total time: 77.73m | eta: 759.6m
step 00244/02520 (9.68%) | loss: 3.661834 | lrm: 1.00 | dt: 19817.21ms | tok/sec: 26,456 | bf16_mfu: 0.00 | epoch: 1 pq: 2 rg: 72 | total time: 78.06m | eta: 759.3m
step 00245/02520 (9.72%) | loss: 3.649346 | lrm: 1.00 | dt: 19758.27ms | tok/sec: 26,535 | bf16_mfu: 0.00 | epoch: 1 pq: 2 rg: 73 | total time: 78.39m | eta: 758.9m
step 00246/02520 (9.76%) | loss: 3.643060 | lrm: 1.00 | dt: 21088.20ms | tok/sec: 24,861 | bf16_mfu: 0.00 | epoch: 1 pq: 2 rg: 74 | total time: 78.74m | eta: 758.7m
step 00247/02520 (9.80%) | loss: 3.654768 | lrm: 1.00 | dt: 19771.45ms | tok/sec: 26,517 | bf16_mfu: 0.00 | epoch: 1 pq: 2 rg: 75 | total time: 79.07m | eta: 758.4m
step 00248/02520 (9.84%) | loss: 3.650432 | lrm: 1.00 | dt: 21116.19ms | tok/sec: 24,828 | bf16_mfu: 0.00 | epoch: 1 pq: 2 rg: 76 | total time: 79.43m | eta: 758.2m
step 00249/02520 (9.88%) | loss: 3.603741 | lrm: 1.00 | dt: 19635.89ms | tok/sec: 26,700 | bf16_mfu: 0.00 | epoch: 1 pq: 2 rg: 77 | total time: 79.75m | eta: 757.8m
2026-09-24 17:57:14,139 - nanochat.checkpoint_manager - [32m[1mINFO[0m - Saved model parameters to: /home/wesley/.cache/nanochat/base_checkpoints/d12/model_000250.pt
2026-09-24 17:57:14,139 - nanochat.checkpoint_manager - [32m[1mINFO[0m - Saved metadata to: /home/wesley/.cache/nanochat/base_checkpoints/d12/meta_000250.json
2026-09-24 17:57:15,722 - nanochat.checkpoint_manager - [32m[1mINFO[0m - Saved optimizer state to: /home/wesley/.cache/nanochat/base_checkpoints/d12/optim_000250_rank0.pt
step 00250/02520 (9.92%) | loss: 3.616999 | lrm: 1.00 | dt: 19998.35ms | tok/sec: 26,216 | bf16_mfu: 0.00 | epoch: 1 pq: 2 rg: 78 | total time: 80.09m | eta: 757.5m
step 00251/02520 (9.96%) | loss: 3.625627 | lrm: 1.00 | dt: 19770.40ms | tok/sec: 26,518 | bf16_mfu: 0.00 | epoch: 1 pq: 2 rg: 79 | total time: 80.42m | eta: 757.1m
step 00252/02520 (10.00%) | loss: 3.610102 | lrm: 1.00 | dt: 21140.33ms | tok/sec: 24,800 | bf16_mfu: 0.00 | epoch: 1 pq: 2 rg: 80 | total time: 80.77m | eta: 757.0m
step 00253/02520 (10.04%) | loss: 3.600891 | lrm: 1.00 | dt: 19697.99ms | tok/sec: 26,616 | bf16_mfu: 0.00 | epoch: 1 pq: 2 rg: 81 | total time: 81.10m | eta: 756.6m
step 00254/02520 (10.08%) | loss: 3.628529 | lrm: 1.00 | dt: 21149.47ms | tok/sec: 24,789 | bf16_mfu: 0.00 | epoch: 1 pq: 2 rg: 82 | total time: 81.45m | eta: 756.4m
step 00255/02520 (10.12%) | loss: 3.631826 | lrm: 1.00 | dt: 19765.11ms | tok/sec: 26,525 | bf16_mfu: 0.00 | epoch: 1 pq: 3 rg: 0 | total time: 81.78m | eta: 756.0m
step 00256/02520 (10.16%) | loss: 3.621708 | lrm: 1.00 | dt: 19745.41ms | tok/sec: 26,552 | bf16_mfu: 0.00 | epoch: 1 pq: 3 rg: 1 | total time: 82.11m | eta: 755.7m
step 00257/02520 (10.20%) | loss: 3.624969 | lrm: 1.00 | dt: 21074.21ms | tok/sec: 24,878 | bf16_mfu: 0.00 | epoch: 1 pq: 3 rg: 2 | total time: 82.46m | eta: 755.5m
step 00258/02520 (10.24%) | loss: 3.595661 | lrm: 1.00 | dt: 19824.25ms | tok/sec: 26,446 | bf16_mfu: 0.00 | epoch: 1 pq: 3 rg: 3 | total time: 82.79m | eta: 755.1m
step 00259/02520 (10.28%) | loss: 3.610374 | lrm: 1.00 | dt: 19863.11ms | tok/sec: 26,395 | bf16_mfu: 0.00 | epoch: 1 pq: 3 rg: 4 | total time: 83.12m | eta: 754.8m
step 00260/02520 (10.32%) | loss: 3.581229 | lrm: 1.00 | dt: 21129.53ms | tok/sec: 24,813 | bf16_mfu: 0.00 | epoch: 1 pq: 3 rg: 5 | total time: 83.47m | eta: 754.6m
step 00261/02520 (10.36%) | loss: 3.567845 | lrm: 1.00 | dt: 19695.42ms | tok/sec: 26,619 | bf16_mfu: 0.00 | epoch: 1 pq: 3 rg: 6 | total time: 83.80m | eta: 754.2m
step 00262/02520 (10.40%) | loss: 3.548295 | lrm: 1.00 | dt: 19846.33ms | tok/sec: 26,417 | bf16_mfu: 0.00 | epoch: 1 pq: 3 rg: 7 | total time: 84.13m | eta: 753.8m
step 00263/02520 (10.44%) | loss: 3.558300 | lrm: 1.00 | dt: 21060.85ms | tok/sec: 24,893 | bf16_mfu: 0.00 | epoch: 1 pq: 3 rg: 8 | total time: 84.48m | eta: 753.7m
step 00264/02520 (10.48%) | loss: 3.548648 | lrm: 1.00 | dt: 19736.88ms | tok/sec: 26,563 | bf16_mfu: 0.00 | epoch: 1 pq: 3 rg: 9 | total time: 84.81m | eta: 753.3m
step 00265/02520 (10.52%) | loss: 3.552738 | lrm: 1.00 | dt: 19800.99ms | tok/sec: 26,477 | bf16_mfu: 0.00 | epoch: 1 pq: 3 rg: 10 | total time: 85.14m | eta: 752.9m
step 00266/02520 (10.56%) | loss: 3.560006 | lrm: 1.00 | dt: 21171.13ms | tok/sec: 24,764 | bf16_mfu: 0.00 | epoch: 1 pq: 3 rg: 11 | total time: 85.49m | eta: 752.7m
step 00267/02520 (10.60%) | loss: 3.565137 | lrm: 1.00 | dt: 19706.57ms | tok/sec: 26,604 | bf16_mfu: 0.00 | epoch: 1 pq: 3 rg: 12 | total time: 85.82m | eta: 752.4m
step 00268/02520 (10.63%) | loss: 3.565119 | lrm: 1.00 | dt: 19764.74ms | tok/sec: 26,526 | bf16_mfu: 0.00 | epoch: 1 pq: 3 rg: 12 | total time: 86.15m | eta: 752.0m
step 00269/02520 (10.67%) | loss: 3.554546 | lrm: 1.00 | dt: 21057.20ms | tok/sec: 24,898 | bf16_mfu: 0.00 | epoch: 1 pq: 3 rg: 13 | total time: 86.50m | eta: 751.8m
step 00270/02520 (10.71%) | loss: 3.547373 | lrm: 1.00 | dt: 21063.79ms | tok/sec: 24,890 | bf16_mfu: 0.00 | epoch: 1 pq: 3 rg: 14 | total time: 86.85m | eta: 751.6m
step 00271/02520 (10.75%) | loss: 3.525434 | lrm: 1.00 | dt: 19111.57ms | tok/sec: 27,433 | bf16_mfu: 0.00 | epoch: 1 pq: 3 rg: 15 | total time: 87.17m | eta: 751.2m
step 00272/02520 (10.79%) | loss: 3.517050 | lrm: 1.00 | dt: 19833.08ms | tok/sec: 26,435 | bf16_mfu: 0.00 | epoch: 1 pq: 3 rg: 16 | total time: 87.50m | eta: 750.8m
step 00273/02520 (10.83%) | loss: 3.524264 | lrm: 1.00 | dt: 21040.32ms | tok/sec: 24,918 | bf16_mfu: 0.00 | epoch: 1 pq: 3 rg: 17 | total time: 87.85m | eta: 750.6m
step 00274/02520 (10.87%) | loss: 3.510666 | lrm: 1.00 | dt: 19885.57ms | tok/sec: 26,365 | bf16_mfu: 0.00 | epoch: 1 pq: 3 rg: 18 | total time: 88.19m | eta: 750.2m
step 00275/02520 (10.91%) | loss: 3.550544 | lrm: 1.00 | dt: 19858.00ms | tok/sec: 26,401 | bf16_mfu: 0.00 | epoch: 1 pq: 3 rg: 19 | total time: 88.52m | eta: 749.9m
step 00276/02520 (10.95%) | loss: 3.547561 | lrm: 1.00 | dt: 21062.35ms | tok/sec: 24,892 | bf16_mfu: 0.00 | epoch: 1 pq: 3 rg: 20 | total time: 88.87m | eta: 749.7m
step 00277/02520 (10.99%) | loss: 3.544212 | lrm: 1.00 | dt: 19744.80ms | tok/sec: 26,553 | bf16_mfu: 0.00 | epoch: 1 pq: 3 rg: 21 | total time: 89.20m | eta: 749.3m
step 00278/02520 (11.03%) | loss: 3.545984 | lrm: 1.00 | dt: 19769.08ms | tok/sec: 26,520 | bf16_mfu: 0.00 | epoch: 1 pq: 3 rg: 22 | total time: 89.53m | eta: 748.9m
step 00279/02520 (11.07%) | loss: 3.524424 | lrm: 1.00 | dt: 21006.25ms | tok/sec: 24,958 | bf16_mfu: 0.00 | epoch: 1 pq: 3 rg: 23 | total time: 89.88m | eta: 748.7m
step 00280/02520 (11.11%) | loss: 3.524139 | lrm: 1.00 | dt: 19750.75ms | tok/sec: 26,545 | bf16_mfu: 0.00 | epoch: 1 pq: 3 rg: 24 | total time: 90.20m | eta: 748.4m
step 00281/02520 (11.15%) | loss: 3.527619 | lrm: 1.00 | dt: 21056.17ms | tok/sec: 24,899 | bf16_mfu: 0.00 | epoch: 1 pq: 3 rg: 25 | total time: 90.56m | eta: 748.2m
step 00282/02520 (11.19%) | loss: 3.518120 | lrm: 1.00 | dt: 19127.97ms | tok/sec: 27,409 | bf16_mfu: 0.00 | epoch: 1 pq: 3 rg: 26 | total time: 90.87m | eta: 747.7m
step 00283/02520 (11.23%) | loss: 3.495953 | lrm: 1.00 | dt: 21102.32ms | tok/sec: 24,845 | bf16_mfu: 0.00 | epoch: 1 pq: 3 rg: 27 | total time: 91.23m | eta: 747.5m
step 00284/02520 (11.27%) | loss: 3.511268 | lrm: 1.00 | dt: 19831.92ms | tok/sec: 26,436 | bf16_mfu: 0.00 | epoch: 1 pq: 3 rg: 28 | total time: 91.56m | eta: 747.2m
step 00285/02520 (11.31%) | loss: 3.540502 | lrm: 1.00 | dt: 19858.33ms | tok/sec: 26,401 | bf16_mfu: 0.00 | epoch: 1 pq: 3 rg: 29 | total time: 91.89m | eta: 746.8m
step 00286/02520 (11.35%) | loss: 3.549024 | lrm: 1.00 | dt: 21081.92ms | tok/sec: 24,869 | bf16_mfu: 0.00 | epoch: 1 pq: 3 rg: 30 | total time: 92.24m | eta: 746.6m
step 00287/02520 (11.39%) | loss: 3.552455 | lrm: 1.00 | dt: 19795.79ms | tok/sec: 26,484 | bf16_mfu: 0.00 | epoch: 1 pq: 3 rg: 31 | total time: 92.57m | eta: 746.2m
step 00288/02520 (11.43%) | loss: 3.538585 | lrm: 1.00 | dt: 19755.91ms | tok/sec: 26,538 | bf16_mfu: 0.00 | epoch: 1 pq: 3 rg: 32 | total time: 92.90m | eta: 745.9m
step 00289/02520 (11.47%) | loss: 3.543589 | lrm: 1.00 | dt: 21050.60ms | tok/sec: 24,906 | bf16_mfu: 0.00 | epoch: 1 pq: 3 rg: 33 | total time: 93.25m | eta: 745.7m
step 00290/02520 (11.51%) | loss: 3.541339 | lrm: 1.00 | dt: 19823.09ms | tok/sec: 26,448 | bf16_mfu: 0.00 | epoch: 1 pq: 3 rg: 34 | total time: 93.58m | eta: 745.3m
step 00291/02520 (11.55%) | loss: 3.552388 | lrm: 1.00 | dt: 19741.53ms | tok/sec: 26,557 | bf16_mfu: 0.00 | epoch: 1 pq: 3 rg: 35 | total time: 93.91m | eta: 744.9m
step 00292/02520 (11.59%) | loss: 3.550759 | lrm: 1.00 | dt: 21050.31ms | tok/sec: 24,906 | bf16_mfu: 0.00 | epoch: 1 pq: 3 rg: 36 | total time: 94.26m | eta: 744.7m
step 00293/02520 (11.63%) | loss: 3.532876 | lrm: 1.00 | dt: 19851.05ms | tok/sec: 26,411 | bf16_mfu: 0.00 | epoch: 1 pq: 3 rg: 37 | total time: 94.59m | eta: 744.4m
step 00294/02520 (11.67%) | loss: 3.514768 | lrm: 1.00 | dt: 19759.68ms | tok/sec: 26,533 | bf16_mfu: 0.00 | epoch: 1 pq: 3 rg: 38 | total time: 94.92m | eta: 744.0m
step 00295/02520 (11.71%) | loss: 3.494629 | lrm: 1.00 | dt: 21110.36ms | tok/sec: 24,835 | bf16_mfu: 0.00 | epoch: 1 pq: 3 rg: 39 | total time: 95.27m | eta: 743.8m
step 00296/02520 (11.75%) | loss: 3.526202 | lrm: 1.00 | dt: 19755.71ms | tok/sec: 26,538 | bf16_mfu: 0.00 | epoch: 1 pq: 3 rg: 40 | total time: 95.60m | eta: 743.4m
step 00297/02520 (11.79%) | loss: 3.509522 | lrm: 1.00 | dt: 19761.97ms | tok/sec: 26,530 | bf16_mfu: 0.00 | epoch: 1 pq: 3 rg: 41 | total time: 95.93m | eta: 743.0m
step 00298/02520 (11.83%) | loss: 3.506987 | lrm: 1.00 | dt: 21173.08ms | tok/sec: 24,762 | bf16_mfu: 0.00 | epoch: 1 pq: 3 rg: 42 | total time: 96.28m | eta: 742.9m
step 00299/02520 (11.87%) | loss: 3.516333 | lrm: 1.00 | dt: 19814.38ms | tok/sec: 26,459 | bf16_mfu: 0.00 | epoch: 1 pq: 3 rg: 43 | total time: 96.61m | eta: 742.5m
step 00300/02520 (11.90%) | loss: 3.518563 | lrm: 1.00 | dt: 19756.87ms | tok/sec: 26,536 | bf16_mfu: 0.00 | epoch: 1 pq: 3 rg: 44 | total time: 96.94m | eta: 742.1m
step 00301/02520 (11.94%) | loss: 3.505102 | lrm: 1.00 | dt: 21036.33ms | tok/sec: 24,922 | bf16_mfu: 0.00 | epoch: 1 pq: 3 rg: 45 | total time: 97.29m | eta: 741.9m
step 00302/02520 (11.98%) | loss: 3.517395 | lrm: 1.00 | dt: 19778.12ms | tok/sec: 26,508 | bf16_mfu: 0.00 | epoch: 1 pq: 3 rg: 46 | total time: 97.62m | eta: 741.5m
step 00303/02520 (12.02%) | loss: 3.549713 | lrm: 1.00 | dt: 19770.34ms | tok/sec: 26,518 | bf16_mfu: 0.00 | epoch: 1 pq: 3 rg: 47 | total time: 97.95m | eta: 741.2m
step 00304/02520 (12.06%) | loss: 3.530035 | lrm: 1.00 | dt: 21059.61ms | tok/sec: 24,895 | bf16_mfu: 0.00 | epoch: 1 pq: 3 rg: 47 | total time: 98.30m | eta: 741.0m
step 00305/02520 (12.10%) | loss: 3.519534 | lrm: 1.00 | dt: 19839.37ms | tok/sec: 26,426 | bf16_mfu: 0.00 | epoch: 1 pq: 3 rg: 48 | total time: 98.63m | eta: 740.6m
step 00306/02520 (12.14%) | loss: 3.498736 | lrm: 1.00 | dt: 19751.95ms | tok/sec: 26,543 | bf16_mfu: 0.00 | epoch: 1 pq: 3 rg: 49 | total time: 98.96m | eta: 740.2m
step 00307/02520 (12.18%) | loss: 3.514950 | lrm: 1.00 | dt: 21155.98ms | tok/sec: 24,782 | bf16_mfu: 0.00 | epoch: 1 pq: 3 rg: 50 | total time: 99.32m | eta: 740.0m
step 00308/02520 (12.22%) | loss: 3.524545 | lrm: 1.00 | dt: 19713.86ms | tok/sec: 26,594 | bf16_mfu: 0.00 | epoch: 1 pq: 3 rg: 51 | total time: 99.64m | eta: 739.6m
step 00309/02520 (12.26%) | loss: 3.530542 | lrm: 1.00 | dt: 21097.35ms | tok/sec: 24,850 | bf16_mfu: 0.00 | epoch: 1 pq: 3 rg: 52 | total time: 100.00m | eta: 739.4m
step 00310/02520 (12.30%) | loss: 3.523706 | lrm: 1.00 | dt: 19788.63ms | tok/sec: 26,494 | bf16_mfu: 0.00 | epoch: 1 pq: 3 rg: 53 | total time: 100.33m | eta: 739.1m
step 00311/02520 (12.34%) | loss: 3.512628 | lrm: 1.00 | dt: 19722.75ms | tok/sec: 26,582 | bf16_mfu: 0.00 | epoch: 1 pq: 3 rg: 54 | total time: 100.65m | eta: 738.7m
step 00312/02520 (12.38%) | loss: 3.516929 | lrm: 1.00 | dt: 21254.13ms | tok/sec: 24,667 | bf16_mfu: 0.00 | epoch: 1 pq: 3 rg: 55 | total time: 101.01m | eta: 738.5m
step 00313/02520 (12.42%) | loss: 3.501216 | lrm: 1.00 | dt: 19727.11ms | tok/sec: 26,577 | bf16_mfu: 0.00 | epoch: 1 pq: 3 rg: 56 | total time: 101.34m | eta: 738.1m
step 00314/02520 (12.46%) | loss: 3.495498 | lrm: 1.00 | dt: 19774.59ms | tok/sec: 26,513 | bf16_mfu: 0.00 | epoch: 1 pq: 3 rg: 57 | total time: 101.67m | eta: 737.8m
step 00315/02520 (12.50%) | loss: 3.502889 | lrm: 1.00 | dt: 21108.57ms | tok/sec: 24,837 | bf16_mfu: 0.00 | epoch: 1 pq: 3 rg: 58 | total time: 102.02m | eta: 737.5m
step 00316/02520 (12.54%) | loss: 3.468283 | lrm: 1.00 | dt: 19778.27ms | tok/sec: 26,508 | bf16_mfu: 0.00 | epoch: 1 pq: 3 rg: 59 | total time: 102.35m | eta: 737.2m
step 00317/02520 (12.58%) | loss: 3.446614 | lrm: 1.00 | dt: 19750.60ms | tok/sec: 26,545 | bf16_mfu: 0.00 | epoch: 1 pq: 3 rg: 60 | total time: 102.68m | eta: 736.8m
step 00318/02520 (12.62%) | loss: 3.450038 | lrm: 1.00 | dt: 21126.21ms | tok/sec: 24,816 | bf16_mfu: 0.00 | epoch: 1 pq: 3 rg: 61 | total time: 103.03m | eta: 736.6m
step 00319/02520 (12.66%) | loss: 3.432853 | lrm: 1.00 | dt: 19742.10ms | tok/sec: 26,556 | bf16_mfu: 0.00 | epoch: 1 pq: 3 rg: 62 | total time: 103.36m | eta: 736.2m
step 00320/02520 (12.70%) | loss: 3.410410 | lrm: 1.00 | dt: 19900.95ms | tok/sec: 26,344 | bf16_mfu: 0.00 | epoch: 1 pq: 3 rg: 63 | total time: 103.69m | eta: 735.9m
step 00321/02520 (12.74%) | loss: 3.385428 | lrm: 1.00 | dt: 21069.39ms | tok/sec: 24,883 | bf16_mfu: 0.00 | epoch: 1 pq: 3 rg: 64 | total time: 104.04m | eta: 735.7m
step 00322/02520 (12.78%) | loss: 3.397623 | lrm: 1.00 | dt: 19748.00ms | tok/sec: 26,548 | bf16_mfu: 0.00 | epoch: 1 pq: 3 rg: 65 | total time: 104.37m | eta: 735.3m
step 00323/02520 (12.82%) | loss: 3.412109 | lrm: 1.00 | dt: 19823.93ms | tok/sec: 26,447 | bf16_mfu: 0.00 | epoch: 1 pq: 3 rg: 66 | total time: 104.70m | eta: 734.9m
step 00324/02520 (12.86%) | loss: 3.430489 | lrm: 1.00 | dt: 21132.13ms | tok/sec: 24,809 | bf16_mfu: 0.00 | epoch: 1 pq: 3 rg: 67 | total time: 105.05m | eta: 734.7m
step 00325/02520 (12.90%) | loss: 3.435448 | lrm: 1.00 | dt: 19762.37ms | tok/sec: 26,529 | bf16_mfu: 0.00 | epoch: 1 pq: 3 rg: 68 | total time: 105.38m | eta: 734.3m
step 00326/02520 (12.94%) | loss: 3.454438 | lrm: 1.00 | dt: 19855.72ms | tok/sec: 26,404 | bf16_mfu: 0.00 | epoch: 1 pq: 3 rg: 69 | total time: 105.71m | eta: 734.0m
step 00327/02520 (12.98%) | loss: 3.455720 | lrm: 1.00 | dt: 21118.33ms | tok/sec: 24,826 | bf16_mfu: 0.00 | epoch: 1 pq: 3 rg: 70 | total time: 106.07m | eta: 733.8m
step 00328/02520 (13.02%) | loss: 3.462513 | lrm: 1.00 | dt: 19736.23ms | tok/sec: 26,564 | bf16_mfu: 0.00 | epoch: 1 pq: 3 rg: 71 | total time: 106.39m | eta: 733.4m
step 00329/02520 (13.06%) | loss: 3.477154 | lrm: 1.00 | dt: 19798.64ms | tok/sec: 26,481 | bf16_mfu: 0.00 | epoch: 1 pq: 3 rg: 71 | total time: 106.72m | eta: 733.0m
step 00330/02520 (13.10%) | loss: 3.456698 | lrm: 1.00 | dt: 21217.53ms | tok/sec: 24,710 | bf16_mfu: 0.00 | epoch: 1 pq: 3 rg: 72 | total time: 107.08m | eta: 732.8m
step 00331/02520 (13.13%) | loss: 3.436554 | lrm: 1.00 | dt: 19832.60ms | tok/sec: 26,435 | bf16_mfu: 0.00 | epoch: 1 pq: 3 rg: 73 | total time: 107.41m | eta: 732.5m
step 00332/02520 (13.17%) | loss: 3.435282 | lrm: 1.00 | dt: 19848.95ms | tok/sec: 26,413 | bf16_mfu: 0.00 | epoch: 1 pq: 3 rg: 74 | total time: 107.74m | eta: 732.1m
step 00333/02520 (13.21%) | loss: 3.428289 | lrm: 1.00 | dt: 21201.39ms | tok/sec: 24,728 | bf16_mfu: 0.00 | epoch: 1 pq: 3 rg: 75 | total time: 108.09m | eta: 731.9m
step 00334/02520 (13.25%) | loss: 3.431814 | lrm: 1.00 | dt: 19795.31ms | tok/sec: 26,485 | bf16_mfu: 0.00 | epoch: 1 pq: 3 rg: 76 | total time: 108.42m | eta: 731.5m
step 00335/02520 (13.29%) | loss: 3.431452 | lrm: 1.00 | dt: 19772.32ms | tok/sec: 26,516 | bf16_mfu: 0.00 | epoch: 1 pq: 3 rg: 77 | total time: 108.75m | eta: 731.2m
step 00336/02520 (13.33%) | loss: 3.413756 | lrm: 1.00 | dt: 21111.55ms | tok/sec: 24,834 | bf16_mfu: 0.00 | epoch: 1 pq: 3 rg: 78 | total time: 109.10m | eta: 730.9m
step 00337/02520 (13.37%) | loss: 3.426782 | lrm: 1.00 | dt: 19793.60ms | tok/sec: 26,487 | bf16_mfu: 0.00 | epoch: 1 pq: 3 rg: 79 | total time: 109.43m | eta: 730.6m
step 00338/02520 (13.41%) | loss: 3.425914 | lrm: 1.00 | dt: 21049.09ms | tok/sec: 24,907 | bf16_mfu: 0.00 | epoch: 1 pq: 3 rg: 80 | total time: 109.79m | eta: 730.3m
step 00339/02520 (13.45%) | loss: 3.416407 | lrm: 1.00 | dt: 19693.61ms | tok/sec: 26,622 | bf16_mfu: 0.00 | epoch: 1 pq: 3 rg: 81 | total time: 110.11m | eta: 730.0m
step 00340/02520 (13.49%) | loss: 3.425038 | lrm: 1.00 | dt: 19736.67ms | tok/sec: 26,564 | bf16_mfu: 0.00 | epoch: 1 pq: 4 rg: 0 | total time: 110.44m | eta: 729.6m
step 00341/02520 (13.53%) | loss: 3.433241 | lrm: 1.00 | dt: 21262.53ms | tok/sec: 24,657 | bf16_mfu: 0.00 | epoch: 1 pq: 4 rg: 1 | total time: 110.80m | eta: 729.4m
step 00342/02520 (13.57%) | loss: 3.437996 | lrm: 1.00 | dt: 19812.21ms | tok/sec: 26,462 | bf16_mfu: 0.00 | epoch: 1 pq: 4 rg: 2 | total time: 111.13m | eta: 729.0m
step 00343/02520 (13.61%) | loss: 3.443450 | lrm: 1.00 | dt: 19736.25ms | tok/sec: 26,564 | bf16_mfu: 0.00 | epoch: 1 pq: 4 rg: 3 | total time: 111.46m | eta: 728.6m
step 00344/02520 (13.65%) | loss: 3.427247 | lrm: 1.00 | dt: 21201.19ms | tok/sec: 24,729 | bf16_mfu: 0.00 | epoch: 1 pq: 4 rg: 4 | total time: 111.81m | eta: 728.4m
step 00345/02520 (13.69%) | loss: 3.445988 | lrm: 1.00 | dt: 19697.85ms | tok/sec: 26,616 | bf16_mfu: 0.00 | epoch: 1 pq: 4 rg: 5 | total time: 112.14m | eta: 728.1m
step 00346/02520 (13.73%) | loss: 3.432627 | lrm: 1.00 | dt: 19774.74ms | tok/sec: 26,513 | bf16_mfu: 0.00 | epoch: 1 pq: 4 rg: 6 | total time: 112.47m | eta: 727.7m
step 00347/02520 (13.77%) | loss: 3.439360 | lrm: 1.00 | dt: 21165.61ms | tok/sec: 24,770 | bf16_mfu: 0.00 | epoch: 1 pq: 4 rg: 7 | total time: 112.82m | eta: 727.5m
step 00348/02520 (13.81%) | loss: 3.446789 | lrm: 1.00 | dt: 19735.82ms | tok/sec: 26,565 | bf16_mfu: 0.00 | epoch: 1 pq: 4 rg: 8 | total time: 113.15m | eta: 727.1m
step 00349/02520 (13.85%) | loss: 3.430645 | lrm: 1.00 | dt: 19792.81ms | tok/sec: 26,488 | bf16_mfu: 0.00 | epoch: 1 pq: 4 rg: 9 | total time: 113.48m | eta: 726.7m
step 00350/02520 (13.89%) | loss: 3.410734 | lrm: 1.00 | dt: 21187.80ms | tok/sec: 24,744 | bf16_mfu: 0.00 | epoch: 1 pq: 4 rg: 10 | total time: 113.83m | eta: 726.5m
step 00351/02520 (13.93%) | loss: 3.413408 | lrm: 1.00 | dt: 19716.56ms | tok/sec: 26,591 | bf16_mfu: 0.00 | epoch: 1 pq: 4 rg: 11 | total time: 114.16m | eta: 726.1m
step 00352/02520 (13.97%) | loss: 3.423220 | lrm: 1.00 | dt: 19842.49ms | tok/sec: 26,422 | bf16_mfu: 0.00 | epoch: 1 pq: 4 rg: 12 | total time: 114.49m | eta: 725.8m
step 00353/02520 (14.01%) | loss: 3.423740 | lrm: 1.00 | dt: 21119.80ms | tok/sec: 24,824 | bf16_mfu: 0.00 | epoch: 1 pq: 4 rg: 13 | total time: 114.84m | eta: 725.6m
step 00354/02520 (14.05%) | loss: 3.412589 | lrm: 1.00 | dt: 19760.65ms | tok/sec: 26,531 | bf16_mfu: 0.00 | epoch: 1 pq: 4 rg: 14 | total time: 115.17m | eta: 725.2m
step 00355/02520 (14.09%) | loss: 3.417572 | lrm: 1.00 | dt: 19792.40ms | tok/sec: 26,489 | bf16_mfu: 0.00 | epoch: 1 pq: 4 rg: 15 | total time: 115.50m | eta: 724.8m
step 00356/02520 (14.13%) | loss: 3.421638 | lrm: 1.00 | dt: 21181.85ms | tok/sec: 24,751 | bf16_mfu: 0.00 | epoch: 1 pq: 4 rg: 16 | total time: 115.86m | eta: 724.6m
step 00357/02520 (14.17%) | loss: 3.399182 | lrm: 1.00 | dt: 19773.81ms | tok/sec: 26,514 | bf16_mfu: 0.00 | epoch: 1 pq: 4 rg: 16 | total time: 116.18m | eta: 724.2m
step 00358/02520 (14.21%) | loss: 3.401950 | lrm: 1.00 | dt: 19861.38ms | tok/sec: 26,397 | bf16_mfu: 0.00 | epoch: 1 pq: 4 rg: 17 | total time: 116.52m | eta: 723.9m
step 00359/02520 (14.25%) | loss: 3.420129 | lrm: 1.00 | dt: 21138.11ms | tok/sec: 24,802 | bf16_mfu: 0.00 | epoch: 1 pq: 4 rg: 18 | total time: 116.87m | eta: 723.6m
step 00360/02520 (14.29%) | loss: 3.412164 | lrm: 1.00 | dt: 19786.81ms | tok/sec: 26,496 | bf16_mfu: 0.00 | epoch: 1 pq: 4 rg: 19 | total time: 117.20m | eta: 723.3m
step 00361/02520 (14.33%) | loss: 3.410144 | lrm: 1.00 | dt: 19797.02ms | tok/sec: 26,483 | bf16_mfu: 0.00 | epoch: 1 pq: 4 rg: 20 | total time: 117.53m | eta: 722.9m
step 00362/02520 (14.37%) | loss: 3.424866 | lrm: 1.00 | dt: 21166.65ms | tok/sec: 24,769 | bf16_mfu: 0.00 | epoch: 1 pq: 4 rg: 21 | total time: 117.88m | eta: 722.7m
step 00363/02520 (14.40%) | loss: 3.414902 | lrm: 1.00 | dt: 19697.90ms | tok/sec: 26,616 | bf16_mfu: 0.00 | epoch: 1 pq: 4 rg: 22 | total time: 118.21m | eta: 722.3m
step 00364/02520 (14.44%) | loss: 3.410203 | lrm: 1.00 | dt: 19794.07ms | tok/sec: 26,487 | bf16_mfu: 0.00 | epoch: 1 pq: 4 rg: 23 | total time: 118.54m | eta: 721.9m
step 00365/02520 (14.48%) | loss: 3.405568 | lrm: 1.00 | dt: 21101.34ms | tok/sec: 24,846 | bf16_mfu: 0.00 | epoch: 1 pq: 4 rg: 24 | total time: 118.89m | eta: 721.7m
step 00366/02520 (14.52%) | loss: 3.387118 | lrm: 1.00 | dt: 19727.44ms | tok/sec: 26,576 | bf16_mfu: 0.00 | epoch: 1 pq: 4 rg: 25 | total time: 119.22m | eta: 721.3m
step 00367/02520 (14.56%) | loss: 3.365932 | lrm: 1.00 | dt: 19882.71ms | tok/sec: 26,369 | bf16_mfu: 0.00 | epoch: 1 pq: 4 rg: 26 | total time: 119.55m | eta: 721.0m
step 00368/02520 (14.60%) | loss: 3.354747 | lrm: 1.00 | dt: 21107.29ms | tok/sec: 24,839 | bf16_mfu: 0.00 | epoch: 1 pq: 4 rg: 27 | total time: 119.90m | eta: 720.8m
step 00369/02520 (14.64%) | loss: 3.346488 | lrm: 1.00 | dt: 19758.20ms | tok/sec: 26,535 | bf16_mfu: 0.00 | epoch: 1 pq: 4 rg: 28 | total time: 120.23m | eta: 720.4m
step 00370/02520 (14.68%) | loss: 3.342453 | lrm: 1.00 | dt: 21170.78ms | tok/sec: 24,764 | bf16_mfu: 0.00 | epoch: 1 pq: 4 rg: 29 | total time: 120.58m | eta: 720.2m
step 00371/02520 (14.72%) | loss: 3.361607 | lrm: 1.00 | dt: 19894.49ms | tok/sec: 26,353 | bf16_mfu: 0.00 | epoch: 1 pq: 4 rg: 30 | total time: 120.92m | eta: 719.8m
step 00372/02520 (14.76%) | loss: 3.368541 | lrm: 1.00 | dt: 19736.74ms | tok/sec: 26,564 | bf16_mfu: 0.00 | epoch: 1 pq: 4 rg: 31 | total time: 121.25m | eta: 719.4m
step 00373/02520 (14.80%) | loss: 3.364115 | lrm: 1.00 | dt: 21150.85ms | tok/sec: 24,788 | bf16_mfu: 0.00 | epoch: 1 pq: 4 rg: 32 | total time: 121.60m | eta: 719.2m
step 00374/02520 (14.84%) | loss: 3.372103 | lrm: 1.00 | dt: 19790.01ms | tok/sec: 26,492 | bf16_mfu: 0.00 | epoch: 1 pq: 4 rg: 33 | total time: 121.93m | eta: 718.8m
step 00375/02520 (14.88%) | loss: 3.361677 | lrm: 1.00 | dt: 19743.80ms | tok/sec: 26,554 | bf16_mfu: 0.00 | epoch: 1 pq: 4 rg: 34 | total time: 122.26m | eta: 718.5m
step 00376/02520 (14.92%) | loss: 3.368926 | lrm: 1.00 | dt: 21147.67ms | tok/sec: 24,791 | bf16_mfu: 0.00 | epoch: 1 pq: 4 rg: 35 | total time: 122.61m | eta: 718.2m
step 00377/02520 (14.96%) | loss: 3.379394 | lrm: 1.00 | dt: 19730.57ms | tok/sec: 26,572 | bf16_mfu: 0.00 | epoch: 1 pq: 4 rg: 36 | total time: 122.94m | eta: 717.9m
step 00378/02520 (15.00%) | loss: 3.382549 | lrm: 1.00 | dt: 19779.34ms | tok/sec: 26,506 | bf16_mfu: 0.00 | epoch: 1 pq: 4 rg: 37 | total time: 123.27m | eta: 717.5m
step 00379/02520 (15.04%) | loss: 3.406519 | lrm: 1.00 | dt: 21198.22ms | tok/sec: 24,732 | bf16_mfu: 0.00 | epoch: 1 pq: 4 rg: 38 | total time: 123.62m | eta: 717.3m
step 00380/02520 (15.08%) | loss: 3.414833 | lrm: 1.00 | dt: 19781.52ms | tok/sec: 26,503 | bf16_mfu: 0.00 | epoch: 1 pq: 4 rg: 39 | total time: 123.95m | eta: 716.9m
step 00381/02520 (15.12%) | loss: 3.429231 | lrm: 1.00 | dt: 19708.23ms | tok/sec: 26,602 | bf16_mfu: 0.00 | epoch: 1 pq: 4 rg: 40 | total time: 124.28m | eta: 716.5m
step 00382/02520 (15.16%) | loss: 3.406842 | lrm: 1.00 | dt: 21183.45ms | tok/sec: 24,749 | bf16_mfu: 0.00 | epoch: 1 pq: 4 rg: 41 | total time: 124.63m | eta: 716.3m
step 00383/02520 (15.20%) | loss: 3.388280 | lrm: 1.00 | dt: 19833.64ms | tok/sec: 26,434 | bf16_mfu: 0.00 | epoch: 1 pq: 4 rg: 42 | total time: 124.96m | eta: 715.9m
step 00384/02520 (15.24%) | loss: 3.410262 | lrm: 1.00 | dt: 19733.49ms | tok/sec: 26,568 | bf16_mfu: 0.00 | epoch: 1 pq: 4 rg: 43 | total time: 125.29m | eta: 715.6m
step 00385/02520 (15.28%) | loss: 3.408084 | lrm: 1.00 | dt: 21105.69ms | tok/sec: 24,841 | bf16_mfu: 0.00 | epoch: 1 pq: 4 rg: 44 | total time: 125.64m | eta: 715.3m
step 00386/02520 (15.32%) | loss: 3.417547 | lrm: 1.00 | dt: 19756.21ms | tok/sec: 26,537 | bf16_mfu: 0.00 | epoch: 1 pq: 4 rg: 45 | total time: 125.97m | eta: 715.0m
step 00387/02520 (15.36%) | loss: 3.392047 | lrm: 1.00 | dt: 19713.29ms | tok/sec: 26,595 | bf16_mfu: 0.00 | epoch: 1 pq: 4 rg: 46 | total time: 126.30m | eta: 714.6m
step 00388/02520 (15.40%) | loss: 3.387542 | lrm: 1.00 | dt: 21166.51ms | tok/sec: 24,769 | bf16_mfu: 0.00 | epoch: 1 pq: 4 rg: 47 | total time: 126.65m | eta: 714.4m
step 00389/02520 (15.44%) | loss: 3.370780 | lrm: 1.00 | dt: 19699.95ms | tok/sec: 26,613 | bf16_mfu: 0.00 | epoch: 1 pq: 4 rg: 48 | total time: 126.98m | eta: 714.0m
step 00390/02520 (15.48%) | loss: 3.379088 | lrm: 1.00 | dt: 19767.95ms | tok/sec: 26,522 | bf16_mfu: 0.00 | epoch: 1 pq: 4 rg: 49 | total time: 127.31m | eta: 713.6m
step 00391/02520 (15.52%) | loss: 3.381317 | lrm: 1.00 | dt: 21175.48ms | tok/sec: 24,759 | bf16_mfu: 0.00 | epoch: 1 pq: 4 rg: 50 | total time: 127.66m | eta: 713.4m
step 00392/02520 (15.56%) | loss: 3.374831 | lrm: 1.00 | dt: 19677.03ms | tok/sec: 26,644 | bf16_mfu: 0.00 | epoch: 1 pq: 4 rg: 51 | total time: 127.99m | eta: 713.0m
step 00393/02520 (15.60%) | loss: 3.363564 | lrm: 1.00 | dt: 19786.23ms | tok/sec: 26,497 | bf16_mfu: 0.00 | epoch: 1 pq: 4 rg: 52 | total time: 128.32m | eta: 712.6m
step 00394/02520 (15.63%) | loss: 3.370565 | lrm: 1.00 | dt: 21179.71ms | tok/sec: 24,754 | bf16_mfu: 0.00 | epoch: 1 pq: 4 rg: 52 | total time: 128.68m | eta: 712.4m
step 00395/02520 (15.67%) | loss: 3.360735 | lrm: 1.00 | dt: 19756.92ms | tok/sec: 26,536 | bf16_mfu: 0.00 | epoch: 1 pq: 4 rg: 53 | total time: 129.00m | eta: 712.0m
step 00396/02520 (15.71%) | loss: 3.393346 | lrm: 1.00 | dt: 19837.63ms | tok/sec: 26,428 | bf16_mfu: 0.00 | epoch: 1 pq: 4 rg: 54 | total time: 129.34m | eta: 711.7m
step 00397/02520 (15.75%) | loss: 3.403792 | lrm: 1.00 | dt: 21030.89ms | tok/sec: 24,929 | bf16_mfu: 0.00 | epoch: 1 pq: 4 rg: 55 | total time: 129.69m | eta: 711.4m
step 00398/02520 (15.79%) | loss: 3.395626 | lrm: 1.00 | dt: 19801.46ms | tok/sec: 26,477 | bf16_mfu: 0.00 | epoch: 1 pq: 4 rg: 56 | total time: 130.02m | eta: 711.1m
step 00399/02520 (15.83%) | loss: 3.397949 | lrm: 1.00 | dt: 19705.50ms | tok/sec: 26,606 | bf16_mfu: 0.00 | epoch: 1 pq: 4 rg: 57 | total time: 130.34m | eta: 710.7m
step 00400/02520 (15.87%) | loss: 3.380813 | lrm: 1.00 | dt: 21278.48ms | tok/sec: 24,639 | bf16_mfu: 0.00 | epoch: 1 pq: 4 rg: 58 | total time: 130.70m | eta: 710.5m
step 00401/02520 (15.91%) | loss: 3.367927 | lrm: 1.00 | dt: 19693.92ms | tok/sec: 26,621 | bf16_mfu: 0.00 | epoch: 1 pq: 4 rg: 59 | total time: 131.03m | eta: 710.1m
step 00402/02520 (15.95%) | loss: 3.374382 | lrm: 1.00 | dt: 21242.93ms | tok/sec: 24,680 | bf16_mfu: 0.00 | epoch: 1 pq: 4 rg: 60 | total time: 131.38m | eta: 709.9m
step 00403/02520 (15.99%) | loss: 3.344537 | lrm: 1.00 | dt: 19695.92ms | tok/sec: 26,619 | bf16_mfu: 0.00 | epoch: 1 pq: 4 rg: 61 | total time: 131.71m | eta: 709.5m
step 00404/02520 (16.03%) | loss: 3.367935 | lrm: 1.00 | dt: 19731.30ms | tok/sec: 26,571 | bf16_mfu: 0.00 | epoch: 1 pq: 4 rg: 62 | total time: 132.04m | eta: 709.1m
step 00405/02520 (16.07%) | loss: 3.396312 | lrm: 1.00 | dt: 21127.93ms | tok/sec: 24,814 | bf16_mfu: 0.00 | epoch: 1 pq: 4 rg: 63 | total time: 132.39m | eta: 708.9m
step 00406/02520 (16.11%) | loss: 3.423354 | lrm: 1.00 | dt: 19762.91ms | tok/sec: 26,528 | bf16_mfu: 0.00 | epoch: 1 pq: 4 rg: 64 | total time: 132.72m | eta: 708.5m
step 00407/02520 (16.15%) | loss: 3.423293 | lrm: 1.00 | dt: 19826.92ms | tok/sec: 26,443 | bf16_mfu: 0.00 | epoch: 1 pq: 4 rg: 65 | total time: 133.05m | eta: 708.1m
step 00408/02520 (16.19%) | loss: 3.422732 | lrm: 1.00 | dt: 21199.17ms | tok/sec: 24,731 | bf16_mfu: 0.00 | epoch: 1 pq: 4 rg: 66 | total time: 133.40m | eta: 707.9m
step 00409/02520 (16.23%) | loss: 3.410908 | lrm: 1.00 | dt: 19704.84ms | tok/sec: 26,607 | bf16_mfu: 0.00 | epoch: 1 pq: 4 rg: 67 | total time: 133.73m | eta: 707.5m
step 00410/02520 (16.27%) | loss: 3.448694 | lrm: 1.00 | dt: 19707.25ms | tok/sec: 26,603 | bf16_mfu: 0.00 | epoch: 1 pq: 4 rg: 68 | total time: 134.06m | eta: 707.2m
step 00411/02520 (16.31%) | loss: 3.447382 | lrm: 1.00 | dt: 21264.28ms | tok/sec: 24,655 | bf16_mfu: 0.00 | epoch: 1 pq: 4 rg: 69 | total time: 134.41m | eta: 706.9m
step 00412/02520 (16.35%) | loss: 3.448339 | lrm: 1.00 | dt: 19791.83ms | tok/sec: 26,490 | bf16_mfu: 0.00 | epoch: 1 pq: 4 rg: 70 | total time: 134.74m | eta: 706.6m
step 00413/02520 (16.39%) | loss: 3.440552 | lrm: 1.00 | dt: 19766.20ms | tok/sec: 26,524 | bf16_mfu: 0.00 | epoch: 1 pq: 4 rg: 71 | total time: 135.07m | eta: 706.2m
step 00414/02520 (16.43%) | loss: 3.419189 | lrm: 1.00 | dt: 21173.35ms | tok/sec: 24,761 | bf16_mfu: 0.00 | epoch: 1 pq: 4 rg: 72 | total time: 135.43m | eta: 706.0m
step 00415/02520 (16.47%) | loss: 3.402551 | lrm: 1.00 | dt: 19785.37ms | tok/sec: 26,498 | bf16_mfu: 0.00 | epoch: 1 pq: 4 rg: 73 | total time: 135.76m | eta: 705.6m
step 00416/02520 (16.51%) | loss: 3.364891 | lrm: 1.00 | dt: 19744.90ms | tok/sec: 26,553 | bf16_mfu: 0.00 | epoch: 1 pq: 4 rg: 74 | total time: 136.09m | eta: 705.2m
step 00417/02520 (16.55%) | loss: 3.374451 | lrm: 1.00 | dt: 21275.96ms | tok/sec: 24,642 | bf16_mfu: 0.00 | epoch: 1 pq: 4 rg: 75 | total time: 136.44m | eta: 705.0m
step 00418/02520 (16.59%) | loss: 3.368260 | lrm: 1.00 | dt: 19737.45ms | tok/sec: 26,563 | bf16_mfu: 0.00 | epoch: 1 pq: 4 rg: 76 | total time: 136.77m | eta: 704.6m
step 00419/02520 (16.63%) | loss: 3.393822 | lrm: 1.00 | dt: 19757.02ms | tok/sec: 26,536 | bf16_mfu: 0.00 | epoch: 1 pq: 4 rg: 77 | total time: 137.10m | eta: 704.3m
step 00420/02520 (16.67%) | loss: 3.404873 | lrm: 1.00 | dt: 21284.03ms | tok/sec: 24,632 | bf16_mfu: 0.00 | epoch: 1 pq: 4 rg: 78 | total time: 137.45m | eta: 704.0m
step 00421/02520 (16.71%) | loss: 3.385156 | lrm: 1.00 | dt: 19774.35ms | tok/sec: 26,513 | bf16_mfu: 0.00 | epoch: 1 pq: 4 rg: 79 | total time: 137.78m | eta: 703.7m
step 00422/02520 (16.75%) | loss: 3.369416 | lrm: 1.00 | dt: 19845.93ms | tok/sec: 26,417 | bf16_mfu: 0.00 | epoch: 1 pq: 4 rg: 80 | total time: 138.11m | eta: 703.3m
step 00423/02520 (16.79%) | loss: 3.373695 | lrm: 1.00 | dt: 21257.62ms | tok/sec: 24,663 | bf16_mfu: 0.00 | epoch: 1 pq: 4 rg: 81 | total time: 138.47m | eta: 703.1m
step 00424/02520 (16.83%) | loss: 3.353896 | lrm: 1.00 | dt: 19698.54ms | tok/sec: 26,615 | bf16_mfu: 0.00 | epoch: 1 pq: 5 rg: 0 | total time: 138.80m | eta: 702.7m
step 00425/02520 (16.87%) | loss: 3.367748 | lrm: 1.00 | dt: 19744.89ms | tok/sec: 26,553 | bf16_mfu: 0.00 | epoch: 1 pq: 5 rg: 1 | total time: 139.13m | eta: 702.3m
step 00426/02520 (16.90%) | loss: 3.351853 | lrm: 1.00 | dt: 21359.54ms | tok/sec: 24,545 | bf16_mfu: 0.00 | epoch: 1 pq: 5 rg: 2 | total time: 139.48m | eta: 702.1m
step 00427/02520 (16.94%) | loss: 3.324529 | lrm: 1.00 | dt: 19643.04ms | tok/sec: 26,690 | bf16_mfu: 0.00 | epoch: 1 pq: 5 rg: 3 | total time: 139.81m | eta: 701.7m
step 00428/02520 (16.98%) | loss: 3.304539 | lrm: 1.00 | dt: 19800.10ms | tok/sec: 26,479 | bf16_mfu: 0.00 | epoch: 1 pq: 5 rg: 3 | total time: 140.14m | eta: 701.4m
step 00429/02520 (17.02%) | loss: 3.320594 | lrm: 1.00 | dt: 21177.39ms | tok/sec: 24,756 | bf16_mfu: 0.00 | epoch: 1 pq: 5 rg: 4 | total time: 140.49m | eta: 701.1m
step 00430/02520 (17.06%) | loss: 3.291542 | lrm: 1.00 | dt: 19729.94ms | tok/sec: 26,573 | bf16_mfu: 0.00 | epoch: 1 pq: 5 rg: 5 | total time: 140.82m | eta: 700.7m
step 00431/02520 (17.10%) | loss: 3.272623 | lrm: 1.00 | dt: 19689.95ms | tok/sec: 26,627 | bf16_mfu: 0.00 | epoch: 1 pq: 5 rg: 6 | total time: 141.15m | eta: 700.4m
step 00432/02520 (17.14%) | loss: 3.280486 | lrm: 1.00 | dt: 21227.22ms | tok/sec: 24,698 | bf16_mfu: 0.00 | epoch: 1 pq: 5 rg: 7 | total time: 141.50m | eta: 700.1m
step 00433/02520 (17.18%) | loss: 3.289163 | lrm: 1.00 | dt: 19753.59ms | tok/sec: 26,541 | bf16_mfu: 0.00 | epoch: 1 pq: 5 rg: 8 | total time: 141.83m | eta: 699.8m
step 00434/02520 (17.22%) | loss: 3.299674 | lrm: 1.00 | dt: 19723.79ms | tok/sec: 26,581 | bf16_mfu: 0.00 | epoch: 1 pq: 5 rg: 9 | total time: 142.16m | eta: 699.4m
step 00435/02520 (17.26%) | loss: 3.304902 | lrm: 1.00 | dt: 21153.73ms | tok/sec: 24,784 | bf16_mfu: 0.00 | epoch: 1 pq: 5 rg: 10 | total time: 142.51m | eta: 699.2m
step 00436/02520 (17.30%) | loss: 3.300047 | lrm: 1.00 | dt: 19709.35ms | tok/sec: 26,600 | bf16_mfu: 0.00 | epoch: 1 pq: 5 rg: 11 | total time: 142.84m | eta: 698.8m
step 00437/02520 (17.34%) | loss: 3.311736 | lrm: 1.00 | dt: 21213.37ms | tok/sec: 24,714 | bf16_mfu: 0.00 | epoch: 1 pq: 5 rg: 12 | total time: 143.20m | eta: 698.5m
step 00438/02520 (17.38%) | loss: 3.314351 | lrm: 1.00 | dt: 19753.64ms | tok/sec: 26,541 | bf16_mfu: 0.00 | epoch: 1 pq: 5 rg: 13 | total time: 143.52m | eta: 698.2m
step 00439/02520 (17.42%) | loss: 3.326082 | lrm: 1.00 | dt: 19742.90ms | tok/sec: 26,555 | bf16_mfu: 0.00 | epoch: 1 pq: 5 rg: 14 | total time: 143.85m | eta: 697.8m
step 00440/02520 (17.46%) | loss: 3.333262 | lrm: 1.00 | dt: 21180.11ms | tok/sec: 24,753 | bf16_mfu: 0.00 | epoch: 1 pq: 5 rg: 15 | total time: 144.21m | eta: 697.6m
step 00441/02520 (17.50%) | loss: 3.346651 | lrm: 1.00 | dt: 19783.84ms | tok/sec: 26,500 | bf16_mfu: 0.00 | epoch: 1 pq: 5 rg: 16 | total time: 144.54m | eta: 697.2m
step 00442/02520 (17.54%) | loss: 3.329818 | lrm: 1.00 | dt: 19795.36ms | tok/sec: 26,485 | bf16_mfu: 0.00 | epoch: 1 pq: 5 rg: 17 | total time: 144.87m | eta: 696.8m
step 00443/02520 (17.58%) | loss: 3.342076 | lrm: 1.00 | dt: 21208.06ms | tok/sec: 24,721 | bf16_mfu: 0.00 | epoch: 1 pq: 5 rg: 18 | total time: 145.22m | eta: 696.6m
step 00444/02520 (17.62%) | loss: 3.335315 | lrm: 1.00 | dt: 19790.42ms | tok/sec: 26,492 | bf16_mfu: 0.00 | epoch: 1 pq: 5 rg: 19 | total time: 145.55m | eta: 696.2m
step 00445/02520 (17.66%) | loss: 3.333614 | lrm: 1.00 | dt: 19697.19ms | tok/sec: 26,617 | bf16_mfu: 0.00 | epoch: 1 pq: 5 rg: 20 | total time: 145.88m | eta: 695.9m
step 00446/02520 (17.70%) | loss: 3.314399 | lrm: 1.00 | dt: 21175.20ms | tok/sec: 24,759 | bf16_mfu: 0.00 | epoch: 1 pq: 5 rg: 21 | total time: 146.23m | eta: 695.6m
step 00447/02520 (17.74%) | loss: 3.318061 | lrm: 1.00 | dt: 19801.78ms | tok/sec: 26,476 | bf16_mfu: 0.00 | epoch: 1 pq: 5 rg: 22 | total time: 146.56m | eta: 695.2m
step 00448/02520 (17.78%) | loss: 3.303266 | lrm: 1.00 | dt: 19733.10ms | tok/sec: 26,568 | bf16_mfu: 0.00 | epoch: 1 pq: 5 rg: 23 | total time: 146.89m | eta: 694.9m
step 00449/02520 (17.82%) | loss: 3.319059 | lrm: 1.00 | dt: 21222.99ms | tok/sec: 24,703 | bf16_mfu: 0.00 | epoch: 1 pq: 5 rg: 24 | total time: 147.24m | eta: 694.6m
step 00450/02520 (17.86%) | loss: 3.308588 | lrm: 1.00 | dt: 19720.46ms | tok/sec: 26,585 | bf16_mfu: 0.00 | epoch: 1 pq: 5 rg: 25 | total time: 147.57m | eta: 694.3m
step 00451/02520 (17.90%) | loss: 3.305389 | lrm: 1.00 | dt: 19832.64ms | tok/sec: 26,435 | bf16_mfu: 0.00 | epoch: 1 pq: 5 rg: 26 | total time: 147.90m | eta: 693.9m
step 00452/02520 (17.94%) | loss: 3.336891 | lrm: 1.00 | dt: 21187.70ms | tok/sec: 24,744 | bf16_mfu: 0.00 | epoch: 1 pq: 5 rg: 27 | total time: 148.26m | eta: 693.6m
step 00453/02520 (17.98%) | loss: 3.337678 | lrm: 1.00 | dt: 19798.46ms | tok/sec: 26,481 | bf16_mfu: 0.00 | epoch: 1 pq: 5 rg: 27 | total time: 148.59m | eta: 693.3m
step 00454/02520 (18.02%) | loss: 3.334483 | lrm: 1.00 | dt: 19744.53ms | tok/sec: 26,553 | bf16_mfu: 0.00 | epoch: 1 pq: 5 rg: 28 | total time: 148.91m | eta: 692.9m
step 00455/02520 (18.06%) | loss: 3.331380 | lrm: 1.00 | dt: 21170.43ms | tok/sec: 24,765 | bf16_mfu: 0.00 | epoch: 1 pq: 5 rg: 29 | total time: 149.27m | eta: 692.7m
step 00456/02520 (18.10%) | loss: 3.324623 | lrm: 1.00 | dt: 19627.50ms | tok/sec: 26,711 | bf16_mfu: 0.00 | epoch: 1 pq: 5 rg: 30 | total time: 149.59m | eta: 692.3m
step 00457/02520 (18.13%) | loss: 3.310947 | lrm: 1.00 | dt: 19737.13ms | tok/sec: 26,563 | bf16_mfu: 0.00 | epoch: 1 pq: 5 rg: 31 | total time: 149.92m | eta: 691.9m
step 00458/02520 (18.17%) | loss: 3.300213 | lrm: 1.00 | dt: 21230.29ms | tok/sec: 24,695 | bf16_mfu: 0.00 | epoch: 1 pq: 5 rg: 32 | total time: 150.28m | eta: 691.7m
step 00459/02520 (18.21%) | loss: 3.297094 | lrm: 1.00 | dt: 19772.86ms | tok/sec: 26,515 | bf16_mfu: 0.00 | epoch: 1 pq: 5 rg: 33 | total time: 150.61m | eta: 691.3m
step 00460/02520 (18.25%) | loss: 3.312259 | lrm: 1.00 | dt: 19760.05ms | tok/sec: 26,532 | bf16_mfu: 0.00 | epoch: 1 pq: 5 rg: 34 | total time: 150.94m | eta: 691.0m
step 00461/02520 (18.29%) | loss: 3.295666 | lrm: 1.00 | dt: 21218.12ms | tok/sec: 24,709 | bf16_mfu: 0.00 | epoch: 1 pq: 5 rg: 35 | total time: 151.29m | eta: 690.7m
step 00462/02520 (18.33%) | loss: 3.317322 | lrm: 1.00 | dt: 19753.91ms | tok/sec: 26,540 | bf16_mfu: 0.00 | epoch: 1 pq: 5 rg: 36 | total time: 151.62m | eta: 690.3m
step 00463/02520 (18.37%) | loss: 3.327260 | lrm: 1.00 | dt: 19785.30ms | tok/sec: 26,498 | bf16_mfu: 0.00 | epoch: 1 pq: 5 rg: 37 | total time: 151.95m | eta: 690.0m
step 00464/02520 (18.41%) | loss: 3.321861 | lrm: 1.00 | dt: 21235.46ms | tok/sec: 24,689 | bf16_mfu: 0.00 | epoch: 1 pq: 5 rg: 38 | total time: 152.30m | eta: 689.7m
step 00465/02520 (18.45%) | loss: 3.319646 | lrm: 1.00 | dt: 19689.45ms | tok/sec: 26,627 | bf16_mfu: 0.00 | epoch: 1 pq: 5 rg: 39 | total time: 152.63m | eta: 689.4m
step 00466/02520 (18.49%) | loss: 3.331997 | lrm: 1.00 | dt: 19798.59ms | tok/sec: 26,481 | bf16_mfu: 0.00 | epoch: 1 pq: 5 rg: 40 | total time: 152.96m | eta: 689.0m
step 00467/02520 (18.53%) | loss: 3.327969 | lrm: 1.00 | dt: 21238.37ms | tok/sec: 24,685 | bf16_mfu: 0.00 | epoch: 1 pq: 5 rg: 41 | total time: 153.31m | eta: 688.7m
step 00468/02520 (18.57%) | loss: 3.337919 | lrm: 1.00 | dt: 19748.02ms | tok/sec: 26,548 | bf16_mfu: 0.00 | epoch: 1 pq: 5 rg: 42 | total time: 153.64m | eta: 688.4m
step 00469/02520 (18.61%) | loss: 3.356072 | lrm: 1.00 | dt: 19826.43ms | tok/sec: 26,443 | bf16_mfu: 0.00 | epoch: 1 pq: 5 rg: 43 | total time: 153.97m | eta: 688.0m
step 00470/02520 (18.65%) | loss: 3.355191 | lrm: 1.00 | dt: 21207.44ms | tok/sec: 24,721 | bf16_mfu: 0.00 | epoch: 1 pq: 5 rg: 44 | total time: 154.33m | eta: 687.8m
step 00471/02520 (18.69%) | loss: 3.345229 | lrm: 1.00 | dt: 19843.57ms | tok/sec: 26,421 | bf16_mfu: 0.00 | epoch: 1 pq: 5 rg: 45 | total time: 154.66m | eta: 687.4m
step 00472/02520 (18.73%) | loss: 3.311346 | lrm: 1.00 | dt: 19779.17ms | tok/sec: 26,507 | bf16_mfu: 0.00 | epoch: 1 pq: 5 rg: 46 | total time: 154.99m | eta: 687.0m
step 00473/02520 (18.77%) | loss: 3.312438 | lrm: 1.00 | dt: 21215.68ms | tok/sec: 24,712 | bf16_mfu: 0.00 | epoch: 1 pq: 5 rg: 47 | total time: 155.34m | eta: 686.8m
step 00474/02520 (18.81%) | loss: 3.307737 | lrm: 1.00 | dt: 19788.45ms | tok/sec: 26,494 | bf16_mfu: 0.00 | epoch: 1 pq: 5 rg: 48 | total time: 155.67m | eta: 686.4m
step 00475/02520 (18.85%) | loss: 3.322216 | lrm: 1.00 | dt: 21198.52ms | tok/sec: 24,732 | bf16_mfu: 0.00 | epoch: 1 pq: 5 rg: 49 | total time: 156.02m | eta: 686.2m
step 00476/02520 (18.89%) | loss: 3.313288 | lrm: 1.00 | dt: 19731.97ms | tok/sec: 26,570 | bf16_mfu: 0.00 | epoch: 1 pq: 5 rg: 50 | total time: 156.35m | eta: 685.8m
step 00477/02520 (18.93%) | loss: 3.303138 | lrm: 1.00 | dt: 19736.78ms | tok/sec: 26,564 | bf16_mfu: 0.00 | epoch: 1 pq: 5 rg: 51 | total time: 156.68m | eta: 685.4m
step 00478/02520 (18.97%) | loss: 3.280374 | lrm: 1.00 | dt: 21182.98ms | tok/sec: 24,750 | bf16_mfu: 0.00 | epoch: 1 pq: 5 rg: 52 | total time: 157.04m | eta: 685.2m
step 00479/02520 (19.01%) | loss: 3.266821 | lrm: 1.00 | dt: 19745.45ms | tok/sec: 26,552 | bf16_mfu: 0.00 | epoch: 1 pq: 5 rg: 53 | total time: 157.36m | eta: 684.8m
step 00480/02520 (19.05%) | loss: 3.268902 | lrm: 1.00 | dt: 19746.71ms | tok/sec: 26,550 | bf16_mfu: 0.00 | epoch: 1 pq: 5 rg: 54 | total time: 157.69m | eta: 684.5m
step 00481/02520 (19.09%) | loss: 3.293478 | lrm: 1.00 | dt: 21300.27ms | tok/sec: 24,614 | bf16_mfu: 0.00 | epoch: 1 pq: 5 rg: 55 | total time: 158.05m | eta: 684.2m
step 00482/02520 (19.13%) | loss: 3.278194 | lrm: 1.00 | dt: 19697.49ms | tok/sec: 26,616 | bf16_mfu: 0.00 | epoch: 1 pq: 5 rg: 56 | total time: 158.38m | eta: 683.8m
step 00483/02520 (19.17%) | loss: 3.287420 | lrm: 1.00 | dt: 19714.66ms | tok/sec: 26,593 | bf16_mfu: 0.00 | epoch: 1 pq: 5 rg: 57 | total time: 158.71m | eta: 683.5m
step 00484/02520 (19.21%) | loss: 3.254966 | lrm: 1.00 | dt: 21198.66ms | tok/sec: 24,732 | bf16_mfu: 0.00 | epoch: 1 pq: 5 rg: 58 | total time: 159.06m | eta: 683.2m
step 00485/02520 (19.25%) | loss: 3.252402 | lrm: 1.00 | dt: 19720.11ms | tok/sec: 26,586 | bf16_mfu: 0.00 | epoch: 1 pq: 5 rg: 59 | total time: 159.39m | eta: 682.9m
step 00486/02520 (19.29%) | loss: 3.254329 | lrm: 1.00 | dt: 19696.66ms | tok/sec: 26,618 | bf16_mfu: 0.00 | epoch: 1 pq: 5 rg: 59 | total time: 159.72m | eta: 682.5m
step 00487/02520 (19.33%) | loss: 3.244664 | lrm: 1.00 | dt: 21237.35ms | tok/sec: 24,687 | bf16_mfu: 0.00 | epoch: 1 pq: 5 rg: 60 | total time: 160.07m | eta: 682.2m
step 00488/02520 (19.37%) | loss: 3.258251 | lrm: 1.00 | dt: 19625.84ms | tok/sec: 26,714 | bf16_mfu: 0.00 | epoch: 1 pq: 5 rg: 61 | total time: 160.40m | eta: 681.9m
step 00489/02520 (19.40%) | loss: 3.263502 | lrm: 1.00 | dt: 21248.60ms | tok/sec: 24,674 | bf16_mfu: 0.00 | epoch: 1 pq: 5 rg: 62 | total time: 160.75m | eta: 681.6m
step 00490/02520 (19.44%) | loss: 3.263073 | lrm: 1.00 | dt: 18833.84ms | tok/sec: 27,837 | bf16_mfu: 0.00 | epoch: 1 pq: 5 rg: 63 | total time: 161.07m | eta: 681.2m
step 00491/02520 (19.48%) | loss: 3.273051 | lrm: 1.00 | dt: 19945.28ms | tok/sec: 26,286 | bf16_mfu: 0.00 | epoch: 1 pq: 5 rg: 64 | total time: 161.40m | eta: 680.8m
step 00492/02520 (19.52%) | loss: 3.271163 | lrm: 1.00 | dt: 21356.31ms | tok/sec: 24,549 | bf16_mfu: 0.00 | epoch: 1 pq: 5 rg: 65 | total time: 161.75m | eta: 680.6m
step 00493/02520 (19.56%) | loss: 3.307357 | lrm: 1.00 | dt: 19590.17ms | tok/sec: 26,762 | bf16_mfu: 0.00 | epoch: 1 pq: 5 rg: 66 | total time: 162.08m | eta: 680.2m
step 00494/02520 (19.60%) | loss: 3.319483 | lrm: 1.00 | dt: 21223.56ms | tok/sec: 24,703 | bf16_mfu: 0.00 | epoch: 1 pq: 5 rg: 67 | total time: 162.43m | eta: 679.9m
step 00495/02520 (19.64%) | loss: 3.315752 | lrm: 1.00 | dt: 19843.73ms | tok/sec: 26,420 | bf16_mfu: 0.00 | epoch: 1 pq: 5 rg: 68 | total time: 162.76m | eta: 679.6m
step 00496/02520 (19.68%) | loss: 3.305809 | lrm: 1.00 | dt: 19676.04ms | tok/sec: 26,646 | bf16_mfu: 0.00 | epoch: 1 pq: 5 rg: 69 | total time: 163.09m | eta: 679.2m
step 00497/02520 (19.72%) | loss: 3.328029 | lrm: 1.00 | dt: 21155.63ms | tok/sec: 24,782 | bf16_mfu: 0.00 | epoch: 1 pq: 5 rg: 70 | total time: 163.45m | eta: 679.0m
step 00498/02520 (19.76%) | loss: 3.309904 | lrm: 1.00 | dt: 19833.59ms | tok/sec: 26,434 | bf16_mfu: 0.00 | epoch: 1 pq: 5 rg: 71 | total time: 163.78m | eta: 678.6m
step 00499/02520 (19.80%) | loss: 3.317433 | lrm: 1.00 | dt: 19729.47ms | tok/sec: 26,573 | bf16_mfu: 0.00 | epoch: 1 pq: 5 rg: 72 | total time: 164.10m | eta: 678.2m
Step 00500 | Validation bpb: 1.002523
<|bos|>The capital of France is the capital of the capital of the capital of the capital of the capital of the
<|bos|>The chemical symbol of gold is gold. The symbol of gold is gold. The symbol of gold is gold.
<|bos|>If yesterday was Friday, then tomorrow will be the day of the week. The day of the week is Friday, and the
<|bos|>The opposite of hot is the opposite of cold is the opposite of hot is the opposite of cold is the
<|bos|>The planets of the solar system are: the sun, the moon, the stars, the stars, the stars, the
<|bos|>My favorite color is blue. I love the blue color. I love the blue color. I love
<|bos|>If 5*x + 3 = 13, then x is the number of points in the 3D space. If 5*x
2026-09-24 19:22:44,476 - nanochat.checkpoint_manager - [32m[1mINFO[0m - Saved model parameters to: /home/wesley/.cache/nanochat/base_checkpoints/d12/model_000500.pt
2026-09-24 19:22:44,477 - nanochat.checkpoint_manager - [32m[1mINFO[0m - Saved metadata to: /home/wesley/.cache/nanochat/base_checkpoints/d12/meta_000500.json
2026-09-24 19:22:46,023 - nanochat.checkpoint_manager - [32m[1mINFO[0m - Saved optimizer state to: /home/wesley/.cache/nanochat/base_checkpoints/d12/optim_000500_rank0.pt
step 00500/02520 (19.84%) | loss: 3.311118 | lrm: 1.00 | dt: 20043.84ms | tok/sec: 26,157 | bf16_mfu: 0.00 | epoch: 1 pq: 5 rg: 73 | total time: 164.44m | eta: 677.9m
step 00501/02520 (19.88%) | loss: 3.315417 | lrm: 1.00 | dt: 21181.94ms | tok/sec: 24,751 | bf16_mfu: 0.00 | epoch: 1 pq: 5 rg: 74 | total time: 164.79m | eta: 677.6m
step 00502/02520 (19.92%) | loss: 3.315214 | lrm: 1.00 | dt: 19751.19ms | tok/sec: 26,544 | bf16_mfu: 0.00 | epoch: 1 pq: 5 rg: 75 | total time: 165.12m | eta: 677.3m
step 00503/02520 (19.96%) | loss: 3.324015 | lrm: 1.00 | dt: 19705.31ms | tok/sec: 26,606 | bf16_mfu: 0.00 | epoch: 1 pq: 5 rg: 76 | total time: 165.45m | eta: 676.9m
step 00504/02520 (20.00%) | loss: 3.334543 | lrm: 1.00 | dt: 21270.34ms | tok/sec: 24,648 | bf16_mfu: 0.00 | epoch: 1 pq: 5 rg: 77 | total time: 165.80m | eta: 676.6m
step 00505/02520 (20.04%) | loss: 3.323581 | lrm: 1.00 | dt: 19799.21ms | tok/sec: 26,480 | bf16_mfu: 0.00 | epoch: 1 pq: 5 rg: 78 | total time: 166.13m | eta: 676.3m
step 00506/02520 (20.08%) | loss: 3.317657 | lrm: 1.00 | dt: 19715.28ms | tok/sec: 26,592 | bf16_mfu: 0.00 | epoch: 1 pq: 5 rg: 79 | total time: 166.46m | eta: 675.9m
step 00507/02520 (20.12%) | loss: 3.321929 | lrm: 1.00 | dt: 21181.60ms | tok/sec: 24,752 | bf16_mfu: 0.00 | epoch: 1 pq: 5 rg: 80 | total time: 166.82m | eta: 675.7m
step 00508/02520 (20.16%) | loss: 3.336337 | lrm: 1.00 | dt: 19702.45ms | tok/sec: 26,610 | bf16_mfu: 0.00 | epoch: 1 pq: 5 rg: 81 | total time: 167.14m | eta: 675.3m
step 00509/02520 (20.20%) | loss: 3.336251 | lrm: 1.00 | dt: 19740.35ms | tok/sec: 26,559 | bf16_mfu: 0.00 | epoch: 1 pq: 5 rg: 82 | total time: 167.47m | eta: 674.9m
step 00510/02520 (20.24%) | loss: 3.326683 | lrm: 1.00 | dt: 21219.09ms | tok/sec: 24,708 | bf16_mfu: 0.00 | epoch: 1 pq: 6 rg: 0 | total time: 167.83m | eta: 674.7m
step 00511/02520 (20.28%) | loss: 3.331623 | lrm: 1.00 | dt: 19741.64ms | tok/sec: 26,557 | bf16_mfu: 0.00 | epoch: 1 pq: 6 rg: 1 | total time: 168.16m | eta: 674.3m
step 00512/02520 (20.32%) | loss: 3.346999 | lrm: 1.00 | dt: 19648.75ms | tok/sec: 26,683 | bf16_mfu: 0.00 | epoch: 1 pq: 6 rg: 2 | total time: 168.48m | eta: 673.9m
step 00513/02520 (20.36%) | loss: 3.339297 | lrm: 1.00 | dt: 21194.40ms | tok/sec: 24,737 | bf16_mfu: 0.00 | epoch: 1 pq: 6 rg: 3 | total time: 168.84m | eta: 673.7m
step 00514/02520 (20.40%) | loss: 3.343822 | lrm: 1.00 | dt: 19779.38ms | tok/sec: 26,506 | bf16_mfu: 0.00 | epoch: 1 pq: 6 rg: 4 | total time: 169.17m | eta: 673.3m
step 00515/02520 (20.44%) | loss: 3.332338 | lrm: 1.00 | dt: 19726.80ms | tok/sec: 26,577 | bf16_mfu: 0.00 | epoch: 1 pq: 6 rg: 5 | total time: 169.49m | eta: 672.9m
step 00516/02520 (20.48%) | loss: 3.326865 | lrm: 1.00 | dt: 21146.80ms | tok/sec: 24,792 | bf16_mfu: 0.00 | epoch: 1 pq: 6 rg: 6 | total time: 169.85m | eta: 672.7m
step 00517/02520 (20.52%) | loss: 3.307651 | lrm: 1.00 | dt: 19837.85ms | tok/sec: 26,428 | bf16_mfu: 0.00 | epoch: 1 pq: 6 rg: 6 | total time: 170.18m | eta: 672.3m
step 00518/02520 (20.56%) | loss: 3.306282 | lrm: 1.00 | dt: 19724.80ms | tok/sec: 26,580 | bf16_mfu: 0.00 | epoch: 1 pq: 6 rg: 7 | total time: 170.51m | eta: 672.0m
step 00519/02520 (20.60%) | loss: 3.318071 | lrm: 1.00 | dt: 21185.25ms | tok/sec: 24,747 | bf16_mfu: 0.00 | epoch: 1 pq: 6 rg: 8 | total time: 170.86m | eta: 671.7m
step 00520/02520 (20.63%) | loss: 3.311662 | lrm: 1.00 | dt: 19707.34ms | tok/sec: 26,603 | bf16_mfu: 0.00 | epoch: 1 pq: 6 rg: 9 | total time: 171.19m | eta: 671.3m
step 00521/02520 (20.67%) | loss: 3.291972 | lrm: 1.00 | dt: 19714.31ms | tok/sec: 26,594 | bf16_mfu: 0.00 | epoch: 1 pq: 6 rg: 10 | total time: 171.52m | eta: 671.0m
step 00522/02520 (20.71%) | loss: 3.253600 | lrm: 1.00 | dt: 21173.65ms | tok/sec: 24,761 | bf16_mfu: 0.00 | epoch: 1 pq: 6 rg: 11 | total time: 171.87m | eta: 670.7m
step 00523/02520 (20.75%) | loss: 3.267183 | lrm: 1.00 | dt: 19698.71ms | tok/sec: 26,615 | bf16_mfu: 0.00 | epoch: 1 pq: 6 rg: 12 | total time: 172.20m | eta: 670.3m
step 00524/02520 (20.79%) | loss: 3.263472 | lrm: 1.00 | dt: 21215.83ms | tok/sec: 24,712 | bf16_mfu: 0.00 | epoch: 1 pq: 6 rg: 13 | total time: 172.55m | eta: 670.1m
step 00525/02520 (20.83%) | loss: 3.271212 | lrm: 1.00 | dt: 19713.34ms | tok/sec: 26,595 | bf16_mfu: 0.00 | epoch: 1 pq: 6 rg: 14 | total time: 172.88m | eta: 669.7m
step 00526/02520 (20.87%) | loss: 3.258437 | lrm: 1.00 | dt: 19735.20ms | tok/sec: 26,566 | bf16_mfu: 0.00 | epoch: 1 pq: 6 rg: 15 | total time: 173.21m | eta: 669.3m
step 00527/02520 (20.91%) | loss: 3.245069 | lrm: 1.00 | dt: 21243.83ms | tok/sec: 24,679 | bf16_mfu: 0.00 | epoch: 1 pq: 6 rg: 16 | total time: 173.56m | eta: 669.1m
step 00528/02520 (20.95%) | loss: 3.237524 | lrm: 1.00 | dt: 19752.24ms | tok/sec: 26,543 | bf16_mfu: 0.00 | epoch: 1 pq: 6 rg: 17 | total time: 173.89m | eta: 668.7m
step 00529/02520 (20.99%) | loss: 3.225167 | lrm: 1.00 | dt: 19739.15ms | tok/sec: 26,560 | bf16_mfu: 0.00 | epoch: 1 pq: 6 rg: 18 | total time: 174.22m | eta: 668.4m
step 00530/02520 (21.03%) | loss: 3.196667 | lrm: 1.00 | dt: 21260.26ms | tok/sec: 24,660 | bf16_mfu: 0.00 | epoch: 1 pq: 6 rg: 19 | total time: 174.58m | eta: 668.1m
step 00531/02520 (21.07%) | loss: 3.210897 | lrm: 1.00 | dt: 19694.23ms | tok/sec: 26,621 | bf16_mfu: 0.00 | epoch: 1 pq: 6 rg: 20 | total time: 174.90m | eta: 667.7m
step 00532/02520 (21.11%) | loss: 3.222346 | lrm: 1.00 | dt: 19772.73ms | tok/sec: 26,515 | bf16_mfu: 0.00 | epoch: 1 pq: 6 rg: 21 | total time: 175.23m | eta: 667.4m
step 00533/02520 (21.15%) | loss: 3.227050 | lrm: 1.00 | dt: 21265.10ms | tok/sec: 24,654 | bf16_mfu: 0.00 | epoch: 1 pq: 6 rg: 22 | total time: 175.59m | eta: 667.1m
step 00534/02520 (21.19%) | loss: 3.241209 | lrm: 1.00 | dt: 19700.82ms | tok/sec: 26,612 | bf16_mfu: 0.00 | epoch: 1 pq: 6 rg: 23 | total time: 175.92m | eta: 666.7m
step 00535/02520 (21.23%) | loss: 3.252447 | lrm: 1.00 | dt: 19703.64ms | tok/sec: 26,608 | bf16_mfu: 0.00 | epoch: 1 pq: 6 rg: 24 | total time: 176.24m | eta: 666.4m
step 00536/02520 (21.27%) | loss: 3.241492 | lrm: 1.00 | dt: 21311.60ms | tok/sec: 24,601 | bf16_mfu: 0.00 | epoch: 1 pq: 6 rg: 25 | total time: 176.60m | eta: 666.1m
step 00537/02520 (21.31%) | loss: 3.233951 | lrm: 1.00 | dt: 19825.60ms | tok/sec: 26,445 | bf16_mfu: 0.00 | epoch: 1 pq: 6 rg: 26 | total time: 176.93m | eta: 665.8m
step 00538/02520 (21.35%) | loss: 3.219203 | lrm: 1.00 | dt: 19726.33ms | tok/sec: 26,578 | bf16_mfu: 0.00 | epoch: 1 pq: 6 rg: 27 | total time: 177.26m | eta: 665.4m
step 00539/02520 (21.39%) | loss: 3.228268 | lrm: 1.00 | dt: 21286.91ms | tok/sec: 24,629 | bf16_mfu: 0.00 | epoch: 1 pq: 6 rg: 28 | total time: 177.61m | eta: 665.1m
step 00540/02520 (21.43%) | loss: 3.226014 | lrm: 1.00 | dt: 19721.41ms | tok/sec: 26,584 | bf16_mfu: 0.00 | epoch: 1 pq: 6 rg: 29 | total time: 177.94m | eta: 664.8m
step 00541/02520 (21.47%) | loss: 3.231308 | lrm: 1.00 | dt: 19679.06ms | tok/sec: 26,641 | bf16_mfu: 0.00 | epoch: 1 pq: 6 rg: 30 | total time: 178.27m | eta: 664.4m
step 00542/02520 (21.51%) | loss: 3.236911 | lrm: 1.00 | dt: 21123.13ms | tok/sec: 24,820 | bf16_mfu: 0.00 | epoch: 1 pq: 6 rg: 31 | total time: 178.62m | eta: 664.1m
step 00543/02520 (21.55%) | loss: 3.231472 | lrm: 1.00 | dt: 19720.47ms | tok/sec: 26,585 | bf16_mfu: 0.00 | epoch: 1 pq: 6 rg: 31 | total time: 178.95m | eta: 663.8m
step 00544/02520 (21.59%) | loss: 3.215116 | lrm: 1.00 | dt: 19761.14ms | tok/sec: 26,531 | bf16_mfu: 0.00 | epoch: 1 pq: 6 rg: 32 | total time: 179.28m | eta: 663.4m
step 00545/02520 (21.63%) | loss: 3.246854 | lrm: 1.00 | dt: 21347.71ms | tok/sec: 24,559 | bf16_mfu: 0.00 | epoch: 1 pq: 6 rg: 33 | total time: 179.64m | eta: 663.1m
step 00546/02520 (21.67%) | loss: 3.243582 | lrm: 1.00 | dt: 19638.04ms | tok/sec: 26,697 | bf16_mfu: 0.00 | epoch: 1 pq: 6 rg: 34 | total time: 179.96m | eta: 662.8m
step 00547/02520 (21.71%) | loss: 3.244685 | lrm: 1.00 | dt: 19698.41ms | tok/sec: 26,615 | bf16_mfu: 0.00 | epoch: 1 pq: 6 rg: 35 | total time: 180.29m | eta: 662.4m
step 00548/02520 (21.75%) | loss: 3.248263 | lrm: 1.00 | dt: 21275.37ms | tok/sec: 24,642 | bf16_mfu: 0.00 | epoch: 1 pq: 6 rg: 36 | total time: 180.65m | eta: 662.1m
step 00549/02520 (21.79%) | loss: 3.228835 | lrm: 1.00 | dt: 19754.92ms | tok/sec: 26,539 | bf16_mfu: 0.00 | epoch: 1 pq: 6 rg: 37 | total time: 180.98m | eta: 661.8m
step 00550/02520 (21.83%) | loss: 3.221046 | lrm: 1.00 | dt: 19769.72ms | tok/sec: 26,519 | bf16_mfu: 0.00 | epoch: 1 pq: 6 rg: 38 | total time: 181.30m | eta: 661.4m
step 00551/02520 (21.87%) | loss: 3.239369 | lrm: 1.00 | dt: 21197.56ms | tok/sec: 24,733 | bf16_mfu: 0.00 | epoch: 1 pq: 6 rg: 39 | total time: 181.66m | eta: 661.2m
step 00552/02520 (21.90%) | loss: 3.245437 | lrm: 1.00 | dt: 19671.49ms | tok/sec: 26,652 | bf16_mfu: 0.00 | epoch: 1 pq: 6 rg: 40 | total time: 181.99m | eta: 660.8m
step 00553/02520 (21.94%) | loss: 3.251032 | lrm: 1.00 | dt: 19699.73ms | tok/sec: 26,613 | bf16_mfu: 0.00 | epoch: 1 pq: 6 rg: 41 | total time: 182.31m | eta: 660.4m
step 00554/02520 (21.98%) | loss: 3.230694 | lrm: 1.00 | dt: 21208.19ms | tok/sec: 24,721 | bf16_mfu: 0.00 | epoch: 1 pq: 6 rg: 42 | total time: 182.67m | eta: 660.2m
step 00555/02520 (22.02%) | loss: 3.241741 | lrm: 1.00 | dt: 19667.45ms | tok/sec: 26,657 | bf16_mfu: 0.00 | epoch: 1 pq: 6 rg: 43 | total time: 183.00m | eta: 659.8m
step 00556/02520 (22.06%) | loss: 3.218330 | lrm: 1.00 | dt: 19762.38ms | tok/sec: 26,529 | bf16_mfu: 0.00 | epoch: 1 pq: 6 rg: 44 | total time: 183.32m | eta: 659.4m
step 00557/02520 (22.10%) | loss: 3.223495 | lrm: 1.00 | dt: 21258.15ms | tok/sec: 24,662 | bf16_mfu: 0.00 | epoch: 1 pq: 6 rg: 45 | total time: 183.68m | eta: 659.2m
step 00558/02520 (22.14%) | loss: 3.234703 | lrm: 1.00 | dt: 19706.86ms | tok/sec: 26,604 | bf16_mfu: 0.00 | epoch: 1 pq: 6 rg: 46 | total time: 184.01m | eta: 658.8m
step 00559/02520 (22.18%) | loss: 3.242466 | lrm: 1.00 | dt: 19685.62ms | tok/sec: 26,633 | bf16_mfu: 0.00 | epoch: 1 pq: 6 rg: 47 | total time: 184.34m | eta: 658.4m
step 00560/02520 (22.22%) | loss: 3.276280 | lrm: 1.00 | dt: 21225.74ms | tok/sec: 24,700 | bf16_mfu: 0.00 | epoch: 1 pq: 6 rg: 48 | total time: 184.69m | eta: 658.2m
step 00561/02520 (22.26%) | loss: 3.278191 | lrm: 1.00 | dt: 19700.79ms | tok/sec: 26,612 | bf16_mfu: 0.00 | epoch: 1 pq: 6 rg: 49 | total time: 185.02m | eta: 657.8m
step 00562/02520 (22.30%) | loss: 3.267436 | lrm: 1.00 | dt: 21298.00ms | tok/sec: 24,616 | bf16_mfu: 0.00 | epoch: 1 pq: 6 rg: 50 | total time: 185.37m | eta: 657.5m
step 00563/02520 (22.34%) | loss: 3.267591 | lrm: 1.00 | dt: 19680.72ms | tok/sec: 26,639 | bf16_mfu: 0.00 | epoch: 1 pq: 6 rg: 51 | total time: 185.70m | eta: 657.2m
step 00564/02520 (22.38%) | loss: 3.252750 | lrm: 1.00 | dt: 19705.49ms | tok/sec: 26,606 | bf16_mfu: 0.00 | epoch: 1 pq: 6 rg: 52 | total time: 186.03m | eta: 656.8m
step 00565/02520 (22.42%) | loss: 3.247792 | lrm: 1.00 | dt: 21242.93ms | tok/sec: 24,680 | bf16_mfu: 0.00 | epoch: 1 pq: 6 rg: 53 | total time: 186.38m | eta: 656.5m
step 00566/02520 (22.46%) | loss: 3.251938 | lrm: 1.00 | dt: 19747.03ms | tok/sec: 26,550 | bf16_mfu: 0.00 | epoch: 1 pq: 6 rg: 54 | total time: 186.71m | eta: 656.2m
step 00567/02520 (22.50%) | loss: 3.256492 | lrm: 1.00 | dt: 19664.50ms | tok/sec: 26,661 | bf16_mfu: 0.00 | epoch: 1 pq: 6 rg: 55 | total time: 187.04m | eta: 655.8m
step 00568/02520 (22.54%) | loss: 3.236170 | lrm: 1.00 | dt: 21218.14ms | tok/sec: 24,709 | bf16_mfu: 0.00 | epoch: 1 pq: 6 rg: 56 | total time: 187.39m | eta: 655.5m
step 00569/02520 (22.58%) | loss: 3.216564 | lrm: 1.00 | dt: 19780.41ms | tok/sec: 26,505 | bf16_mfu: 0.00 | epoch: 1 pq: 6 rg: 57 | total time: 187.72m | eta: 655.2m
step 00570/02520 (22.62%) | loss: 3.247703 | lrm: 1.00 | dt: 19690.92ms | tok/sec: 26,625 | bf16_mfu: 0.00 | epoch: 1 pq: 6 rg: 58 | total time: 188.05m | eta: 654.8m
step 00571/02520 (22.66%) | loss: 3.246358 | lrm: 1.00 | dt: 21166.18ms | tok/sec: 24,770 | bf16_mfu: 0.00 | epoch: 1 pq: 6 rg: 59 | total time: 188.40m | eta: 654.5m
step 00572/02520 (22.70%) | loss: 3.231673 | lrm: 1.00 | dt: 19693.35ms | tok/sec: 26,622 | bf16_mfu: 0.00 | epoch: 1 pq: 6 rg: 60 | total time: 188.73m | eta: 654.2m
step 00573/02520 (22.74%) | loss: 3.229910 | lrm: 1.00 | dt: 19758.08ms | tok/sec: 26,535 | bf16_mfu: 0.00 | epoch: 1 pq: 6 rg: 61 | total time: 189.06m | eta: 653.8m
step 00574/02520 (22.78%) | loss: 3.215247 | lrm: 1.00 | dt: 21249.61ms | tok/sec: 24,672 | bf16_mfu: 0.00 | epoch: 1 pq: 6 rg: 62 | total time: 189.42m | eta: 653.6m
step 00575/02520 (22.82%) | loss: 3.231737 | lrm: 1.00 | dt: 19735.60ms | tok/sec: 26,565 | bf16_mfu: 0.00 | epoch: 1 pq: 6 rg: 62 | total time: 189.75m | eta: 653.2m
step 00576/02520 (22.86%) | loss: 3.226351 | lrm: 1.00 | dt: 19672.27ms | tok/sec: 26,651 | bf16_mfu: 0.00 | epoch: 1 pq: 6 rg: 63 | total time: 190.07m | eta: 652.8m
step 00577/02520 (22.90%) | loss: 3.217948 | lrm: 1.00 | dt: 21404.11ms | tok/sec: 24,494 | bf16_mfu: 0.00 | epoch: 1 pq: 6 rg: 64 | total time: 190.43m | eta: 652.6m
step 00578/02520 (22.94%) | loss: 3.213519 | lrm: 1.00 | dt: 19708.86ms | tok/sec: 26,601 | bf16_mfu: 0.00 | epoch: 1 pq: 6 rg: 65 | total time: 190.76m | eta: 652.2m
step 00579/02520 (22.98%) | loss: 3.205361 | lrm: 1.00 | dt: 19766.50ms | tok/sec: 26,524 | bf16_mfu: 0.00 | epoch: 1 pq: 6 rg: 66 | total time: 191.09m | eta: 651.8m
step 00580/02520 (23.02%) | loss: 3.210802 | lrm: 1.00 | dt: 21329.13ms | tok/sec: 24,580 | bf16_mfu: 0.00 | epoch: 1 pq: 6 rg: 67 | total time: 191.44m | eta: 651.6m
step 00581/02520 (23.06%) | loss: 3.217890 | lrm: 1.00 | dt: 19732.56ms | tok/sec: 26,569 | bf16_mfu: 0.00 | epoch: 1 pq: 6 rg: 68 | total time: 191.77m | eta: 651.2m
step 00582/02520 (23.10%) | loss: 3.207430 | lrm: 1.00 | dt: 19809.99ms | tok/sec: 26,465 | bf16_mfu: 0.00 | epoch: 1 pq: 6 rg: 69 | total time: 192.10m | eta: 650.9m
step 00583/02520 (23.13%) | loss: 3.203304 | lrm: 1.00 | dt: 21275.62ms | tok/sec: 24,642 | bf16_mfu: 0.00 | epoch: 1 pq: 6 rg: 70 | total time: 192.46m | eta: 650.6m
step 00584/02520 (23.17%) | loss: 3.225653 | lrm: 1.00 | dt: 19757.75ms | tok/sec: 26,535 | bf16_mfu: 0.00 | epoch: 1 pq: 6 rg: 71 | total time: 192.79m | eta: 650.2m
step 00585/02520 (23.21%) | loss: 3.224007 | lrm: 1.00 | dt: 19707.42ms | tok/sec: 26,603 | bf16_mfu: 0.00 | epoch: 1 pq: 6 rg: 72 | total time: 193.11m | eta: 649.9m
step 00586/02520 (23.25%) | loss: 3.236392 | lrm: 1.00 | dt: 21345.73ms | tok/sec: 24,561 | bf16_mfu: 0.00 | epoch: 1 pq: 6 rg: 73 | total time: 193.47m | eta: 649.6m
step 00587/02520 (23.29%) | loss: 3.238797 | lrm: 1.00 | dt: 19750.13ms | tok/sec: 26,546 | bf16_mfu: 0.00 | epoch: 1 pq: 6 rg: 74 | total time: 193.80m | eta: 649.2m
step 00588/02520 (23.33%) | loss: 3.247162 | lrm: 1.00 | dt: 19775.76ms | tok/sec: 26,511 | bf16_mfu: 0.00 | epoch: 1 pq: 6 rg: 75 | total time: 194.13m | eta: 648.9m
step 00589/02520 (23.37%) | loss: 3.241253 | lrm: 1.00 | dt: 21225.80ms | tok/sec: 24,700 | bf16_mfu: 0.00 | epoch: 1 pq: 6 rg: 76 | total time: 194.48m | eta: 648.6m
step 00590/02520 (23.41%) | loss: 3.260963 | lrm: 1.00 | dt: 21257.99ms | tok/sec: 24,663 | bf16_mfu: 0.00 | epoch: 1 pq: 6 rg: 77 | total time: 194.84m | eta: 648.3m
step 00591/02520 (23.45%) | loss: 3.263893 | lrm: 1.00 | dt: 20914.23ms | tok/sec: 25,068 | bf16_mfu: 0.00 | epoch: 1 pq: 6 rg: 78 | total time: 195.19m | eta: 648.0m
step 00592/02520 (23.49%) | loss: 3.261056 | lrm: 1.00 | dt: 18379.56ms | tok/sec: 28,525 | bf16_mfu: 0.00 | epoch: 1 pq: 6 rg: 79 | total time: 195.49m | eta: 647.6m
step 00593/02520 (23.53%) | loss: 3.244081 | lrm: 1.00 | dt: 19507.33ms | tok/sec: 26,876 | bf16_mfu: 0.00 | epoch: 1 pq: 6 rg: 80 | total time: 195.82m | eta: 647.2m
step 00594/02520 (23.57%) | loss: 3.231128 | lrm: 1.00 | dt: 21438.30ms | tok/sec: 24,455 | bf16_mfu: 0.00 | epoch: 1 pq: 6 rg: 81 | total time: 196.17m | eta: 647.0m
step 00595/02520 (23.61%) | loss: 3.230822 | lrm: 1.00 | dt: 19893.29ms | tok/sec: 26,355 | bf16_mfu: 0.00 | epoch: 1 pq: 7 rg: 0 | total time: 196.51m | eta: 646.6m
step 00596/02520 (23.65%) | loss: 3.233109 | lrm: 1.00 | dt: 19502.21ms | tok/sec: 26,883 | bf16_mfu: 0.00 | epoch: 1 pq: 7 rg: 1 | total time: 196.83m | eta: 646.3m
step 00597/02520 (23.69%) | loss: 3.237726 | lrm: 1.00 | dt: 21230.83ms | tok/sec: 24,694 | bf16_mfu: 0.00 | epoch: 1 pq: 7 rg: 2 | total time: 197.18m | eta: 646.0m
step 00598/02520 (23.73%) | loss: 3.245191 | lrm: 1.00 | dt: 19871.36ms | tok/sec: 26,384 | bf16_mfu: 0.00 | epoch: 1 pq: 7 rg: 3 | total time: 197.52m | eta: 645.6m
step 00599/02520 (23.77%) | loss: 3.252554 | lrm: 1.00 | dt: 19713.09ms | tok/sec: 26,595 | bf16_mfu: 0.00 | epoch: 1 pq: 7 rg: 4 | total time: 197.84m | eta: 645.3m
step 00600/02520 (23.81%) | loss: 3.216693 | lrm: 1.00 | dt: 21214.76ms | tok/sec: 24,713 | bf16_mfu: 0.00 | epoch: 1 pq: 7 rg: 5 | total time: 198.20m | eta: 645.0m
step 00601/02520 (23.85%) | loss: 3.243079 | lrm: 1.00 | dt: 19632.85ms | tok/sec: 26,704 | bf16_mfu: 0.00 | epoch: 1 pq: 7 rg: 6 | total time: 198.53m | eta: 644.6m
step 00602/02520 (23.89%) | loss: 3.244814 | lrm: 1.00 | dt: 19705.46ms | tok/sec: 26,606 | bf16_mfu: 0.00 | epoch: 1 pq: 7 rg: 7 | total time: 198.85m | eta: 644.3m
step 00603/02520 (23.93%) | loss: 3.268486 | lrm: 1.00 | dt: 21216.39ms | tok/sec: 24,711 | bf16_mfu: 0.00 | epoch: 1 pq: 7 rg: 8 | total time: 199.21m | eta: 644.0m
step 00604/02520 (23.97%) | loss: 3.279241 | lrm: 1.00 | dt: 19699.60ms | tok/sec: 26,614 | bf16_mfu: 0.00 | epoch: 1 pq: 7 rg: 9 | total time: 199.54m | eta: 643.6m
step 00605/02520 (24.01%) | loss: 3.270694 | lrm: 1.00 | dt: 19714.35ms | tok/sec: 26,594 | bf16_mfu: 0.00 | epoch: 1 pq: 7 rg: 10 | total time: 199.86m | eta: 643.3m
step 00606/02520 (24.05%) | loss: 3.270407 | lrm: 1.00 | dt: 21273.37ms | tok/sec: 24,645 | bf16_mfu: 0.00 | epoch: 1 pq: 7 rg: 11 | total time: 200.22m | eta: 643.0m
step 00607/02520 (24.09%) | loss: 3.271868 | lrm: 1.00 | dt: 19668.43ms | tok/sec: 26,656 | bf16_mfu: 0.00 | epoch: 1 pq: 7 rg: 12 | total time: 200.55m | eta: 642.6m
step 00608/02520 (24.13%) | loss: 3.258844 | lrm: 1.00 | dt: 19742.48ms | tok/sec: 26,556 | bf16_mfu: 0.00 | epoch: 1 pq: 7 rg: 12 | total time: 200.88m | eta: 642.3m
step 00609/02520 (24.17%) | loss: 3.243779 | lrm: 1.00 | dt: 21201.49ms | tok/sec: 24,728 | bf16_mfu: 0.00 | epoch: 1 pq: 7 rg: 13 | total time: 201.23m | eta: 642.0m
step 00610/02520 (24.21%) | loss: 3.234737 | lrm: 1.00 | dt: 19741.93ms | tok/sec: 26,557 | bf16_mfu: 0.00 | epoch: 1 pq: 7 rg: 14 | total time: 201.56m | eta: 641.6m
step 00611/02520 (24.25%) | loss: 3.216864 | lrm: 1.00 | dt: 19723.67ms | tok/sec: 26,581 | bf16_mfu: 0.00 | epoch: 1 pq: 7 rg: 15 | total time: 201.89m | eta: 641.3m
step 00612/02520 (24.29%) | loss: 3.222218 | lrm: 1.00 | dt: 21327.52ms | tok/sec: 24,582 | bf16_mfu: 0.00 | epoch: 1 pq: 7 rg: 16 | total time: 202.24m | eta: 641.0m
step 00613/02520 (24.33%) | loss: 3.207095 | lrm: 1.00 | dt: 19796.18ms | tok/sec: 26,484 | bf16_mfu: 0.00 | epoch: 1 pq: 7 rg: 17 | total time: 202.57m | eta: 640.6m
step 00614/02520 (24.37%) | loss: 3.238499 | lrm: 1.00 | dt: 19670.77ms | tok/sec: 26,653 | bf16_mfu: 0.00 | epoch: 1 pq: 7 rg: 18 | total time: 202.90m | eta: 640.3m
step 00615/02520 (24.40%) | loss: 3.236346 | lrm: 1.00 | dt: 21283.78ms | tok/sec: 24,633 | bf16_mfu: 0.00 | epoch: 1 pq: 7 rg: 19 | total time: 203.25m | eta: 640.0m
step 00616/02520 (24.44%) | loss: 3.225775 | lrm: 1.00 | dt: 19731.73ms | tok/sec: 26,570 | bf16_mfu: 0.00 | epoch: 1 pq: 7 rg: 20 | total time: 203.58m | eta: 639.6m
step 00617/02520 (24.48%) | loss: 3.233251 | lrm: 1.00 | dt: 19693.32ms | tok/sec: 26,622 | bf16_mfu: 0.00 | epoch: 1 pq: 7 rg: 21 | total time: 203.91m | eta: 639.3m
step 00618/02520 (24.52%) | loss: 3.215536 | lrm: 1.00 | dt: 21227.10ms | tok/sec: 24,698 | bf16_mfu: 0.00 | epoch: 1 pq: 7 rg: 22 | total time: 204.27m | eta: 639.0m
step 00619/02520 (24.56%) | loss: 3.219257 | lrm: 1.00 | dt: 19703.55ms | tok/sec: 26,608 | bf16_mfu: 0.00 | epoch: 1 pq: 7 rg: 23 | total time: 204.59m | eta: 638.6m
step 00620/02520 (24.60%) | loss: 3.207000 | lrm: 1.00 | dt: 19689.39ms | tok/sec: 26,627 | bf16_mfu: 0.00 | epoch: 1 pq: 7 rg: 24 | total time: 204.92m | eta: 638.3m
step 00621/02520 (24.64%) | loss: 3.187136 | lrm: 1.00 | dt: 21247.02ms | tok/sec: 24,675 | bf16_mfu: 0.00 | epoch: 1 pq: 7 rg: 25 | total time: 205.28m | eta: 638.0m
step 00622/02520 (24.68%) | loss: 3.198275 | lrm: 1.00 | dt: 19589.67ms | tok/sec: 26,763 | bf16_mfu: 0.00 | epoch: 1 pq: 7 rg: 26 | total time: 205.60m | eta: 637.6m
step 00623/02520 (24.72%) | loss: 3.200304 | lrm: 1.00 | dt: 19840.56ms | tok/sec: 26,425 | bf16_mfu: 0.00 | epoch: 1 pq: 7 rg: 27 | total time: 205.93m | eta: 637.3m
step 00624/02520 (24.76%) | loss: 3.205609 | lrm: 1.00 | dt: 21312.80ms | tok/sec: 24,599 | bf16_mfu: 0.00 | epoch: 1 pq: 7 rg: 28 | total time: 206.29m | eta: 637.0m
step 00625/02520 (24.80%) | loss: 3.222939 | lrm: 1.00 | dt: 19659.24ms | tok/sec: 26,668 | bf16_mfu: 0.00 | epoch: 1 pq: 7 rg: 29 | total time: 206.62m | eta: 636.6m
step 00626/02520 (24.84%) | loss: 3.212614 | lrm: 1.00 | dt: 19684.40ms | tok/sec: 26,634 | bf16_mfu: 0.00 | epoch: 1 pq: 7 rg: 30 | total time: 206.94m | eta: 636.3m
step 00627/02520 (24.88%) | loss: 3.224137 | lrm: 1.00 | dt: 21319.39ms | tok/sec: 24,592 | bf16_mfu: 0.00 | epoch: 1 pq: 7 rg: 31 | total time: 207.30m | eta: 636.0m
step 00628/02520 (24.92%) | loss: 3.220267 | lrm: 1.00 | dt: 19723.61ms | tok/sec: 26,581 | bf16_mfu: 0.00 | epoch: 1 pq: 7 rg: 32 | total time: 207.63m | eta: 635.7m
step 00629/02520 (24.96%) | loss: 3.225893 | lrm: 1.00 | dt: 19676.00ms | tok/sec: 26,646 | bf16_mfu: 0.00 | epoch: 1 pq: 7 rg: 33 | total time: 207.96m | eta: 635.3m
step 00630/02520 (25.00%) | loss: 3.239596 | lrm: 1.00 | dt: 21241.88ms | tok/sec: 24,681 | bf16_mfu: 0.00 | epoch: 1 pq: 7 rg: 34 | total time: 208.31m | eta: 635.0m
step 00631/02520 (25.04%) | loss: 3.235681 | lrm: 1.00 | dt: 19594.68ms | tok/sec: 26,756 | bf16_mfu: 0.00 | epoch: 1 pq: 7 rg: 35 | total time: 208.64m | eta: 634.6m
step 00632/02520 (25.08%) | loss: 3.227987 | lrm: 1.00 | dt: 21237.53ms | tok/sec: 24,686 | bf16_mfu: 0.00 | epoch: 1 pq: 7 rg: 36 | total time: 208.99m | eta: 634.4m
step 00633/02520 (25.12%) | loss: 3.218724 | lrm: 1.00 | dt: 19696.71ms | tok/sec: 26,618 | bf16_mfu: 0.00 | epoch: 1 pq: 7 rg: 37 | total time: 209.32m | eta: 634.0m
step 00634/02520 (25.16%) | loss: 3.228283 | lrm: 1.00 | dt: 19658.19ms | tok/sec: 26,670 | bf16_mfu: 0.00 | epoch: 1 pq: 7 rg: 38 | total time: 209.65m | eta: 633.6m
step 00635/02520 (25.20%) | loss: 3.268748 | lrm: 1.00 | dt: 21363.28ms | tok/sec: 24,541 | bf16_mfu: 0.00 | epoch: 1 pq: 7 rg: 39 | total time: 210.00m | eta: 633.4m
step 00636/02520 (25.24%) | loss: 3.263131 | lrm: 1.00 | dt: 19603.95ms | tok/sec: 26,743 | bf16_mfu: 0.00 | epoch: 1 pq: 7 rg: 40 | total time: 210.33m | eta: 633.0m
step 00637/02520 (25.28%) | loss: 3.261151 | lrm: 1.00 | dt: 19688.56ms | tok/sec: 26,629 | bf16_mfu: 0.00 | epoch: 1 pq: 7 rg: 41 | total time: 210.66m | eta: 632.6m
step 00638/02520 (25.32%) | loss: 3.258584 | lrm: 1.00 | dt: 21225.66ms | tok/sec: 24,700 | bf16_mfu: 0.00 | epoch: 1 pq: 7 rg: 42 | total time: 211.01m | eta: 632.4m
step 00639/02520 (25.36%) | loss: 3.256682 | lrm: 1.00 | dt: 19697.64ms | tok/sec: 26,616 | bf16_mfu: 0.00 | epoch: 1 pq: 7 rg: 43 | total time: 211.34m | eta: 632.0m
step 00640/02520 (25.40%) | loss: 3.233984 | lrm: 1.00 | dt: 19763.82ms | tok/sec: 26,527 | bf16_mfu: 0.00 | epoch: 1 pq: 7 rg: 44 | total time: 211.67m | eta: 631.6m
step 00641/02520 (25.44%) | loss: 3.219226 | lrm: 1.00 | dt: 21309.13ms | tok/sec: 24,603 | bf16_mfu: 0.00 | epoch: 1 pq: 7 rg: 45 | total time: 212.02m | eta: 631.4m
step 00642/02520 (25.48%) | loss: 3.205192 | lrm: 1.00 | dt: 19659.33ms | tok/sec: 26,668 | bf16_mfu: 0.00 | epoch: 1 pq: 7 rg: 46 | total time: 212.35m | eta: 631.0m
step 00643/02520 (25.52%) | loss: 3.221802 | lrm: 1.00 | dt: 19750.34ms | tok/sec: 26,545 | bf16_mfu: 0.00 | epoch: 1 pq: 7 rg: 47 | total time: 212.68m | eta: 630.7m
step 00644/02520 (25.56%) | loss: 3.200908 | lrm: 1.00 | dt: 21262.36ms | tok/sec: 24,658 | bf16_mfu: 0.00 | epoch: 1 pq: 7 rg: 47 | total time: 213.04m | eta: 630.4m
step 00645/02520 (25.60%) | loss: 3.209318 | lrm: 1.00 | dt: 19793.47ms | tok/sec: 26,487 | bf16_mfu: 0.00 | epoch: 1 pq: 7 rg: 48 | total time: 213.37m | eta: 630.0m
step 00646/02520 (25.63%) | loss: 3.223437 | lrm: 1.00 | dt: 19699.90ms | tok/sec: 26,613 | bf16_mfu: 0.00 | epoch: 1 pq: 7 rg: 49 | total time: 213.69m | eta: 629.7m
step 00647/02520 (25.67%) | loss: 3.188325 | lrm: 1.00 | dt: 21314.78ms | tok/sec: 24,597 | bf16_mfu: 0.00 | epoch: 1 pq: 7 rg: 50 | total time: 214.05m | eta: 629.4m
step 00648/02520 (25.71%) | loss: 3.195092 | lrm: 1.00 | dt: 19774.38ms | tok/sec: 26,513 | bf16_mfu: 0.00 | epoch: 1 pq: 7 rg: 51 | total time: 214.38m | eta: 629.0m
step 00649/02520 (25.75%) | loss: 3.227685 | lrm: 1.00 | dt: 19707.66ms | tok/sec: 26,603 | bf16_mfu: 0.00 | epoch: 1 pq: 7 rg: 52 | total time: 214.71m | eta: 628.7m
step 00650/02520 (25.79%) | loss: 3.204592 | lrm: 1.00 | dt: 21442.98ms | tok/sec: 24,450 | bf16_mfu: 0.00 | epoch: 1 pq: 7 rg: 53 | total time: 215.06m | eta: 628.4m
step 00651/02520 (25.83%) | loss: 3.210914 | lrm: 1.00 | dt: 19662.05ms | tok/sec: 26,664 | bf16_mfu: 0.00 | epoch: 1 pq: 7 rg: 54 | total time: 215.39m | eta: 628.0m
step 00652/02520 (25.87%) | loss: 3.204261 | lrm: 1.00 | dt: 19718.46ms | tok/sec: 26,588 | bf16_mfu: 0.00 | epoch: 1 pq: 7 rg: 55 | total time: 215.72m | eta: 627.7m
step 00653/02520 (25.91%) | loss: 3.200615 | lrm: 1.00 | dt: 21327.66ms | tok/sec: 24,582 | bf16_mfu: 0.00 | epoch: 1 pq: 7 rg: 56 | total time: 216.08m | eta: 627.4m
step 00654/02520 (25.95%) | loss: 3.194313 | lrm: 1.00 | dt: 19681.71ms | tok/sec: 26,638 | bf16_mfu: 0.00 | epoch: 1 pq: 7 rg: 57 | total time: 216.40m | eta: 627.0m
step 00655/02520 (25.99%) | loss: 3.217226 | lrm: 1.00 | dt: 19773.27ms | tok/sec: 26,514 | bf16_mfu: 0.00 | epoch: 1 pq: 7 rg: 58 | total time: 216.73m | eta: 626.7m
step 00656/02520 (26.03%) | loss: 3.247396 | lrm: 1.00 | dt: 21361.82ms | tok/sec: 24,543 | bf16_mfu: 0.00 | epoch: 1 pq: 7 rg: 59 | total time: 217.09m | eta: 626.4m
step 00657/02520 (26.07%) | loss: 3.238028 | lrm: 1.00 | dt: 19701.62ms | tok/sec: 26,611 | bf16_mfu: 0.00 | epoch: 1 pq: 7 rg: 60 | total time: 217.42m | eta: 626.0m
step 00658/02520 (26.11%) | loss: 3.248835 | lrm: 1.00 | dt: 19711.10ms | tok/sec: 26,598 | bf16_mfu: 0.00 | epoch: 1 pq: 7 rg: 61 | total time: 217.75m | eta: 625.7m
step 00659/02520 (26.15%) | loss: 3.280082 | lrm: 1.00 | dt: 21350.92ms | tok/sec: 24,555 | bf16_mfu: 0.00 | epoch: 1 pq: 7 rg: 62 | total time: 218.10m | eta: 625.4m
step 00660/02520 (26.19%) | loss: 3.264841 | lrm: 1.00 | dt: 19627.75ms | tok/sec: 26,711 | bf16_mfu: 0.00 | epoch: 1 pq: 7 rg: 63 | total time: 218.43m | eta: 625.0m
step 00661/02520 (26.23%) | loss: 3.241963 | lrm: 1.00 | dt: 19691.37ms | tok/sec: 26,625 | bf16_mfu: 0.00 | epoch: 1 pq: 7 rg: 64 | total time: 218.76m | eta: 624.7m
step 00662/02520 (26.27%) | loss: 3.242153 | lrm: 1.00 | dt: 21370.61ms | tok/sec: 24,533 | bf16_mfu: 0.00 | epoch: 1 pq: 7 rg: 65 | total time: 219.11m | eta: 624.4m
step 00663/02520 (26.31%) | loss: 3.238928 | lrm: 1.00 | dt: 19671.67ms | tok/sec: 26,651 | bf16_mfu: 0.00 | epoch: 1 pq: 7 rg: 66 | total time: 219.44m | eta: 624.0m
step 00664/02520 (26.35%) | loss: 3.242095 | lrm: 1.00 | dt: 19782.57ms | tok/sec: 26,502 | bf16_mfu: 0.00 | epoch: 1 pq: 7 rg: 67 | total time: 219.77m | eta: 623.7m
step 00665/02520 (26.39%) | loss: 3.233644 | lrm: 1.00 | dt: 21261.96ms | tok/sec: 24,658 | bf16_mfu: 0.00 | epoch: 1 pq: 7 rg: 68 | total time: 220.13m | eta: 623.4m
step 00666/02520 (26.43%) | loss: 3.247662 | lrm: 1.00 | dt: 19706.86ms | tok/sec: 26,604 | bf16_mfu: 0.00 | epoch: 1 pq: 7 rg: 69 | total time: 220.45m | eta: 623.1m
step 00667/02520 (26.47%) | loss: 3.255375 | lrm: 1.00 | dt: 19726.24ms | tok/sec: 26,578 | bf16_mfu: 0.00 | epoch: 1 pq: 7 rg: 70 | total time: 220.78m | eta: 622.7m
step 00668/02520 (26.51%) | loss: 3.237724 | lrm: 1.00 | dt: 21261.52ms | tok/sec: 24,659 | bf16_mfu: 0.00 | epoch: 1 pq: 7 rg: 71 | total time: 221.14m | eta: 622.4m
step 00669/02520 (26.55%) | loss: 3.253164 | lrm: 1.00 | dt: 19765.08ms | tok/sec: 26,525 | bf16_mfu: 0.00 | epoch: 1 pq: 7 rg: 72 | total time: 221.47m | eta: 622.1m
step 00670/02520 (26.59%) | loss: 3.259183 | lrm: 1.00 | dt: 19658.45ms | tok/sec: 26,669 | bf16_mfu: 0.00 | epoch: 1 pq: 7 rg: 73 | total time: 221.79m | eta: 621.7m
step 00671/02520 (26.63%) | loss: 3.221120 | lrm: 1.00 | dt: 21251.21ms | tok/sec: 24,670 | bf16_mfu: 0.00 | epoch: 1 pq: 7 rg: 74 | total time: 222.15m | eta: 621.4m
step 00672/02520 (26.67%) | loss: 3.233283 | lrm: 1.00 | dt: 19709.96ms | tok/sec: 26,600 | bf16_mfu: 0.00 | epoch: 1 pq: 7 rg: 75 | total time: 222.48m | eta: 621.1m
step 00673/02520 (26.71%) | loss: 3.226272 | lrm: 1.00 | dt: 19693.76ms | tok/sec: 26,622 | bf16_mfu: 0.00 | epoch: 1 pq: 7 rg: 76 | total time: 222.81m | eta: 620.7m
step 00674/02520 (26.75%) | loss: 3.213935 | lrm: 1.00 | dt: 21410.97ms | tok/sec: 24,486 | bf16_mfu: 0.00 | epoch: 1 pq: 7 rg: 77 | total time: 223.16m | eta: 620.4m
step 00675/02520 (26.79%) | loss: 3.202223 | lrm: 1.00 | dt: 19656.26ms | tok/sec: 26,672 | bf16_mfu: 0.00 | epoch: 1 pq: 7 rg: 77 | total time: 223.49m | eta: 620.1m
step 00676/02520 (26.83%) | loss: 3.188878 | lrm: 1.00 | dt: 19806.34ms | tok/sec: 26,470 | bf16_mfu: 0.00 | epoch: 1 pq: 7 rg: 78 | total time: 223.82m | eta: 619.7m
step 00677/02520 (26.87%) | loss: 3.200580 | lrm: 1.00 | dt: 21341.71ms | tok/sec: 24,566 | bf16_mfu: 0.00 | epoch: 1 pq: 7 rg: 79 | total time: 224.18m | eta: 619.4m
step 00678/02520 (26.90%) | loss: 3.181781 | lrm: 1.00 | dt: 19743.54ms | tok/sec: 26,554 | bf16_mfu: 0.00 | epoch: 1 pq: 7 rg: 80 | total time: 224.51m | eta: 619.1m
step 00679/02520 (26.94%) | loss: 3.188828 | lrm: 1.00 | dt: 19733.45ms | tok/sec: 26,568 | bf16_mfu: 0.00 | epoch: 1 pq: 7 rg: 81 | total time: 224.83m | eta: 618.7m
step 00680/02520 (26.98%) | loss: 3.194741 | lrm: 1.00 | dt: 21247.47ms | tok/sec: 24,675 | bf16_mfu: 0.00 | epoch: 1 pq: 8 rg: 0 | total time: 225.19m | eta: 618.4m
step 00681/02520 (27.02%) | loss: 3.172205 | lrm: 1.00 | dt: 19780.17ms | tok/sec: 26,505 | bf16_mfu: 0.00 | epoch: 1 pq: 8 rg: 1 | total time: 225.52m | eta: 618.1m
step 00682/02520 (27.06%) | loss: 3.177011 | lrm: 1.00 | dt: 19664.33ms | tok/sec: 26,661 | bf16_mfu: 0.00 | epoch: 1 pq: 8 rg: 2 | total time: 225.85m | eta: 617.7m
step 00683/02520 (27.10%) | loss: 3.179820 | lrm: 1.00 | dt: 21302.69ms | tok/sec: 24,611 | bf16_mfu: 0.00 | epoch: 1 pq: 8 rg: 3 | total time: 226.20m | eta: 617.4m
step 00684/02520 (27.14%) | loss: 3.182919 | lrm: 1.00 | dt: 19732.76ms | tok/sec: 26,569 | bf16_mfu: 0.00 | epoch: 1 pq: 8 rg: 4 | total time: 226.53m | eta: 617.1m
step 00685/02520 (27.18%) | loss: 3.168417 | lrm: 1.00 | dt: 19696.79ms | tok/sec: 26,617 | bf16_mfu: 0.00 | epoch: 1 pq: 8 rg: 5 | total time: 226.86m | eta: 616.7m
step 00686/02520 (27.22%) | loss: 3.159877 | lrm: 1.00 | dt: 21401.30ms | tok/sec: 24,497 | bf16_mfu: 0.00 | epoch: 1 pq: 8 rg: 6 | total time: 227.21m | eta: 616.4m
step 00687/02520 (27.26%) | loss: 3.154996 | lrm: 1.00 | dt: 19641.62ms | tok/sec: 26,692 | bf16_mfu: 0.00 | epoch: 1 pq: 8 rg: 7 | total time: 227.54m | eta: 616.1m
step 00688/02520 (27.30%) | loss: 3.171229 | lrm: 1.00 | dt: 21347.64ms | tok/sec: 24,559 | bf16_mfu: 0.00 | epoch: 1 pq: 8 rg: 8 | total time: 227.90m | eta: 615.8m
step 00689/02520 (27.34%) | loss: 3.163623 | lrm: 1.00 | dt: 19744.97ms | tok/sec: 26,552 | bf16_mfu: 0.00 | epoch: 1 pq: 8 rg: 9 | total time: 228.23m | eta: 615.4m
step 00690/02520 (27.38%) | loss: 3.154603 | lrm: 1.00 | dt: 19599.58ms | tok/sec: 26,749 | bf16_mfu: 0.00 | epoch: 1 pq: 8 rg: 10 | total time: 228.55m | eta: 615.1m
step 00691/02520 (27.42%) | loss: 3.199398 | lrm: 1.00 | dt: 21378.01ms | tok/sec: 24,524 | bf16_mfu: 0.00 | epoch: 1 pq: 8 rg: 11 | total time: 228.91m | eta: 614.8m
step 00692/02520 (27.46%) | loss: 3.189507 | lrm: 1.00 | dt: 19719.69ms | tok/sec: 26,587 | bf16_mfu: 0.00 | epoch: 1 pq: 8 rg: 12 | total time: 229.24m | eta: 614.4m
step 00693/02520 (27.50%) | loss: 3.182417 | lrm: 1.00 | dt: 19635.82ms | tok/sec: 26,700 | bf16_mfu: 0.00 | epoch: 1 pq: 8 rg: 13 | total time: 229.57m | eta: 614.1m
step 00694/02520 (27.54%) | loss: 3.183663 | lrm: 1.00 | dt: 21365.05ms | tok/sec: 24,539 | bf16_mfu: 0.00 | epoch: 1 pq: 8 rg: 14 | total time: 229.92m | eta: 613.8m
step 00695/02520 (27.58%) | loss: 3.215567 | lrm: 1.00 | dt: 19676.64ms | tok/sec: 26,645 | bf16_mfu: 0.00 | epoch: 1 pq: 8 rg: 15 | total time: 230.25m | eta: 613.4m
step 00696/02520 (27.62%) | loss: 3.229813 | lrm: 1.00 | dt: 19706.66ms | tok/sec: 26,604 | bf16_mfu: 0.00 | epoch: 1 pq: 8 rg: 16 | total time: 230.58m | eta: 613.1m
step 00697/02520 (27.66%) | loss: 3.241242 | lrm: 1.00 | dt: 21265.92ms | tok/sec: 24,653 | bf16_mfu: 0.00 | epoch: 1 pq: 8 rg: 17 | total time: 230.93m | eta: 612.8m
step 00698/02520 (27.70%) | loss: 3.246630 | lrm: 1.00 | dt: 19735.92ms | tok/sec: 26,565 | bf16_mfu: 0.00 | epoch: 1 pq: 8 rg: 18 | total time: 231.26m | eta: 612.4m
step 00699/02520 (27.74%) | loss: 3.274074 | lrm: 1.00 | dt: 19737.18ms | tok/sec: 26,563 | bf16_mfu: 0.00 | epoch: 1 pq: 8 rg: 19 | total time: 231.59m | eta: 612.1m
step 00700/02520 (27.78%) | loss: 3.269489 | lrm: 1.00 | dt: 21324.05ms | tok/sec: 24,586 | bf16_mfu: 0.00 | epoch: 1 pq: 8 rg: 20 | total time: 231.95m | eta: 611.8m
step 00701/02520 (27.82%) | loss: 3.246110 | lrm: 1.00 | dt: 19738.76ms | tok/sec: 26,561 | bf16_mfu: 0.00 | epoch: 1 pq: 8 rg: 21 | total time: 232.27m | eta: 611.4m
step 00702/02520 (27.86%) | loss: 3.237588 | lrm: 1.00 | dt: 19672.20ms | tok/sec: 26,651 | bf16_mfu: 0.00 | epoch: 1 pq: 8 rg: 22 | total time: 232.60m | eta: 611.1m
step 00703/02520 (27.90%) | loss: 3.254024 | lrm: 1.00 | dt: 21454.53ms | tok/sec: 24,437 | bf16_mfu: 0.00 | epoch: 1 pq: 8 rg: 23 | total time: 232.96m | eta: 610.8m
step 00704/02520 (27.94%) | loss: 3.241177 | lrm: 1.00 | dt: 19673.42ms | tok/sec: 26,649 | bf16_mfu: 0.00 | epoch: 1 pq: 8 rg: 23 | total time: 233.29m | eta: 610.4m
step 00705/02520 (27.98%) | loss: 3.230559 | lrm: 1.00 | dt: 19662.16ms | tok/sec: 26,664 | bf16_mfu: 0.00 | epoch: 1 pq: 8 rg: 24 | total time: 233.62m | eta: 610.1m
step 00706/02520 (28.02%) | loss: 3.209572 | lrm: 1.00 | dt: 21326.73ms | tok/sec: 24,583 | bf16_mfu: 0.00 | epoch: 1 pq: 8 rg: 25 | total time: 233.97m | eta: 609.8m
step 00707/02520 (28.06%) | loss: 3.219062 | lrm: 1.00 | dt: 19646.47ms | tok/sec: 26,686 | bf16_mfu: 0.00 | epoch: 1 pq: 8 rg: 26 | total time: 234.30m | eta: 609.4m
step 00708/02520 (28.10%) | loss: 3.233898 | lrm: 1.00 | dt: 19806.95ms | tok/sec: 26,469 | bf16_mfu: 0.00 | epoch: 1 pq: 8 rg: 27 | total time: 234.63m | eta: 609.1m
step 00709/02520 (28.13%) | loss: 3.228804 | lrm: 1.00 | dt: 21304.49ms | tok/sec: 24,609 | bf16_mfu: 0.00 | epoch: 1 pq: 8 rg: 28 | total time: 234.98m | eta: 608.8m
step 00710/02520 (28.17%) | loss: 3.247659 | lrm: 1.00 | dt: 19689.81ms | tok/sec: 26,627 | bf16_mfu: 0.00 | epoch: 1 pq: 8 rg: 29 | total time: 235.31m | eta: 608.4m
step 00711/02520 (28.21%) | loss: 3.227961 | lrm: 1.00 | dt: 19666.13ms | tok/sec: 26,659 | bf16_mfu: 0.00 | epoch: 1 pq: 8 rg: 30 | total time: 235.64m | eta: 608.1m
step 00712/02520 (28.25%) | loss: 3.200586 | lrm: 1.00 | dt: 21353.23ms | tok/sec: 24,553 | bf16_mfu: 0.00 | epoch: 1 pq: 8 rg: 31 | total time: 236.00m | eta: 607.8m
step 00713/02520 (28.29%) | loss: 3.207157 | lrm: 1.00 | dt: 19719.13ms | tok/sec: 26,587 | bf16_mfu: 0.00 | epoch: 1 pq: 8 rg: 32 | total time: 236.32m | eta: 607.5m
step 00714/02520 (28.33%) | loss: 3.231817 | lrm: 1.00 | dt: 19661.94ms | tok/sec: 26,665 | bf16_mfu: 0.00 | epoch: 1 pq: 8 rg: 33 | total time: 236.65m | eta: 607.1m
step 00715/02520 (28.37%) | loss: 3.228561 | lrm: 1.00 | dt: 21338.56ms | tok/sec: 24,569 | bf16_mfu: 0.00 | epoch: 1 pq: 8 rg: 34 | total time: 237.01m | eta: 606.8m
step 00716/02520 (28.41%) | loss: 3.247974 | lrm: 1.00 | dt: 19624.35ms | tok/sec: 26,716 | bf16_mfu: 0.00 | epoch: 1 pq: 8 rg: 35 | total time: 237.33m | eta: 606.4m
step 00717/02520 (28.45%) | loss: 3.259851 | lrm: 1.00 | dt: 19668.41ms | tok/sec: 26,656 | bf16_mfu: 0.00 | epoch: 1 pq: 8 rg: 36 | total time: 237.66m | eta: 606.1m
step 00718/02520 (28.49%) | loss: 3.274589 | lrm: 1.00 | dt: 21461.98ms | tok/sec: 24,428 | bf16_mfu: 0.00 | epoch: 1 pq: 8 rg: 37 | total time: 238.02m | eta: 605.8m
step 00719/02520 (28.53%) | loss: 3.293869 | lrm: 1.00 | dt: 19780.30ms | tok/sec: 26,505 | bf16_mfu: 0.00 | epoch: 1 pq: 8 rg: 38 | total time: 238.35m | eta: 605.5m
step 00720/02520 (28.57%) | loss: 3.292889 | lrm: 1.00 | dt: 19502.21ms | tok/sec: 26,883 | bf16_mfu: 0.00 | epoch: 1 pq: 8 rg: 39 | total time: 238.67m | eta: 605.1m
step 00721/02520 (28.61%) | loss: 3.300395 | lrm: 1.00 | dt: 21347.18ms | tok/sec: 24,560 | bf16_mfu: 0.00 | epoch: 1 pq: 8 rg: 40 | total time: 239.03m | eta: 604.8m
step 00722/02520 (28.65%) | loss: 3.282270 | lrm: 1.00 | dt: 19725.36ms | tok/sec: 26,579 | bf16_mfu: 0.00 | epoch: 1 pq: 8 rg: 41 | total time: 239.36m | eta: 604.4m
step 00723/02520 (28.69%) | loss: 3.268752 | lrm: 1.00 | dt: 20321.30ms | tok/sec: 25,799 | bf16_mfu: 0.00 | epoch: 1 pq: 8 rg: 42 | total time: 239.70m | eta: 604.1m
step 00724/02520 (28.73%) | loss: 3.232904 | lrm: 1.00 | dt: 22205.33ms | tok/sec: 23,610 | bf16_mfu: 0.00 | epoch: 1 pq: 8 rg: 43 | total time: 240.07m | eta: 603.9m
step 00725/02520 (28.77%) | loss: 3.208802 | lrm: 1.00 | dt: 19551.86ms | tok/sec: 26,815 | bf16_mfu: 0.00 | epoch: 1 pq: 8 rg: 44 | total time: 240.39m | eta: 603.5m

===== 2026-09-24 21:49:39 pretrain d12 --resume-from-step=500

                                                       █████                █████
                                                      ░░███                ░░███
     ████████    ██████   ████████    ██████   ██████  ░███████    ██████  ███████
    ░░███░░███  ░░░░░███ ░░███░░███  ███░░███ ███░░███ ░███░░███  ░░░░░███░░░███░
     ░███ ░███   ███████  ░███ ░███ ░███ ░███░███ ░░░  ░███ ░███   ███████  ░███
     ░███ ░███  ███░░███  ░███ ░███ ░███ ░███░███  ███ ░███ ░███  ███░░███  ░███ ███
     ████ █████░░████████ ████ █████░░██████ ░░██████  ████ █████░░███████  ░░█████
    ░░░░ ░░░░░  ░░░░░░░░ ░░░░ ░░░░░  ░░░░░░   ░░░░░░  ░░░░ ░░░░░  ░░░░░░░░   ░░░░░
    
Autodetected device type: cuda
2026-09-24 21:49:43,522 - nanochat.common - [32m[1mINFO[0m - Distributed world size: 1
2026-09-24 21:49:43,523 - nanochat.common - [33m[1mWARNING[0m - Peak flops undefined for: NVIDIA GeForce RTX 3060, MFU will show as 0%
GPU: NVIDIA GeForce RTX 3060 | Peak FLOPS (BF16): inf
COMPUTE_DTYPE: torch.bfloat16 (auto-detected: CUDA SM 86 (bf16 supported))
✓ Using Flash Attention 3: efficient, new and awesome.
Vocab size: 32,768
Model config:
{
  "sequence_len": 2048,
  "vocab_size": 32768,
  "n_layer": 12,
  "n_head": 6,
  "n_kv_head": 6,
  "n_embd": 768,
  "window_pattern": "SSSL"
}
Resuming optimization from step 500
Parameter counts:
wte                     : 25,165,824
value_embeds            : 150,994,944
lm_head                 : 25,165,824
transformer_matrices    : 84,935,088
scalars                 : 50
total                   : 286,261,730
Estimated FLOPs per token: 7.596960e+08
Auto-computed optimal batch size: 524,288 tokens
Scaling the LR for the AdamW parameters ∝1/√(768/768) = 1.000000
Calculated number of iterations from target data:param ratio: 2,520
Total number of training tokens: 1,321,205,760
Tokens : Scaling params ratio: 12.00
Total training FLOPs estimate: 1.003715e+18
Tokens / micro-batch / rank: 8 x 2048 = 16,384
Tokens / micro-batch: 16,384
Total batch size 524,288 => gradient accumulation steps: 32
Step 00500 | Validation bpb: 1.002523
<|bos|>The capital of France is the capital of the capital of the capital of the capital of the capital of the
<|bos|>The chemical symbol of gold is gold. The symbol of gold is gold. The symbol of gold is gold.
<|bos|>If yesterday was Friday, then tomorrow will be the day of the week. The day of the week is Friday, and the
<|bos|>The opposite of hot is the opposite of cold is the opposite of hot is the opposite of cold is the
<|bos|>The planets of the solar system are: the sun, the moon, the stars, the stars, the stars, the
<|bos|>My favorite color is blue. I love the blue color. I love the blue color. I love
<|bos|>If 5*x + 3 = 13, then x is the number of points in the 3D space. If 5*x
step 00500/02520 (19.84%) | loss: 3.319757 | lrm: 1.00 | dt: 25645.89ms | tok/sec: 20,443 | bf16_mfu: 0.00 | epoch: 1 pq: 5 rg: 74 | total time: 164.53m | eta: 678.3m
step 00501/02520 (19.88%) | loss: 3.299981 | lrm: 1.00 | dt: 18784.18ms | tok/sec: 27,911 | bf16_mfu: 0.00 | epoch: 1 pq: 5 rg: 75 | total time: 164.84m | eta: 677.8m
step 00502/02520 (19.92%) | loss: 3.276770 | lrm: 1.00 | dt: 20387.18ms | tok/sec: 25,716 | bf16_mfu: 0.00 | epoch: 1 pq: 5 rg: 76 | total time: 165.18m | eta: 677.5m
step 00503/02520 (19.96%) | loss: 3.275489 | lrm: 1.00 | dt: 18785.09ms | tok/sec: 27,909 | bf16_mfu: 0.00 | epoch: 1 pq: 5 rg: 77 | total time: 165.50m | eta: 677.1m
step 00504/02520 (20.00%) | loss: 3.301778 | lrm: 1.00 | dt: 20518.08ms | tok/sec: 25,552 | bf16_mfu: 0.00 | epoch: 1 pq: 5 rg: 78 | total time: 165.84m | eta: 676.8m
step 00505/02520 (20.04%) | loss: 3.309514 | lrm: 1.00 | dt: 18736.94ms | tok/sec: 27,981 | bf16_mfu: 0.00 | epoch: 1 pq: 5 rg: 79 | total time: 166.15m | eta: 676.4m
step 00506/02520 (20.08%) | loss: 3.290709 | lrm: 1.00 | dt: 18745.76ms | tok/sec: 27,968 | bf16_mfu: 0.00 | epoch: 1 pq: 5 rg: 80 | total time: 166.46m | eta: 675.9m
step 00507/02520 (20.12%) | loss: 3.273316 | lrm: 1.00 | dt: 20374.77ms | tok/sec: 25,732 | bf16_mfu: 0.00 | epoch: 1 pq: 5 rg: 81 | total time: 166.80m | eta: 675.6m
step 00508/02520 (20.16%) | loss: 3.304551 | lrm: 1.00 | dt: 18830.67ms | tok/sec: 27,842 | bf16_mfu: 0.00 | epoch: 1 pq: 5 rg: 82 | total time: 167.12m | eta: 675.2m
step 00509/02520 (20.20%) | loss: 3.297801 | lrm: 1.00 | dt: 18809.08ms | tok/sec: 27,874 | bf16_mfu: 0.00 | epoch: 1 pq: 6 rg: 0 | total time: 167.43m | eta: 674.8m
step 00510/02520 (20.24%) | loss: 3.290108 | lrm: 1.00 | dt: 20434.18ms | tok/sec: 25,657 | bf16_mfu: 0.00 | epoch: 1 pq: 6 rg: 1 | total time: 167.77m | eta: 674.4m
step 00511/02520 (20.28%) | loss: 3.295346 | lrm: 1.00 | dt: 18770.05ms | tok/sec: 27,932 | bf16_mfu: 0.00 | epoch: 1 pq: 6 rg: 3 | total time: 168.08m | eta: 674.0m
step 00512/02520 (20.32%) | loss: 3.306679 | lrm: 1.00 | dt: 20417.49ms | tok/sec: 25,678 | bf16_mfu: 0.00 | epoch: 1 pq: 6 rg: 4 | total time: 168.43m | eta: 673.7m
step 00513/02520 (20.36%) | loss: 3.298851 | lrm: 1.00 | dt: 18799.04ms | tok/sec: 27,889 | bf16_mfu: 0.00 | epoch: 1 pq: 6 rg: 5 | total time: 168.74m | eta: 673.3m
step 00514/02520 (20.40%) | loss: 3.288388 | lrm: 1.00 | dt: 18785.42ms | tok/sec: 27,909 | bf16_mfu: 0.00 | epoch: 1 pq: 6 rg: 6 | total time: 169.05m | eta: 672.9m
step 00515/02520 (20.44%) | loss: 3.285786 | lrm: 1.00 | dt: 20504.41ms | tok/sec: 25,569 | bf16_mfu: 0.00 | epoch: 1 pq: 6 rg: 7 | total time: 169.39m | eta: 672.5m
step 00516/02520 (20.48%) | loss: 3.296772 | lrm: 1.00 | dt: 18891.56ms | tok/sec: 27,752 | bf16_mfu: 0.00 | epoch: 1 pq: 6 rg: 8 | total time: 169.71m | eta: 672.1m
step 00517/02520 (20.52%) | loss: 3.280650 | lrm: 1.00 | dt: 18624.89ms | tok/sec: 28,149 | bf16_mfu: 0.00 | epoch: 1 pq: 6 rg: 9 | total time: 170.02m | eta: 671.7m
step 00518/02520 (20.56%) | loss: 3.284495 | lrm: 1.00 | dt: 20429.65ms | tok/sec: 25,663 | bf16_mfu: 0.00 | epoch: 1 pq: 6 rg: 10 | total time: 170.36m | eta: 671.4m
step 00519/02520 (20.60%) | loss: 3.286664 | lrm: 1.00 | dt: 18838.18ms | tok/sec: 27,831 | bf16_mfu: 0.00 | epoch: 1 pq: 6 rg: 11 | total time: 170.67m | eta: 671.0m
step 00520/02520 (20.63%) | loss: 3.278407 | lrm: 1.00 | dt: 18804.86ms | tok/sec: 27,880 | bf16_mfu: 0.00 | epoch: 1 pq: 6 rg: 12 | total time: 170.99m | eta: 670.5m
step 00521/02520 (20.67%) | loss: 3.290338 | lrm: 1.00 | dt: 20471.77ms | tok/sec: 25,610 | bf16_mfu: 0.00 | epoch: 1 pq: 6 rg: 13 | total time: 171.33m | eta: 670.2m
step 00522/02520 (20.71%) | loss: 3.292689 | lrm: 1.00 | dt: 18719.71ms | tok/sec: 28,007 | bf16_mfu: 0.00 | epoch: 1 pq: 6 rg: 14 | total time: 171.64m | eta: 669.8m
step 00523/02520 (20.75%) | loss: 3.265875 | lrm: 1.00 | dt: 20526.84ms | tok/sec: 25,541 | bf16_mfu: 0.00 | epoch: 1 pq: 6 rg: 15 | total time: 171.98m | eta: 669.5m
step 00524/02520 (20.79%) | loss: 3.257112 | lrm: 1.00 | dt: 18686.33ms | tok/sec: 28,057 | bf16_mfu: 0.00 | epoch: 1 pq: 6 rg: 16 | total time: 172.29m | eta: 669.1m
step 00525/02520 (20.83%) | loss: 3.254644 | lrm: 1.00 | dt: 18821.27ms | tok/sec: 27,856 | bf16_mfu: 0.00 | epoch: 1 pq: 6 rg: 17 | total time: 172.61m | eta: 668.6m
step 00526/02520 (20.87%) | loss: 3.262670 | lrm: 1.00 | dt: 20432.38ms | tok/sec: 25,659 | bf16_mfu: 0.00 | epoch: 1 pq: 6 rg: 18 | total time: 172.95m | eta: 668.3m
step 00527/02520 (20.91%) | loss: 3.295005 | lrm: 1.00 | dt: 18794.22ms | tok/sec: 27,896 | bf16_mfu: 0.00 | epoch: 1 pq: 6 rg: 20 | total time: 173.26m | eta: 667.9m
step 00528/02520 (20.95%) | loss: 3.282208 | lrm: 1.00 | dt: 18786.79ms | tok/sec: 27,907 | bf16_mfu: 0.00 | epoch: 1 pq: 6 rg: 21 | total time: 173.57m | eta: 667.5m
step 00529/02520 (20.99%) | loss: 3.274452 | lrm: 1.00 | dt: 20480.27ms | tok/sec: 25,599 | bf16_mfu: 0.00 | epoch: 1 pq: 6 rg: 22 | total time: 173.92m | eta: 667.2m
step 00530/02520 (21.03%) | loss: 3.278579 | lrm: 1.00 | dt: 18737.01ms | tok/sec: 27,981 | bf16_mfu: 0.00 | epoch: 1 pq: 6 rg: 23 | total time: 174.23m | eta: 666.8m
step 00531/02520 (21.07%) | loss: 3.300393 | lrm: 1.00 | dt: 18795.45ms | tok/sec: 27,894 | bf16_mfu: 0.00 | epoch: 1 pq: 6 rg: 23 | total time: 174.54m | eta: 666.3m
step 00532/02520 (21.11%) | loss: 3.283713 | lrm: 1.00 | dt: 20435.73ms | tok/sec: 25,655 | bf16_mfu: 0.00 | epoch: 1 pq: 6 rg: 24 | total time: 174.88m | eta: 666.0m
step 00533/02520 (21.15%) | loss: 3.278986 | lrm: 1.00 | dt: 18791.92ms | tok/sec: 27,899 | bf16_mfu: 0.00 | epoch: 1 pq: 6 rg: 25 | total time: 175.19m | eta: 665.6m
step 00534/02520 (21.19%) | loss: 3.265593 | lrm: 1.00 | dt: 20456.60ms | tok/sec: 25,629 | bf16_mfu: 0.00 | epoch: 1 pq: 6 rg: 26 | total time: 175.54m | eta: 665.3m
step 00535/02520 (21.23%) | loss: 3.251685 | lrm: 1.00 | dt: 18760.05ms | tok/sec: 27,947 | bf16_mfu: 0.00 | epoch: 1 pq: 6 rg: 27 | total time: 175.85m | eta: 664.9m
step 00536/02520 (21.27%) | loss: 3.252410 | lrm: 1.00 | dt: 18782.45ms | tok/sec: 27,913 | bf16_mfu: 0.00 | epoch: 1 pq: 6 rg: 28 | total time: 176.16m | eta: 664.5m
step 00537/02520 (21.31%) | loss: 3.270531 | lrm: 1.00 | dt: 20439.98ms | tok/sec: 25,650 | bf16_mfu: 0.00 | epoch: 1 pq: 6 rg: 29 | total time: 176.50m | eta: 664.1m
step 00538/02520 (21.35%) | loss: 3.279905 | lrm: 1.00 | dt: 18785.72ms | tok/sec: 27,908 | bf16_mfu: 0.00 | epoch: 1 pq: 6 rg: 30 | total time: 176.81m | eta: 663.7m
step 00539/02520 (21.39%) | loss: 3.280082 | lrm: 1.00 | dt: 18774.31ms | tok/sec: 27,925 | bf16_mfu: 0.00 | epoch: 1 pq: 6 rg: 31 | total time: 177.13m | eta: 663.3m
step 00540/02520 (21.43%) | loss: 3.257490 | lrm: 1.00 | dt: 20446.60ms | tok/sec: 25,641 | bf16_mfu: 0.00 | epoch: 1 pq: 6 rg: 32 | total time: 177.47m | eta: 663.0m
step 00541/02520 (21.47%) | loss: 3.287538 | lrm: 1.00 | dt: 18777.98ms | tok/sec: 27,920 | bf16_mfu: 0.00 | epoch: 1 pq: 6 rg: 33 | total time: 177.78m | eta: 662.6m
step 00542/02520 (21.51%) | loss: 3.290524 | lrm: 1.00 | dt: 18782.54ms | tok/sec: 27,913 | bf16_mfu: 0.00 | epoch: 1 pq: 6 rg: 34 | total time: 178.09m | eta: 662.2m
step 00543/02520 (21.55%) | loss: 3.259402 | lrm: 1.00 | dt: 20446.58ms | tok/sec: 25,641 | bf16_mfu: 0.00 | epoch: 1 pq: 6 rg: 35 | total time: 178.44m | eta: 661.9m
step 00544/02520 (21.59%) | loss: 3.279428 | lrm: 1.00 | dt: 18779.20ms | tok/sec: 27,918 | bf16_mfu: 0.00 | epoch: 1 pq: 6 rg: 36 | total time: 178.75m | eta: 661.4m
step 00545/02520 (21.63%) | loss: 3.282346 | lrm: 1.00 | dt: 20461.08ms | tok/sec: 25,623 | bf16_mfu: 0.00 | epoch: 1 pq: 6 rg: 37 | total time: 179.09m | eta: 661.1m
step 00546/02520 (21.67%) | loss: 3.289322 | lrm: 1.00 | dt: 18769.16ms | tok/sec: 27,933 | bf16_mfu: 0.00 | epoch: 1 pq: 6 rg: 38 | total time: 179.40m | eta: 660.7m
step 00547/02520 (21.71%) | loss: 3.271680 | lrm: 1.00 | dt: 18780.68ms | tok/sec: 27,916 | bf16_mfu: 0.00 | epoch: 1 pq: 6 rg: 39 | total time: 179.72m | eta: 660.3m
step 00548/02520 (21.75%) | loss: 3.308500 | lrm: 1.00 | dt: 20325.36ms | tok/sec: 25,794 | bf16_mfu: 0.00 | epoch: 1 pq: 6 rg: 40 | total time: 180.05m | eta: 660.0m
step 00549/02520 (21.79%) | loss: 3.304495 | lrm: 1.00 | dt: 18625.77ms | tok/sec: 28,148 | bf16_mfu: 0.00 | epoch: 1 pq: 6 rg: 41 | total time: 180.36m | eta: 659.6m
step 00550/02520 (21.83%) | loss: 3.291658 | lrm: 1.00 | dt: 19280.42ms | tok/sec: 27,192 | bf16_mfu: 0.00 | epoch: 1 pq: 6 rg: 42 | total time: 180.69m | eta: 659.2m
step 00551/02520 (21.87%) | loss: 3.266062 | lrm: 1.00 | dt: 20905.40ms | tok/sec: 25,079 | bf16_mfu: 0.00 | epoch: 1 pq: 6 rg: 43 | total time: 181.03m | eta: 658.9m
step 00552/02520 (21.90%) | loss: 3.270637 | lrm: 1.00 | dt: 19307.68ms | tok/sec: 27,154 | bf16_mfu: 0.00 | epoch: 1 pq: 6 rg: 44 | total time: 181.36m | eta: 658.5m
step 00553/02520 (21.94%) | loss: 3.268870 | lrm: 1.00 | dt: 21763.29ms | tok/sec: 24,090 | bf16_mfu: 0.00 | epoch: 1 pq: 6 rg: 45 | total time: 181.72m | eta: 658.3m
step 00554/02520 (21.98%) | loss: 3.265612 | lrm: 1.00 | dt: 17954.27ms | tok/sec: 29,201 | bf16_mfu: 0.00 | epoch: 1 pq: 6 rg: 46 | total time: 182.02m | eta: 657.8m
step 00555/02520 (22.02%) | loss: 3.261038 | lrm: 1.00 | dt: 20737.24ms | tok/sec: 25,282 | bf16_mfu: 0.00 | epoch: 1 pq: 6 rg: 47 | total time: 182.36m | eta: 657.5m
step 00556/02520 (22.06%) | loss: 3.246486 | lrm: 1.00 | dt: 18917.58ms | tok/sec: 27,714 | bf16_mfu: 0.00 | epoch: 1 pq: 6 rg: 48 | total time: 182.68m | eta: 657.1m
step 00557/02520 (22.10%) | loss: 3.260834 | lrm: 1.00 | dt: 18736.77ms | tok/sec: 27,981 | bf16_mfu: 0.00 | epoch: 1 pq: 6 rg: 49 | total time: 182.99m | eta: 656.7m
step 00558/02520 (22.14%) | loss: 3.236818 | lrm: 1.00 | dt: 20023.56ms | tok/sec: 26,183 | bf16_mfu: 0.00 | epoch: 1 pq: 6 rg: 50 | total time: 183.32m | eta: 656.4m
step 00559/02520 (22.18%) | loss: 3.257759 | lrm: 1.00 | dt: 18412.73ms | tok/sec: 28,474 | bf16_mfu: 0.00 | epoch: 1 pq: 6 rg: 51 | total time: 183.63m | eta: 655.9m
step 00560/02520 (22.22%) | loss: 3.251506 | lrm: 1.00 | dt: 18367.68ms | tok/sec: 28,544 | bf16_mfu: 0.00 | epoch: 1 pq: 6 rg: 52 | total time: 183.94m | eta: 655.5m
step 00561/02520 (22.26%) | loss: 3.254618 | lrm: 1.00 | dt: 20051.25ms | tok/sec: 26,147 | bf16_mfu: 0.00 | epoch: 1 pq: 6 rg: 53 | total time: 184.27m | eta: 655.2m
step 00562/02520 (22.30%) | loss: 3.244897 | lrm: 1.00 | dt: 18345.74ms | tok/sec: 28,578 | bf16_mfu: 0.00 | epoch: 1 pq: 6 rg: 54 | total time: 184.58m | eta: 654.7m
step 00563/02520 (22.34%) | loss: 3.256425 | lrm: 1.00 | dt: 20080.73ms | tok/sec: 26,109 | bf16_mfu: 0.00 | epoch: 1 pq: 6 rg: 55 | total time: 184.91m | eta: 654.4m
step 00564/02520 (22.38%) | loss: 3.256717 | lrm: 1.00 | dt: 18316.50ms | tok/sec: 28,623 | bf16_mfu: 0.00 | epoch: 1 pq: 6 rg: 55 | total time: 185.22m | eta: 653.9m
step 00565/02520 (22.42%) | loss: 3.267608 | lrm: 1.00 | dt: 18366.97ms | tok/sec: 28,545 | bf16_mfu: 0.00 | epoch: 1 pq: 6 rg: 56 | total time: 185.52m | eta: 653.5m
step 00566/02520 (22.46%) | loss: 3.268900 | lrm: 1.00 | dt: 20575.29ms | tok/sec: 25,481 | bf16_mfu: 0.00 | epoch: 1 pq: 6 rg: 57 | total time: 185.87m | eta: 653.2m
step 00567/02520 (22.50%) | loss: 3.267059 | lrm: 1.00 | dt: 18866.75ms | tok/sec: 27,788 | bf16_mfu: 0.00 | epoch: 1 pq: 6 rg: 58 | total time: 186.18m | eta: 652.8m
step 00568/02520 (22.54%) | loss: 3.270413 | lrm: 1.00 | dt: 18864.10ms | tok/sec: 27,792 | bf16_mfu: 0.00 | epoch: 1 pq: 6 rg: 59 | total time: 186.50m | eta: 652.4m
step 00569/02520 (22.58%) | loss: 3.249154 | lrm: 1.00 | dt: 20593.48ms | tok/sec: 25,458 | bf16_mfu: 0.00 | epoch: 1 pq: 6 rg: 60 | total time: 186.84m | eta: 652.1m
step 00570/02520 (22.62%) | loss: 3.232287 | lrm: 1.00 | dt: 18900.48ms | tok/sec: 27,739 | bf16_mfu: 0.00 | epoch: 1 pq: 6 rg: 61 | total time: 187.15m | eta: 651.7m
step 00571/02520 (22.66%) | loss: 3.268741 | lrm: 1.00 | dt: 20562.51ms | tok/sec: 25,497 | bf16_mfu: 0.00 | epoch: 1 pq: 6 rg: 62 | total time: 187.50m | eta: 651.4m
step 00572/02520 (22.70%) | loss: 3.244710 | lrm: 1.00 | dt: 18858.63ms | tok/sec: 27,800 | bf16_mfu: 0.00 | epoch: 1 pq: 6 rg: 63 | total time: 187.81m | eta: 651.0m
step 00573/02520 (22.74%) | loss: 3.233328 | lrm: 1.00 | dt: 18915.86ms | tok/sec: 27,716 | bf16_mfu: 0.00 | epoch: 1 pq: 6 rg: 64 | total time: 188.13m | eta: 650.6m
step 00574/02520 (22.78%) | loss: 3.239730 | lrm: 1.00 | dt: 20562.00ms | tok/sec: 25,497 | bf16_mfu: 0.00 | epoch: 1 pq: 6 rg: 65 | total time: 188.47m | eta: 650.3m
step 00575/02520 (22.82%) | loss: 3.200236 | lrm: 1.00 | dt: 18837.44ms | tok/sec: 27,832 | bf16_mfu: 0.00 | epoch: 1 pq: 6 rg: 66 | total time: 188.78m | eta: 649.9m
step 00576/02520 (22.86%) | loss: 3.192884 | lrm: 1.00 | dt: 18898.47ms | tok/sec: 27,742 | bf16_mfu: 0.00 | epoch: 1 pq: 6 rg: 67 | total time: 189.10m | eta: 649.5m
step 00577/02520 (22.90%) | loss: 3.178543 | lrm: 1.00 | dt: 20885.60ms | tok/sec: 25,102 | bf16_mfu: 0.00 | epoch: 1 pq: 6 rg: 68 | total time: 189.45m | eta: 649.2m
step 00578/02520 (22.94%) | loss: 3.200891 | lrm: 1.00 | dt: 19015.07ms | tok/sec: 27,572 | bf16_mfu: 0.00 | epoch: 1 pq: 6 rg: 69 | total time: 189.76m | eta: 648.8m
step 00579/02520 (22.98%) | loss: 3.201398 | lrm: 1.00 | dt: 18665.78ms | tok/sec: 28,088 | bf16_mfu: 0.00 | epoch: 1 pq: 6 rg: 70 | total time: 190.07m | eta: 648.4m
step 00580/02520 (23.02%) | loss: 3.178822 | lrm: 1.00 | dt: 20413.07ms | tok/sec: 25,683 | bf16_mfu: 0.00 | epoch: 1 pq: 6 rg: 71 | total time: 190.41m | eta: 648.1m
step 00581/02520 (23.06%) | loss: 3.171822 | lrm: 1.00 | dt: 18880.42ms | tok/sec: 27,768 | bf16_mfu: 0.00 | epoch: 1 pq: 6 rg: 72 | total time: 190.73m | eta: 647.7m
step 00582/02520 (23.10%) | loss: 3.201614 | lrm: 1.00 | dt: 20552.45ms | tok/sec: 25,509 | bf16_mfu: 0.00 | epoch: 1 pq: 6 rg: 73 | total time: 191.07m | eta: 647.4m
step 00583/02520 (23.13%) | loss: 3.210743 | lrm: 1.00 | dt: 18918.47ms | tok/sec: 27,713 | bf16_mfu: 0.00 | epoch: 1 pq: 6 rg: 74 | total time: 191.39m | eta: 647.0m
step 00584/02520 (23.17%) | loss: 3.183317 | lrm: 1.00 | dt: 18363.85ms | tok/sec: 28,549 | bf16_mfu: 0.00 | epoch: 1 pq: 6 rg: 75 | total time: 191.69m | eta: 646.5m
step 00585/02520 (23.21%) | loss: 3.207941 | lrm: 1.00 | dt: 20046.30ms | tok/sec: 26,153 | bf16_mfu: 0.00 | epoch: 1 pq: 6 rg: 76 | total time: 192.03m | eta: 646.2m
step 00586/02520 (23.25%) | loss: 3.216217 | lrm: 1.00 | dt: 18372.28ms | tok/sec: 28,536 | bf16_mfu: 0.00 | epoch: 1 pq: 6 rg: 77 | total time: 192.33m | eta: 645.8m
step 00587/02520 (23.29%) | loss: 3.224142 | lrm: 1.00 | dt: 18350.10ms | tok/sec: 28,571 | bf16_mfu: 0.00 | epoch: 1 pq: 6 rg: 78 | total time: 192.64m | eta: 645.4m
step 00588/02520 (23.33%) | loss: 3.210767 | lrm: 1.00 | dt: 20092.77ms | tok/sec: 26,093 | bf16_mfu: 0.00 | epoch: 1 pq: 6 rg: 79 | total time: 192.97m | eta: 645.0m
step 00589/02520 (23.37%) | loss: 3.205013 | lrm: 1.00 | dt: 18309.71ms | tok/sec: 28,634 | bf16_mfu: 0.00 | epoch: 1 pq: 6 rg: 80 | total time: 193.28m | eta: 644.6m
step 00590/02520 (23.41%) | loss: 3.204380 | lrm: 1.00 | dt: 20179.07ms | tok/sec: 25,981 | bf16_mfu: 0.00 | epoch: 1 pq: 6 rg: 81 | total time: 193.62m | eta: 644.3m
step 00591/02520 (23.45%) | loss: 3.213481 | lrm: 1.00 | dt: 18222.40ms | tok/sec: 28,771 | bf16_mfu: 0.00 | epoch: 1 pq: 7 rg: 0 | total time: 193.92m | eta: 643.8m
step 00592/02520 (23.49%) | loss: 3.190734 | lrm: 1.00 | dt: 18387.38ms | tok/sec: 28,513 | bf16_mfu: 0.00 | epoch: 1 pq: 7 rg: 1 | total time: 194.23m | eta: 643.4m
step 00593/02520 (23.53%) | loss: 3.189022 | lrm: 1.00 | dt: 20058.42ms | tok/sec: 26,138 | bf16_mfu: 0.00 | epoch: 1 pq: 7 rg: 2 | total time: 194.56m | eta: 643.1m
step 00594/02520 (23.57%) | loss: 3.207437 | lrm: 1.00 | dt: 18353.48ms | tok/sec: 28,566 | bf16_mfu: 0.00 | epoch: 1 pq: 7 rg: 3 | total time: 194.87m | eta: 642.7m
step 00595/02520 (23.61%) | loss: 3.214143 | lrm: 1.00 | dt: 18349.42ms | tok/sec: 28,572 | bf16_mfu: 0.00 | epoch: 1 pq: 7 rg: 4 | total time: 195.17m | eta: 642.2m
step 00596/02520 (23.65%) | loss: 3.223412 | lrm: 1.00 | dt: 20116.06ms | tok/sec: 26,063 | bf16_mfu: 0.00 | epoch: 1 pq: 7 rg: 4 | total time: 195.51m | eta: 641.9m
step 00597/02520 (23.69%) | loss: 3.198304 | lrm: 1.00 | dt: 18295.87ms | tok/sec: 28,656 | bf16_mfu: 0.00 | epoch: 1 pq: 7 rg: 5 | total time: 195.81m | eta: 641.5m
step 00598/02520 (23.73%) | loss: 3.218495 | lrm: 1.00 | dt: 20058.21ms | tok/sec: 26,138 | bf16_mfu: 0.00 | epoch: 1 pq: 7 rg: 6 | total time: 196.15m | eta: 641.1m
step 00599/02520 (23.77%) | loss: 3.221250 | lrm: 1.00 | dt: 18352.38ms | tok/sec: 28,567 | bf16_mfu: 0.00 | epoch: 1 pq: 7 rg: 7 | total time: 196.45m | eta: 640.7m
step 00600/02520 (23.81%) | loss: 3.231588 | lrm: 1.00 | dt: 18343.02ms | tok/sec: 28,582 | bf16_mfu: 0.00 | epoch: 1 pq: 7 rg: 8 | total time: 196.76m | eta: 640.3m
step 00601/02520 (23.85%) | loss: 3.249193 | lrm: 1.00 | dt: 20103.10ms | tok/sec: 26,079 | bf16_mfu: 0.00 | epoch: 1 pq: 7 rg: 9 | total time: 197.09m | eta: 640.0m
step 00602/02520 (23.89%) | loss: 3.256108 | lrm: 1.00 | dt: 18315.27ms | tok/sec: 28,625 | bf16_mfu: 0.00 | epoch: 1 pq: 7 rg: 10 | total time: 197.40m | eta: 639.5m
step 00603/02520 (23.93%) | loss: 3.220278 | lrm: 1.00 | dt: 18344.20ms | tok/sec: 28,580 | bf16_mfu: 0.00 | epoch: 1 pq: 7 rg: 11 | total time: 197.70m | eta: 639.1m
step 00604/02520 (23.97%) | loss: 3.226864 | lrm: 1.00 | dt: 20045.17ms | tok/sec: 26,155 | bf16_mfu: 0.00 | epoch: 1 pq: 7 rg: 12 | total time: 198.04m | eta: 638.8m
step 00605/02520 (24.01%) | loss: 3.238335 | lrm: 1.00 | dt: 18362.63ms | tok/sec: 28,551 | bf16_mfu: 0.00 | epoch: 1 pq: 7 rg: 13 | total time: 198.34m | eta: 638.4m
step 00606/02520 (24.05%) | loss: 3.231843 | lrm: 1.00 | dt: 20067.49ms | tok/sec: 26,126 | bf16_mfu: 0.00 | epoch: 1 pq: 7 rg: 14 | total time: 198.68m | eta: 638.0m
step 00607/02520 (24.09%) | loss: 3.240457 | lrm: 1.00 | dt: 19275.59ms | tok/sec: 27,199 | bf16_mfu: 0.00 | epoch: 1 pq: 7 rg: 15 | total time: 199.00m | eta: 637.7m
step 00608/02520 (24.13%) | loss: 3.228658 | lrm: 1.00 | dt: 19107.80ms | tok/sec: 27,438 | bf16_mfu: 0.00 | epoch: 1 pq: 7 rg: 16 | total time: 199.32m | eta: 637.3m
step 00609/02520 (24.17%) | loss: 3.223920 | lrm: 1.00 | dt: 20540.62ms | tok/sec: 25,524 | bf16_mfu: 0.00 | epoch: 1 pq: 7 rg: 17 | total time: 199.66m | eta: 637.0m
step 00610/02520 (24.21%) | loss: 3.237938 | lrm: 1.00 | dt: 18661.71ms | tok/sec: 28,094 | bf16_mfu: 0.00 | epoch: 1 pq: 7 rg: 18 | total time: 199.97m | eta: 636.6m
step 00611/02520 (24.25%) | loss: 3.244532 | lrm: 1.00 | dt: 18722.65ms | tok/sec: 28,002 | bf16_mfu: 0.00 | epoch: 1 pq: 7 rg: 19 | total time: 200.28m | eta: 636.2m
step 00612/02520 (24.29%) | loss: 3.255814 | lrm: 1.00 | dt: 20487.08ms | tok/sec: 25,591 | bf16_mfu: 0.00 | epoch: 1 pq: 7 rg: 20 | total time: 200.62m | eta: 635.9m
step 00613/02520 (24.33%) | loss: 3.246035 | lrm: 1.00 | dt: 18656.63ms | tok/sec: 28,101 | bf16_mfu: 0.00 | epoch: 1 pq: 7 rg: 21 | total time: 200.94m | eta: 635.5m
step 00614/02520 (24.37%) | loss: 3.252442 | lrm: 1.00 | dt: 18675.02ms | tok/sec: 28,074 | bf16_mfu: 0.00 | epoch: 1 pq: 7 rg: 22 | total time: 201.25m | eta: 635.1m
step 00615/02520 (24.40%) | loss: 3.248664 | lrm: 1.00 | dt: 20398.06ms | tok/sec: 25,702 | bf16_mfu: 0.00 | epoch: 1 pq: 7 rg: 23 | total time: 201.59m | eta: 634.7m
step 00616/02520 (24.44%) | loss: 3.261644 | lrm: 1.00 | dt: 18647.65ms | tok/sec: 28,115 | bf16_mfu: 0.00 | epoch: 1 pq: 7 rg: 24 | total time: 201.90m | eta: 634.3m
step 00617/02520 (24.48%) | loss: 3.246715 | lrm: 1.00 | dt: 20429.05ms | tok/sec: 25,663 | bf16_mfu: 0.00 | epoch: 1 pq: 7 rg: 25 | total time: 202.24m | eta: 634.0m
step 00618/02520 (24.52%) | loss: 3.245331 | lrm: 1.00 | dt: 18631.99ms | tok/sec: 28,139 | bf16_mfu: 0.00 | epoch: 1 pq: 7 rg: 26 | total time: 202.55m | eta: 633.6m
step 00619/02520 (24.56%) | loss: 3.237788 | lrm: 1.00 | dt: 18687.30ms | tok/sec: 28,055 | bf16_mfu: 0.00 | epoch: 1 pq: 7 rg: 27 | total time: 202.86m | eta: 633.2m
step 00620/02520 (24.60%) | loss: 3.204595 | lrm: 1.00 | dt: 20402.86ms | tok/sec: 25,696 | bf16_mfu: 0.00 | epoch: 1 pq: 7 rg: 28 | total time: 203.20m | eta: 632.9m
step 00621/02520 (24.64%) | loss: 3.224685 | lrm: 1.00 | dt: 18637.09ms | tok/sec: 28,131 | bf16_mfu: 0.00 | epoch: 1 pq: 7 rg: 29 | total time: 203.51m | eta: 632.5m
step 00622/02520 (24.68%) | loss: 3.227270 | lrm: 1.00 | dt: 18663.77ms | tok/sec: 28,091 | bf16_mfu: 0.00 | epoch: 1 pq: 7 rg: 30 | total time: 203.82m | eta: 632.1m
step 00623/02520 (24.72%) | loss: 3.208011 | lrm: 1.00 | dt: 20473.35ms | tok/sec: 25,608 | bf16_mfu: 0.00 | epoch: 1 pq: 7 rg: 31 | total time: 204.16m | eta: 631.8m
step 00624/02520 (24.76%) | loss: 3.210302 | lrm: 1.00 | dt: 19189.10ms | tok/sec: 27,322 | bf16_mfu: 0.00 | epoch: 1 pq: 7 rg: 32 | total time: 204.48m | eta: 631.4m
step 00625/02520 (24.80%) | loss: 3.235065 | lrm: 1.00 | dt: 18914.58ms | tok/sec: 27,718 | bf16_mfu: 0.00 | epoch: 1 pq: 7 rg: 33 | total time: 204.80m | eta: 631.0m
step 00626/02520 (24.84%) | loss: 3.223167 | lrm: 1.00 | dt: 20406.51ms | tok/sec: 25,692 | bf16_mfu: 0.00 | epoch: 1 pq: 7 rg: 34 | total time: 205.14m | eta: 630.7m
step 00627/02520 (24.88%) | loss: 3.227821 | lrm: 1.00 | dt: 18696.13ms | tok/sec: 28,042 | bf16_mfu: 0.00 | epoch: 1 pq: 7 rg: 35 | total time: 205.45m | eta: 630.3m
step 00628/02520 (24.92%) | loss: 3.222476 | lrm: 1.00 | dt: 20473.09ms | tok/sec: 25,608 | bf16_mfu: 0.00 | epoch: 1 pq: 7 rg: 36 | total time: 205.79m | eta: 630.0m
step 00629/02520 (24.96%) | loss: 3.208601 | lrm: 1.00 | dt: 18661.22ms | tok/sec: 28,095 | bf16_mfu: 0.00 | epoch: 1 pq: 7 rg: 37 | total time: 206.10m | eta: 629.6m
step 00630/02520 (25.00%) | loss: 3.194322 | lrm: 1.00 | dt: 18661.87ms | tok/sec: 28,094 | bf16_mfu: 0.00 | epoch: 1 pq: 7 rg: 38 | total time: 206.41m | eta: 629.2m
step 00631/02520 (25.04%) | loss: 3.192726 | lrm: 1.00 | dt: 20420.86ms | tok/sec: 25,674 | bf16_mfu: 0.00 | epoch: 1 pq: 7 rg: 39 | total time: 206.75m | eta: 628.9m
step 00632/02520 (25.08%) | loss: 3.178870 | lrm: 1.00 | dt: 18700.86ms | tok/sec: 28,035 | bf16_mfu: 0.00 | epoch: 1 pq: 7 rg: 39 | total time: 207.07m | eta: 628.5m
step 00633/02520 (25.12%) | loss: 3.182079 | lrm: 1.00 | dt: 18681.42ms | tok/sec: 28,064 | bf16_mfu: 0.00 | epoch: 1 pq: 7 rg: 40 | total time: 207.38m | eta: 628.1m
step 00634/02520 (25.16%) | loss: 3.189581 | lrm: 1.00 | dt: 20435.96ms | tok/sec: 25,655 | bf16_mfu: 0.00 | epoch: 1 pq: 7 rg: 41 | total time: 207.72m | eta: 627.8m
step 00635/02520 (25.20%) | loss: 3.187388 | lrm: 1.00 | dt: 18665.01ms | tok/sec: 28,089 | bf16_mfu: 0.00 | epoch: 1 pq: 7 rg: 42 | total time: 208.03m | eta: 627.4m
step 00636/02520 (25.24%) | loss: 3.190571 | lrm: 1.00 | dt: 20456.26ms | tok/sec: 25,629 | bf16_mfu: 0.00 | epoch: 1 pq: 7 rg: 43 | total time: 208.37m | eta: 627.1m
step 00637/02520 (25.28%) | loss: 3.200138 | lrm: 1.00 | dt: 18658.52ms | tok/sec: 28,099 | bf16_mfu: 0.00 | epoch: 1 pq: 7 rg: 44 | total time: 208.68m | eta: 626.7m
step 00638/02520 (25.32%) | loss: 3.188753 | lrm: 1.00 | dt: 18675.24ms | tok/sec: 28,073 | bf16_mfu: 0.00 | epoch: 1 pq: 7 rg: 45 | total time: 208.99m | eta: 626.3m
step 00639/02520 (25.36%) | loss: 3.198635 | lrm: 1.00 | dt: 20773.17ms | tok/sec: 25,238 | bf16_mfu: 0.00 | epoch: 1 pq: 7 rg: 46 | total time: 209.34m | eta: 626.0m
step 00640/02520 (25.40%) | loss: 3.191985 | lrm: 1.00 | dt: 18666.50ms | tok/sec: 28,087 | bf16_mfu: 0.00 | epoch: 1 pq: 7 rg: 47 | total time: 209.65m | eta: 625.6m
step 00641/02520 (25.44%) | loss: 3.200146 | lrm: 1.00 | dt: 18653.71ms | tok/sec: 28,106 | bf16_mfu: 0.00 | epoch: 1 pq: 7 rg: 48 | total time: 209.96m | eta: 625.2m
step 00642/02520 (25.48%) | loss: 3.210750 | lrm: 1.00 | dt: 20468.92ms | tok/sec: 25,613 | bf16_mfu: 0.00 | epoch: 1 pq: 7 rg: 49 | total time: 210.30m | eta: 624.9m
step 00643/02520 (25.52%) | loss: 3.206778 | lrm: 1.00 | dt: 20021.87ms | tok/sec: 26,185 | bf16_mfu: 0.00 | epoch: 1 pq: 7 rg: 50 | total time: 210.63m | eta: 624.6m
step 00644/02520 (25.56%) | loss: 3.200828 | lrm: 1.00 | dt: 18962.97ms | tok/sec: 27,647 | bf16_mfu: 0.00 | epoch: 1 pq: 7 rg: 51 | total time: 210.95m | eta: 624.2m
step 00645/02520 (25.60%) | loss: 3.205991 | lrm: 1.00 | dt: 20656.30ms | tok/sec: 25,381 | bf16_mfu: 0.00 | epoch: 1 pq: 7 rg: 52 | total time: 211.29m | eta: 623.9m
step 00646/02520 (25.63%) | loss: 3.221356 | lrm: 1.00 | dt: 18742.14ms | tok/sec: 27,973 | bf16_mfu: 0.00 | epoch: 1 pq: 7 rg: 53 | total time: 211.61m | eta: 623.5m
step 00647/02520 (25.67%) | loss: 3.221282 | lrm: 1.00 | dt: 18746.15ms | tok/sec: 27,967 | bf16_mfu: 0.00 | epoch: 1 pq: 7 rg: 54 | total time: 211.92m | eta: 623.1m
step 00648/02520 (25.71%) | loss: 3.216775 | lrm: 1.00 | dt: 20536.97ms | tok/sec: 25,528 | bf16_mfu: 0.00 | epoch: 1 pq: 7 rg: 55 | total time: 212.26m | eta: 622.8m
step 00649/02520 (25.75%) | loss: 3.229378 | lrm: 1.00 | dt: 18725.05ms | tok/sec: 27,999 | bf16_mfu: 0.00 | epoch: 1 pq: 7 rg: 56 | total time: 212.57m | eta: 622.4m
step 00650/02520 (25.79%) | loss: 3.227439 | lrm: 1.00 | dt: 20531.12ms | tok/sec: 25,536 | bf16_mfu: 0.00 | epoch: 1 pq: 7 rg: 57 | total time: 212.92m | eta: 622.1m
step 00651/02520 (25.83%) | loss: 3.213068 | lrm: 1.00 | dt: 18732.78ms | tok/sec: 27,987 | bf16_mfu: 0.00 | epoch: 1 pq: 7 rg: 58 | total time: 213.23m | eta: 621.7m
step 00652/02520 (25.87%) | loss: 3.214539 | lrm: 1.00 | dt: 18752.63ms | tok/sec: 27,958 | bf16_mfu: 0.00 | epoch: 1 pq: 7 rg: 59 | total time: 213.54m | eta: 621.3m
step 00653/02520 (25.91%) | loss: 3.210695 | lrm: 1.00 | dt: 20559.05ms | tok/sec: 25,501 | bf16_mfu: 0.00 | epoch: 1 pq: 7 rg: 60 | total time: 213.88m | eta: 621.0m
step 00654/02520 (25.95%) | loss: 3.224723 | lrm: 1.00 | dt: 18709.52ms | tok/sec: 28,022 | bf16_mfu: 0.00 | epoch: 1 pq: 7 rg: 61 | total time: 214.20m | eta: 620.6m
step 00655/02520 (25.99%) | loss: 3.226961 | lrm: 1.00 | dt: 18736.20ms | tok/sec: 27,982 | bf16_mfu: 0.00 | epoch: 1 pq: 7 rg: 62 | total time: 214.51m | eta: 620.2m
step 00656/02520 (26.03%) | loss: 3.229079 | lrm: 1.00 | dt: 20512.84ms | tok/sec: 25,559 | bf16_mfu: 0.00 | epoch: 1 pq: 7 rg: 63 | total time: 214.85m | eta: 619.9m
step 00657/02520 (26.07%) | loss: 3.251601 | lrm: 1.00 | dt: 18761.55ms | tok/sec: 27,944 | bf16_mfu: 0.00 | epoch: 1 pq: 7 rg: 64 | total time: 215.16m | eta: 619.5m
step 00658/02520 (26.11%) | loss: 3.244525 | lrm: 1.00 | dt: 18751.23ms | tok/sec: 27,960 | bf16_mfu: 0.00 | epoch: 1 pq: 7 rg: 65 | total time: 215.47m | eta: 619.2m
step 00659/02520 (26.15%) | loss: 3.236117 | lrm: 1.00 | dt: 20528.30ms | tok/sec: 25,539 | bf16_mfu: 0.00 | epoch: 1 pq: 7 rg: 66 | total time: 215.82m | eta: 618.9m
step 00660/02520 (26.19%) | loss: 3.242368 | lrm: 1.00 | dt: 18739.06ms | tok/sec: 27,978 | bf16_mfu: 0.00 | epoch: 1 pq: 7 rg: 66 | total time: 216.13m | eta: 618.5m
step 00661/02520 (26.23%) | loss: 3.228211 | lrm: 1.00 | dt: 20528.42ms | tok/sec: 25,539 | bf16_mfu: 0.00 | epoch: 1 pq: 7 rg: 67 | total time: 216.47m | eta: 618.2m
step 00662/02520 (26.27%) | loss: 3.208849 | lrm: 1.00 | dt: 18740.50ms | tok/sec: 27,976 | bf16_mfu: 0.00 | epoch: 1 pq: 7 rg: 68 | total time: 216.78m | eta: 617.8m
step 00663/02520 (26.31%) | loss: 3.189936 | lrm: 1.00 | dt: 18742.07ms | tok/sec: 27,973 | bf16_mfu: 0.00 | epoch: 1 pq: 7 rg: 69 | total time: 217.10m | eta: 617.4m
step 00664/02520 (26.35%) | loss: 3.192045 | lrm: 1.00 | dt: 20537.91ms | tok/sec: 25,527 | bf16_mfu: 0.00 | epoch: 1 pq: 7 rg: 70 | total time: 217.44m | eta: 617.1m
step 00665/02520 (26.39%) | loss: 3.213017 | lrm: 1.00 | dt: 18729.15ms | tok/sec: 27,993 | bf16_mfu: 0.00 | epoch: 1 pq: 7 rg: 71 | total time: 217.75m | eta: 616.7m
step 00666/02520 (26.43%) | loss: 3.207221 | lrm: 1.00 | dt: 18736.17ms | tok/sec: 27,982 | bf16_mfu: 0.00 | epoch: 1 pq: 7 rg: 72 | total time: 218.06m | eta: 616.3m
step 00667/02520 (26.47%) | loss: 3.200881 | lrm: 1.00 | dt: 20525.89ms | tok/sec: 25,542 | bf16_mfu: 0.00 | epoch: 1 pq: 7 rg: 73 | total time: 218.40m | eta: 616.0m
step 00668/02520 (26.51%) | loss: 3.231730 | lrm: 1.00 | dt: 18734.83ms | tok/sec: 27,984 | bf16_mfu: 0.00 | epoch: 1 pq: 7 rg: 74 | total time: 218.72m | eta: 615.6m
step 00669/02520 (26.55%) | loss: 3.244638 | lrm: 1.00 | dt: 18741.10ms | tok/sec: 27,975 | bf16_mfu: 0.00 | epoch: 1 pq: 7 rg: 75 | total time: 219.03m | eta: 615.2m
step 00670/02520 (26.59%) | loss: 3.233582 | lrm: 1.00 | dt: 20534.52ms | tok/sec: 25,532 | bf16_mfu: 0.00 | epoch: 1 pq: 7 rg: 76 | total time: 219.37m | eta: 614.9m
step 00671/02520 (26.63%) | loss: 3.236727 | lrm: 1.00 | dt: 18745.55ms | tok/sec: 27,968 | bf16_mfu: 0.00 | epoch: 1 pq: 7 rg: 77 | total time: 219.68m | eta: 614.5m
step 00672/02520 (26.67%) | loss: 3.229066 | lrm: 1.00 | dt: 20539.12ms | tok/sec: 25,526 | bf16_mfu: 0.00 | epoch: 1 pq: 7 rg: 78 | total time: 220.03m | eta: 614.2m
step 00673/02520 (26.71%) | loss: 3.240613 | lrm: 1.00 | dt: 18723.33ms | tok/sec: 28,001 | bf16_mfu: 0.00 | epoch: 1 pq: 7 rg: 79 | total time: 220.34m | eta: 613.8m
step 00674/02520 (26.75%) | loss: 3.199591 | lrm: 1.00 | dt: 18680.20ms | tok/sec: 28,066 | bf16_mfu: 0.00 | epoch: 1 pq: 7 rg: 80 | total time: 220.65m | eta: 613.4m
step 00675/02520 (26.79%) | loss: 3.203549 | lrm: 1.00 | dt: 20636.74ms | tok/sec: 25,405 | bf16_mfu: 0.00 | epoch: 1 pq: 7 rg: 81 | total time: 220.99m | eta: 613.1m
step 00676/02520 (26.83%) | loss: 3.214341 | lrm: 1.00 | dt: 18654.56ms | tok/sec: 28,105 | bf16_mfu: 0.00 | epoch: 1 pq: 8 rg: 0 | total time: 221.30m | eta: 612.7m
step 00677/02520 (26.87%) | loss: 3.195910 | lrm: 1.00 | dt: 18748.69ms | tok/sec: 27,963 | bf16_mfu: 0.00 | epoch: 1 pq: 8 rg: 1 | total time: 221.62m | eta: 612.4m
step 00678/02520 (26.90%) | loss: 3.204766 | lrm: 1.00 | dt: 20531.21ms | tok/sec: 25,536 | bf16_mfu: 0.00 | epoch: 1 pq: 8 rg: 2 | total time: 221.96m | eta: 612.0m
step 00679/02520 (26.94%) | loss: 3.180186 | lrm: 1.00 | dt: 18742.99ms | tok/sec: 27,972 | bf16_mfu: 0.00 | epoch: 1 pq: 8 rg: 3 | total time: 222.27m | eta: 611.7m
step 00680/02520 (26.98%) | loss: 3.181571 | lrm: 1.00 | dt: 18736.97ms | tok/sec: 27,981 | bf16_mfu: 0.00 | epoch: 1 pq: 8 rg: 4 | total time: 222.58m | eta: 611.3m
step 00681/02520 (27.02%) | loss: 3.188826 | lrm: 1.00 | dt: 20542.02ms | tok/sec: 25,522 | bf16_mfu: 0.00 | epoch: 1 pq: 8 rg: 5 | total time: 222.93m | eta: 611.0m
step 00682/02520 (27.06%) | loss: 3.193979 | lrm: 1.00 | dt: 18742.11ms | tok/sec: 27,973 | bf16_mfu: 0.00 | epoch: 1 pq: 8 rg: 6 | total time: 223.24m | eta: 610.6m
step 00683/02520 (27.10%) | loss: 3.193917 | lrm: 1.00 | dt: 20545.36ms | tok/sec: 25,518 | bf16_mfu: 0.00 | epoch: 1 pq: 8 rg: 7 | total time: 223.58m | eta: 610.3m
step 00684/02520 (27.14%) | loss: 3.205859 | lrm: 1.00 | dt: 18724.30ms | tok/sec: 28,000 | bf16_mfu: 0.00 | epoch: 1 pq: 8 rg: 8 | total time: 223.89m | eta: 609.9m
step 00685/02520 (27.18%) | loss: 3.207457 | lrm: 1.00 | dt: 18736.08ms | tok/sec: 27,982 | bf16_mfu: 0.00 | epoch: 1 pq: 8 rg: 9 | total time: 224.21m | eta: 609.5m
step 00686/02520 (27.22%) | loss: 3.194830 | lrm: 1.00 | dt: 20546.08ms | tok/sec: 25,517 | bf16_mfu: 0.00 | epoch: 1 pq: 8 rg: 10 | total time: 224.55m | eta: 609.2m
step 00687/02520 (27.26%) | loss: 3.209115 | lrm: 1.00 | dt: 18741.80ms | tok/sec: 27,974 | bf16_mfu: 0.00 | epoch: 1 pq: 8 rg: 11 | total time: 224.86m | eta: 608.8m
step 00688/02520 (27.30%) | loss: 3.235825 | lrm: 1.00 | dt: 18721.29ms | tok/sec: 28,004 | bf16_mfu: 0.00 | epoch: 1 pq: 8 rg: 12 | total time: 225.17m | eta: 608.4m
step 00689/02520 (27.34%) | loss: 3.238757 | lrm: 1.00 | dt: 20548.70ms | tok/sec: 25,514 | bf16_mfu: 0.00 | epoch: 1 pq: 8 rg: 13 | total time: 225.51m | eta: 608.1m
step 00690/02520 (27.38%) | loss: 3.235782 | lrm: 1.00 | dt: 18729.92ms | tok/sec: 27,992 | bf16_mfu: 0.00 | epoch: 1 pq: 8 rg: 14 | total time: 225.83m | eta: 607.7m
step 00691/02520 (27.42%) | loss: 3.242462 | lrm: 1.00 | dt: 18726.98ms | tok/sec: 27,996 | bf16_mfu: 0.00 | epoch: 1 pq: 8 rg: 15 | total time: 226.14m | eta: 607.4m
step 00692/02520 (27.46%) | loss: 3.268876 | lrm: 1.00 | dt: 20585.90ms | tok/sec: 25,468 | bf16_mfu: 0.00 | epoch: 1 pq: 8 rg: 16 | total time: 226.48m | eta: 607.1m
step 00693/02520 (27.50%) | loss: 3.279664 | lrm: 1.00 | dt: 18695.21ms | tok/sec: 28,043 | bf16_mfu: 0.00 | epoch: 1 pq: 8 rg: 17 | total time: 226.79m | eta: 606.7m
step 00694/02520 (27.54%) | loss: 3.278001 | lrm: 1.00 | dt: 20550.72ms | tok/sec: 25,511 | bf16_mfu: 0.00 | epoch: 1 pq: 8 rg: 18 | total time: 227.14m | eta: 606.4m
step 00695/02520 (27.58%) | loss: 3.264323 | lrm: 1.00 | dt: 18719.24ms | tok/sec: 28,007 | bf16_mfu: 0.00 | epoch: 1 pq: 8 rg: 18 | total time: 227.45m | eta: 606.0m
step 00696/02520 (27.62%) | loss: 3.266213 | lrm: 1.00 | dt: 18730.46ms | tok/sec: 27,991 | bf16_mfu: 0.00 | epoch: 1 pq: 8 rg: 19 | total time: 227.76m | eta: 605.6m
step 00697/02520 (27.66%) | loss: 3.243976 | lrm: 1.00 | dt: 20586.23ms | tok/sec: 25,467 | bf16_mfu: 0.00 | epoch: 1 pq: 8 rg: 20 | total time: 228.10m | eta: 605.3m
step 00698/02520 (27.70%) | loss: 3.237871 | lrm: 1.00 | dt: 18686.43ms | tok/sec: 28,057 | bf16_mfu: 0.00 | epoch: 1 pq: 8 rg: 21 | total time: 228.41m | eta: 604.9m
step 00699/02520 (27.74%) | loss: 3.247622 | lrm: 1.00 | dt: 18728.40ms | tok/sec: 27,994 | bf16_mfu: 0.00 | epoch: 1 pq: 8 rg: 22 | total time: 228.73m | eta: 604.5m
step 00700/02520 (27.78%) | loss: 3.217602 | lrm: 1.00 | dt: 20550.81ms | tok/sec: 25,511 | bf16_mfu: 0.00 | epoch: 1 pq: 8 rg: 23 | total time: 229.07m | eta: 604.2m
step 00701/02520 (27.82%) | loss: 3.186834 | lrm: 1.00 | dt: 18740.46ms | tok/sec: 27,976 | bf16_mfu: 0.00 | epoch: 1 pq: 8 rg: 24 | total time: 229.38m | eta: 603.8m
step 00702/02520 (27.86%) | loss: 3.181400 | lrm: 1.00 | dt: 18728.50ms | tok/sec: 27,994 | bf16_mfu: 0.00 | epoch: 1 pq: 8 rg: 25 | total time: 229.69m | eta: 603.4m
step 00703/02520 (27.90%) | loss: 3.159520 | lrm: 1.00 | dt: 20574.61ms | tok/sec: 25,482 | bf16_mfu: 0.00 | epoch: 1 pq: 8 rg: 26 | total time: 230.04m | eta: 603.1m
step 00704/02520 (27.94%) | loss: 3.168038 | lrm: 1.00 | dt: 18690.11ms | tok/sec: 28,051 | bf16_mfu: 0.00 | epoch: 1 pq: 8 rg: 27 | total time: 230.35m | eta: 602.8m
step 00705/02520 (27.98%) | loss: 3.175516 | lrm: 1.00 | dt: 20563.14ms | tok/sec: 25,496 | bf16_mfu: 0.00 | epoch: 1 pq: 8 rg: 28 | total time: 230.69m | eta: 602.5m
step 00706/02520 (28.02%) | loss: 3.187862 | lrm: 1.00 | dt: 18734.55ms | tok/sec: 27,985 | bf16_mfu: 0.00 | epoch: 1 pq: 8 rg: 29 | total time: 231.00m | eta: 602.1m
step 00707/02520 (28.06%) | loss: 3.187317 | lrm: 1.00 | dt: 18725.36ms | tok/sec: 27,998 | bf16_mfu: 0.00 | epoch: 1 pq: 8 rg: 30 | total time: 231.32m | eta: 601.7m
step 00708/02520 (28.10%) | loss: 3.176805 | lrm: 1.00 | dt: 20578.96ms | tok/sec: 25,476 | bf16_mfu: 0.00 | epoch: 1 pq: 8 rg: 31 | total time: 231.66m | eta: 601.4m
step 00709/02520 (28.13%) | loss: 3.183699 | lrm: 1.00 | dt: 18704.27ms | tok/sec: 28,030 | bf16_mfu: 0.00 | epoch: 1 pq: 8 rg: 32 | total time: 231.97m | eta: 601.0m
step 00710/02520 (28.17%) | loss: 3.211539 | lrm: 1.00 | dt: 18728.63ms | tok/sec: 27,993 | bf16_mfu: 0.00 | epoch: 1 pq: 8 rg: 33 | total time: 232.28m | eta: 600.6m
step 00711/02520 (28.21%) | loss: 3.219526 | lrm: 1.00 | dt: 20577.42ms | tok/sec: 25,478 | bf16_mfu: 0.00 | epoch: 1 pq: 8 rg: 34 | total time: 232.63m | eta: 600.3m
step 00712/02520 (28.25%) | loss: 3.223146 | lrm: 1.00 | dt: 18710.52ms | tok/sec: 28,021 | bf16_mfu: 0.00 | epoch: 1 pq: 8 rg: 35 | total time: 232.94m | eta: 599.9m
step 00713/02520 (28.29%) | loss: 3.209999 | lrm: 1.00 | dt: 18776.76ms | tok/sec: 27,922 | bf16_mfu: 0.00 | epoch: 1 pq: 8 rg: 36 | total time: 233.25m | eta: 599.5m
step 00714/02520 (28.33%) | loss: 3.208565 | lrm: 1.00 | dt: 20559.82ms | tok/sec: 25,500 | bf16_mfu: 0.00 | epoch: 1 pq: 8 rg: 37 | total time: 233.59m | eta: 599.2m
step 00715/02520 (28.37%) | loss: 3.214189 | lrm: 1.00 | dt: 18658.62ms | tok/sec: 28,098 | bf16_mfu: 0.00 | epoch: 1 pq: 8 rg: 38 | total time: 233.90m | eta: 598.9m
step 00716/02520 (28.41%) | loss: 3.236867 | lrm: 1.00 | dt: 20603.06ms | tok/sec: 25,447 | bf16_mfu: 0.00 | epoch: 1 pq: 8 rg: 39 | total time: 234.25m | eta: 598.6m
step 00717/02520 (28.45%) | loss: 3.235707 | lrm: 1.00 | dt: 18674.47ms | tok/sec: 28,075 | bf16_mfu: 0.00 | epoch: 1 pq: 8 rg: 40 | total time: 234.56m | eta: 598.2m
step 00718/02520 (28.49%) | loss: 3.248586 | lrm: 1.00 | dt: 18718.34ms | tok/sec: 28,009 | bf16_mfu: 0.00 | epoch: 1 pq: 8 rg: 41 | total time: 234.87m | eta: 597.8m
step 00719/02520 (28.53%) | loss: 3.261709 | lrm: 1.00 | dt: 20565.05ms | tok/sec: 25,494 | bf16_mfu: 0.00 | epoch: 1 pq: 8 rg: 42 | total time: 235.21m | eta: 597.5m
step 00720/02520 (28.57%) | loss: 3.245954 | lrm: 1.00 | dt: 18732.04ms | tok/sec: 27,988 | bf16_mfu: 0.00 | epoch: 1 pq: 8 rg: 43 | total time: 235.53m | eta: 597.1m
step 00721/02520 (28.61%) | loss: 3.215068 | lrm: 1.00 | dt: 18705.15ms | tok/sec: 28,029 | bf16_mfu: 0.00 | epoch: 1 pq: 8 rg: 44 | total time: 235.84m | eta: 596.7m
step 00722/02520 (28.65%) | loss: 3.208638 | lrm: 1.00 | dt: 20563.69ms | tok/sec: 25,495 | bf16_mfu: 0.00 | epoch: 1 pq: 8 rg: 45 | total time: 236.18m | eta: 596.4m
step 00723/02520 (28.69%) | loss: 3.216289 | lrm: 1.00 | dt: 18715.60ms | tok/sec: 28,013 | bf16_mfu: 0.00 | epoch: 1 pq: 8 rg: 46 | total time: 236.49m | eta: 596.0m
step 00724/02520 (28.73%) | loss: 3.208955 | lrm: 1.00 | dt: 18723.91ms | tok/sec: 28,000 | bf16_mfu: 0.00 | epoch: 1 pq: 8 rg: 46 | total time: 236.80m | eta: 595.7m
step 00725/02520 (28.77%) | loss: 3.224180 | lrm: 1.00 | dt: 20595.77ms | tok/sec: 25,456 | bf16_mfu: 0.00 | epoch: 1 pq: 8 rg: 47 | total time: 237.15m | eta: 595.4m
step 00726/02520 (28.81%) | loss: 3.206145 | lrm: 1.00 | dt: 18685.84ms | tok/sec: 28,058 | bf16_mfu: 0.00 | epoch: 1 pq: 8 rg: 48 | total time: 237.46m | eta: 595.0m
step 00727/02520 (28.85%) | loss: 3.178119 | lrm: 1.00 | dt: 18725.30ms | tok/sec: 27,998 | bf16_mfu: 0.00 | epoch: 1 pq: 8 rg: 49 | total time: 237.77m | eta: 594.6m
step 00728/02520 (28.89%) | loss: 3.204600 | lrm: 1.00 | dt: 20608.14ms | tok/sec: 25,440 | bf16_mfu: 0.00 | epoch: 1 pq: 8 rg: 50 | total time: 238.11m | eta: 594.3m
step 00729/02520 (28.93%) | loss: 3.195101 | lrm: 1.00 | dt: 18650.04ms | tok/sec: 28,111 | bf16_mfu: 0.00 | epoch: 1 pq: 8 rg: 51 | total time: 238.42m | eta: 593.9m
step 00730/02520 (28.97%) | loss: 3.196783 | lrm: 1.00 | dt: 20653.79ms | tok/sec: 25,384 | bf16_mfu: 0.00 | epoch: 1 pq: 8 rg: 52 | total time: 238.77m | eta: 593.6m
step 00731/02520 (29.01%) | loss: 3.202968 | lrm: 1.00 | dt: 18615.13ms | tok/sec: 28,164 | bf16_mfu: 0.00 | epoch: 1 pq: 8 rg: 53 | total time: 239.08m | eta: 593.2m
step 00732/02520 (29.05%) | loss: 3.206275 | lrm: 1.00 | dt: 18760.87ms | tok/sec: 27,945 | bf16_mfu: 0.00 | epoch: 1 pq: 8 rg: 54 | total time: 239.39m | eta: 592.8m
step 00733/02520 (29.09%) | loss: 3.240588 | lrm: 1.00 | dt: 20598.20ms | tok/sec: 25,453 | bf16_mfu: 0.00 | epoch: 1 pq: 8 rg: 55 | total time: 239.74m | eta: 592.5m
step 00734/02520 (29.13%) | loss: 3.258426 | lrm: 1.00 | dt: 18702.90ms | tok/sec: 28,032 | bf16_mfu: 0.00 | epoch: 1 pq: 8 rg: 56 | total time: 240.05m | eta: 592.2m
step 00735/02520 (29.17%) | loss: 3.262831 | lrm: 1.00 | dt: 18693.28ms | tok/sec: 28,046 | bf16_mfu: 0.00 | epoch: 1 pq: 8 rg: 57 | total time: 240.36m | eta: 591.8m
step 00736/02520 (29.21%) | loss: 3.230180 | lrm: 1.00 | dt: 20568.52ms | tok/sec: 25,489 | bf16_mfu: 0.00 | epoch: 1 pq: 8 rg: 58 | total time: 240.70m | eta: 591.5m
step 00737/02520 (29.25%) | loss: 3.257316 | lrm: 1.00 | dt: 18716.50ms | tok/sec: 28,012 | bf16_mfu: 0.00 | epoch: 1 pq: 8 rg: 59 | total time: 241.01m | eta: 591.1m
step 00738/02520 (29.29%) | loss: 3.260165 | lrm: 1.00 | dt: 18713.48ms | tok/sec: 28,016 | bf16_mfu: 0.00 | epoch: 1 pq: 8 rg: 60 | total time: 241.33m | eta: 590.7m
step 00739/02520 (29.33%) | loss: 3.260453 | lrm: 1.00 | dt: 20578.66ms | tok/sec: 25,477 | bf16_mfu: 0.00 | epoch: 1 pq: 8 rg: 61 | total time: 241.67m | eta: 590.4m
step 00740/02520 (29.37%) | loss: 3.261682 | lrm: 1.00 | dt: 18712.04ms | tok/sec: 28,018 | bf16_mfu: 0.00 | epoch: 1 pq: 8 rg: 62 | total time: 241.98m | eta: 590.0m
step 00741/02520 (29.40%) | loss: 3.249033 | lrm: 1.00 | dt: 20616.26ms | tok/sec: 25,430 | bf16_mfu: 0.00 | epoch: 1 pq: 8 rg: 63 | total time: 242.32m | eta: 589.7m
step 00742/02520 (29.44%) | loss: 3.210745 | lrm: 1.00 | dt: 18673.95ms | tok/sec: 28,075 | bf16_mfu: 0.00 | epoch: 1 pq: 8 rg: 64 | total time: 242.63m | eta: 589.4m
step 00743/02520 (29.48%) | loss: 3.210873 | lrm: 1.00 | dt: 18725.66ms | tok/sec: 27,998 | bf16_mfu: 0.00 | epoch: 1 pq: 8 rg: 65 | total time: 242.95m | eta: 589.0m
step 00744/02520 (29.52%) | loss: 3.185651 | lrm: 1.00 | dt: 20577.03ms | tok/sec: 25,479 | bf16_mfu: 0.00 | epoch: 1 pq: 8 rg: 66 | total time: 243.29m | eta: 588.7m
step 00745/02520 (29.56%) | loss: 3.169461 | lrm: 1.00 | dt: 18721.22ms | tok/sec: 28,005 | bf16_mfu: 0.00 | epoch: 1 pq: 8 rg: 67 | total time: 243.60m | eta: 588.3m
step 00746/02520 (29.60%) | loss: 3.174370 | lrm: 1.00 | dt: 18704.92ms | tok/sec: 28,029 | bf16_mfu: 0.00 | epoch: 1 pq: 8 rg: 68 | total time: 243.91m | eta: 587.9m
step 00747/02520 (29.64%) | loss: 3.191876 | lrm: 1.00 | dt: 20569.73ms | tok/sec: 25,488 | bf16_mfu: 0.00 | epoch: 1 pq: 8 rg: 69 | total time: 244.26m | eta: 587.6m
step 00748/02520 (29.68%) | loss: 3.193877 | lrm: 1.00 | dt: 18740.16ms | tok/sec: 27,976 | bf16_mfu: 0.00 | epoch: 1 pq: 8 rg: 70 | total time: 244.57m | eta: 587.2m
step 00749/02520 (29.72%) | loss: 3.188589 | lrm: 1.00 | dt: 18713.68ms | tok/sec: 28,016 | bf16_mfu: 0.00 | epoch: 1 pq: 8 rg: 71 | total time: 244.88m | eta: 586.9m
2026-09-24 23:11:40,314 - nanochat.checkpoint_manager - [32m[1mINFO[0m - Saved model parameters to: /home/wesley/.cache/nanochat/base_checkpoints/d12/model_000750.pt
2026-09-24 23:11:40,314 - nanochat.checkpoint_manager - [32m[1mINFO[0m - Saved metadata to: /home/wesley/.cache/nanochat/base_checkpoints/d12/meta_000750.json
2026-09-24 23:11:41,893 - nanochat.checkpoint_manager - [32m[1mINFO[0m - Saved optimizer state to: /home/wesley/.cache/nanochat/base_checkpoints/d12/optim_000750_rank0.pt
step 00750/02520 (29.76%) | loss: 3.193678 | lrm: 1.00 | dt: 20778.54ms | tok/sec: 25,232 | bf16_mfu: 0.00 | epoch: 1 pq: 8 rg: 72 | total time: 245.23m | eta: 586.6m
step 00751/02520 (29.80%) | loss: 3.214180 | lrm: 1.00 | dt: 18713.42ms | tok/sec: 28,016 | bf16_mfu: 0.00 | epoch: 1 pq: 8 rg: 73 | total time: 245.54m | eta: 586.2m
step 00752/02520 (29.84%) | loss: 3.218826 | lrm: 1.00 | dt: 18715.45ms | tok/sec: 28,013 | bf16_mfu: 0.00 | epoch: 1 pq: 8 rg: 74 | total time: 245.85m | eta: 585.8m
step 00753/02520 (29.88%) | loss: 3.213031 | lrm: 1.00 | dt: 20596.93ms | tok/sec: 25,454 | bf16_mfu: 0.00 | epoch: 1 pq: 8 rg: 75 | total time: 246.19m | eta: 585.5m
step 00754/02520 (29.92%) | loss: 3.217618 | lrm: 1.00 | dt: 18684.05ms | tok/sec: 28,060 | bf16_mfu: 0.00 | epoch: 1 pq: 8 rg: 76 | total time: 246.51m | eta: 585.1m
step 00755/02520 (29.96%) | loss: 3.232032 | lrm: 1.00 | dt: 20578.01ms | tok/sec: 25,478 | bf16_mfu: 0.00 | epoch: 1 pq: 8 rg: 77 | total time: 246.85m | eta: 584.8m
step 00756/02520 (30.00%) | loss: 3.232476 | lrm: 1.00 | dt: 18749.71ms | tok/sec: 27,962 | bf16_mfu: 0.00 | epoch: 1 pq: 8 rg: 78 | total time: 247.16m | eta: 584.4m
step 00757/02520 (30.04%) | loss: 3.240624 | lrm: 1.00 | dt: 18688.33ms | tok/sec: 28,054 | bf16_mfu: 0.00 | epoch: 1 pq: 8 rg: 78 | total time: 247.47m | eta: 584.1m
step 00758/02520 (30.08%) | loss: 3.232763 | lrm: 1.00 | dt: 20615.40ms | tok/sec: 25,431 | bf16_mfu: 0.00 | epoch: 1 pq: 8 rg: 79 | total time: 247.82m | eta: 583.8m
step 00759/02520 (30.12%) | loss: 3.259961 | lrm: 1.00 | dt: 18674.12ms | tok/sec: 28,075 | bf16_mfu: 0.00 | epoch: 1 pq: 8 rg: 80 | total time: 248.13m | eta: 583.4m
step 00760/02520 (30.16%) | loss: 3.241815 | lrm: 1.00 | dt: 18722.48ms | tok/sec: 28,003 | bf16_mfu: 0.00 | epoch: 1 pq: 8 rg: 81 | total time: 248.44m | eta: 583.0m
step 00761/02520 (30.20%) | loss: 3.261211 | lrm: 1.00 | dt: 20609.87ms | tok/sec: 25,438 | bf16_mfu: 0.00 | epoch: 1 pq: 9 rg: 0 | total time: 248.78m | eta: 582.7m
step 00762/02520 (30.24%) | loss: 3.256867 | lrm: 1.00 | dt: 18689.77ms | tok/sec: 28,052 | bf16_mfu: 0.00 | epoch: 1 pq: 9 rg: 1 | total time: 249.09m | eta: 582.3m
step 00763/02520 (30.28%) | loss: 3.262659 | lrm: 1.00 | dt: 18712.56ms | tok/sec: 28,017 | bf16_mfu: 0.00 | epoch: 1 pq: 9 rg: 2 | total time: 249.41m | eta: 581.9m
step 00764/02520 (30.32%) | loss: 3.251833 | lrm: 1.00 | dt: 20591.80ms | tok/sec: 25,461 | bf16_mfu: 0.00 | epoch: 1 pq: 9 rg: 3 | total time: 249.75m | eta: 581.6m
step 00765/02520 (30.36%) | loss: 3.257038 | lrm: 1.00 | dt: 18704.20ms | tok/sec: 28,030 | bf16_mfu: 0.00 | epoch: 1 pq: 9 rg: 4 | total time: 250.06m | eta: 581.3m
step 00766/02520 (30.40%) | loss: 3.252168 | lrm: 1.00 | dt: 20575.80ms | tok/sec: 25,480 | bf16_mfu: 0.00 | epoch: 1 pq: 9 rg: 5 | total time: 250.40m | eta: 581.0m
step 00767/02520 (30.44%) | loss: 3.245319 | lrm: 1.00 | dt: 18726.18ms | tok/sec: 27,997 | bf16_mfu: 0.00 | epoch: 1 pq: 9 rg: 6 | total time: 250.72m | eta: 580.6m
step 00768/02520 (30.48%) | loss: 3.203318 | lrm: 1.00 | dt: 18694.88ms | tok/sec: 28,044 | bf16_mfu: 0.00 | epoch: 1 pq: 9 rg: 7 | total time: 251.03m | eta: 580.2m
step 00769/02520 (30.52%) | loss: 3.203242 | lrm: 1.00 | dt: 20609.06ms | tok/sec: 25,439 | bf16_mfu: 0.00 | epoch: 1 pq: 9 rg: 8 | total time: 251.37m | eta: 579.9m
step 00770/02520 (30.56%) | loss: 3.197328 | lrm: 1.00 | dt: 18692.99ms | tok/sec: 28,047 | bf16_mfu: 0.00 | epoch: 1 pq: 9 rg: 9 | total time: 251.68m | eta: 579.5m
step 00771/02520 (30.60%) | loss: 3.196200 | lrm: 1.00 | dt: 18716.08ms | tok/sec: 28,012 | bf16_mfu: 0.00 | epoch: 1 pq: 9 rg: 10 | total time: 251.99m | eta: 579.2m
step 00772/02520 (30.63%) | loss: 3.192917 | lrm: 1.00 | dt: 20599.89ms | tok/sec: 25,451 | bf16_mfu: 0.00 | epoch: 1 pq: 9 rg: 11 | total time: 252.34m | eta: 578.9m
step 00773/02520 (30.67%) | loss: 3.175793 | lrm: 1.00 | dt: 18703.66ms | tok/sec: 28,031 | bf16_mfu: 0.00 | epoch: 1 pq: 9 rg: 12 | total time: 252.65m | eta: 578.5m
step 00774/02520 (30.71%) | loss: 3.180323 | lrm: 1.00 | dt: 18707.25ms | tok/sec: 28,025 | bf16_mfu: 0.00 | epoch: 1 pq: 9 rg: 13 | total time: 252.96m | eta: 578.1m
step 00775/02520 (30.75%) | loss: 3.180951 | lrm: 1.00 | dt: 20609.10ms | tok/sec: 25,439 | bf16_mfu: 0.00 | epoch: 1 pq: 9 rg: 14 | total time: 253.31m | eta: 577.8m
step 00776/02520 (30.79%) | loss: 3.164580 | lrm: 1.00 | dt: 18692.68ms | tok/sec: 28,047 | bf16_mfu: 0.00 | epoch: 1 pq: 9 rg: 15 | total time: 253.62m | eta: 577.4m
step 00777/02520 (30.83%) | loss: 3.137770 | lrm: 1.00 | dt: 18707.22ms | tok/sec: 28,025 | bf16_mfu: 0.00 | epoch: 1 pq: 9 rg: 16 | total time: 253.93m | eta: 577.0m
step 00778/02520 (30.87%) | loss: 3.141500 | lrm: 1.00 | dt: 20642.25ms | tok/sec: 25,398 | bf16_mfu: 0.00 | epoch: 1 pq: 9 rg: 17 | total time: 254.27m | eta: 576.7m
step 00779/02520 (30.91%) | loss: 3.131394 | lrm: 1.00 | dt: 18666.17ms | tok/sec: 28,087 | bf16_mfu: 0.00 | epoch: 1 pq: 9 rg: 18 | total time: 254.58m | eta: 576.4m
step 00780/02520 (30.95%) | loss: 3.129238 | lrm: 1.00 | dt: 20589.52ms | tok/sec: 25,463 | bf16_mfu: 0.00 | epoch: 1 pq: 9 rg: 19 | total time: 254.93m | eta: 576.1m
step 00781/02520 (30.99%) | loss: 3.120479 | lrm: 1.00 | dt: 18715.19ms | tok/sec: 28,014 | bf16_mfu: 0.00 | epoch: 1 pq: 9 rg: 20 | total time: 255.24m | eta: 575.7m
step 00782/02520 (31.03%) | loss: 3.105700 | lrm: 1.00 | dt: 18709.94ms | tok/sec: 28,021 | bf16_mfu: 0.00 | epoch: 1 pq: 9 rg: 21 | total time: 255.55m | eta: 575.3m
step 00783/02520 (31.07%) | loss: 3.123131 | lrm: 1.00 | dt: 20603.55ms | tok/sec: 25,446 | bf16_mfu: 0.00 | epoch: 1 pq: 9 rg: 22 | total time: 255.89m | eta: 575.0m
step 00784/02520 (31.11%) | loss: 3.119041 | lrm: 1.00 | dt: 18689.17ms | tok/sec: 28,053 | bf16_mfu: 0.00 | epoch: 1 pq: 9 rg: 22 | total time: 256.21m | eta: 574.6m
step 00785/02520 (31.15%) | loss: 3.117500 | lrm: 1.00 | dt: 18708.79ms | tok/sec: 28,023 | bf16_mfu: 0.00 | epoch: 1 pq: 9 rg: 23 | total time: 256.52m | eta: 574.3m
step 00786/02520 (31.19%) | loss: 3.136815 | lrm: 1.00 | dt: 20619.17ms | tok/sec: 25,427 | bf16_mfu: 0.00 | epoch: 1 pq: 9 rg: 24 | total time: 256.86m | eta: 574.0m
step 00787/02520 (31.23%) | loss: 3.153776 | lrm: 1.00 | dt: 18676.30ms | tok/sec: 28,072 | bf16_mfu: 0.00 | epoch: 1 pq: 9 rg: 25 | total time: 257.17m | eta: 573.6m
step 00788/02520 (31.27%) | loss: 3.136360 | lrm: 1.00 | dt: 18707.82ms | tok/sec: 28,025 | bf16_mfu: 0.00 | epoch: 1 pq: 9 rg: 26 | total time: 257.48m | eta: 573.2m
step 00789/02520 (31.31%) | loss: 3.161741 | lrm: 1.00 | dt: 20650.14ms | tok/sec: 25,389 | bf16_mfu: 0.00 | epoch: 1 pq: 9 rg: 27 | total time: 257.83m | eta: 572.9m
step 00790/02520 (31.35%) | loss: 3.179471 | lrm: 1.00 | dt: 18656.36ms | tok/sec: 28,102 | bf16_mfu: 0.00 | epoch: 1 pq: 9 rg: 28 | total time: 258.14m | eta: 572.5m
step 00791/02520 (31.39%) | loss: 3.178918 | lrm: 1.00 | dt: 20594.11ms | tok/sec: 25,458 | bf16_mfu: 0.00 | epoch: 1 pq: 9 rg: 29 | total time: 258.48m | eta: 572.2m
step 00792/02520 (31.43%) | loss: 3.168129 | lrm: 1.00 | dt: 18712.27ms | tok/sec: 28,018 | bf16_mfu: 0.00 | epoch: 1 pq: 9 rg: 30 | total time: 258.79m | eta: 571.9m
step 00793/02520 (31.47%) | loss: 3.178970 | lrm: 1.00 | dt: 18690.34ms | tok/sec: 28,051 | bf16_mfu: 0.00 | epoch: 1 pq: 9 rg: 31 | total time: 259.11m | eta: 571.5m
step 00794/02520 (31.51%) | loss: 3.163718 | lrm: 1.00 | dt: 20642.20ms | tok/sec: 25,398 | bf16_mfu: 0.00 | epoch: 1 pq: 9 rg: 32 | total time: 259.45m | eta: 571.2m
step 00795/02520 (31.55%) | loss: 3.163528 | lrm: 1.00 | dt: 18674.30ms | tok/sec: 28,075 | bf16_mfu: 0.00 | epoch: 1 pq: 9 rg: 33 | total time: 259.76m | eta: 570.8m
step 00796/02520 (31.59%) | loss: 3.169235 | lrm: 1.00 | dt: 18690.45ms | tok/sec: 28,051 | bf16_mfu: 0.00 | epoch: 1 pq: 9 rg: 34 | total time: 260.07m | eta: 570.4m
step 00797/02520 (31.63%) | loss: 3.173095 | lrm: 1.00 | dt: 20635.60ms | tok/sec: 25,406 | bf16_mfu: 0.00 | epoch: 1 pq: 9 rg: 35 | total time: 260.42m | eta: 570.1m
step 00798/02520 (31.67%) | loss: 3.165991 | lrm: 1.00 | dt: 18639.26ms | tok/sec: 28,128 | bf16_mfu: 0.00 | epoch: 1 pq: 9 rg: 36 | total time: 260.73m | eta: 569.8m
step 00799/02520 (31.71%) | loss: 3.168942 | lrm: 1.00 | dt: 18703.38ms | tok/sec: 28,031 | bf16_mfu: 0.00 | epoch: 1 pq: 9 rg: 37 | total time: 261.04m | eta: 569.4m
step 00800/02520 (31.75%) | loss: 3.178891 | lrm: 1.00 | dt: 20615.70ms | tok/sec: 25,431 | bf16_mfu: 0.00 | epoch: 1 pq: 9 rg: 38 | total time: 261.38m | eta: 569.1m
step 00801/02520 (31.79%) | loss: 3.154625 | lrm: 1.00 | dt: 18690.24ms | tok/sec: 28,051 | bf16_mfu: 0.00 | epoch: 1 pq: 9 rg: 39 | total time: 261.69m | eta: 568.7m
step 00802/02520 (31.83%) | loss: 3.135076 | lrm: 1.00 | dt: 20639.63ms | tok/sec: 25,402 | bf16_mfu: 0.00 | epoch: 1 pq: 9 rg: 40 | total time: 262.04m | eta: 568.4m
step 00803/02520 (31.87%) | loss: 3.148574 | lrm: 1.00 | dt: 18670.69ms | tok/sec: 28,080 | bf16_mfu: 0.00 | epoch: 1 pq: 9 rg: 41 | total time: 262.35m | eta: 568.0m
step 00804/02520 (31.90%) | loss: 3.188394 | lrm: 1.00 | dt: 18690.49ms | tok/sec: 28,051 | bf16_mfu: 0.00 | epoch: 1 pq: 9 rg: 42 | total time: 262.66m | eta: 567.7m
step 00805/02520 (31.94%) | loss: 3.166481 | lrm: 1.00 | dt: 20677.53ms | tok/sec: 25,355 | bf16_mfu: 0.00 | epoch: 1 pq: 9 rg: 43 | total time: 263.01m | eta: 567.4m
step 00806/02520 (31.98%) | loss: 3.167823 | lrm: 1.00 | dt: 18637.96ms | tok/sec: 28,130 | bf16_mfu: 0.00 | epoch: 1 pq: 9 rg: 44 | total time: 263.32m | eta: 567.0m
step 00807/02520 (32.02%) | loss: 3.144141 | lrm: 1.00 | dt: 18705.75ms | tok/sec: 28,028 | bf16_mfu: 0.00 | epoch: 1 pq: 9 rg: 45 | total time: 263.63m | eta: 566.6m
step 00808/02520 (32.06%) | loss: 3.129341 | lrm: 1.00 | dt: 20616.45ms | tok/sec: 25,430 | bf16_mfu: 0.00 | epoch: 1 pq: 9 rg: 46 | total time: 263.97m | eta: 566.3m
step 00809/02520 (32.10%) | loss: 3.133718 | lrm: 1.00 | dt: 18691.05ms | tok/sec: 28,050 | bf16_mfu: 0.00 | epoch: 1 pq: 9 rg: 47 | total time: 264.28m | eta: 565.9m
step 00810/02520 (32.14%) | loss: 3.131400 | lrm: 1.00 | dt: 18689.75ms | tok/sec: 28,052 | bf16_mfu: 0.00 | epoch: 1 pq: 9 rg: 48 | total time: 264.59m | eta: 565.6m
step 00811/02520 (32.18%) | loss: 3.147757 | lrm: 1.00 | dt: 20617.29ms | tok/sec: 25,429 | bf16_mfu: 0.00 | epoch: 1 pq: 9 rg: 49 | total time: 264.94m | eta: 565.3m
step 00812/02520 (32.22%) | loss: 3.170581 | lrm: 1.00 | dt: 18688.91ms | tok/sec: 28,053 | bf16_mfu: 0.00 | epoch: 1 pq: 9 rg: 50 | total time: 265.25m | eta: 564.9m
step 00813/02520 (32.26%) | loss: 3.188559 | lrm: 1.00 | dt: 18697.05ms | tok/sec: 28,041 | bf16_mfu: 0.00 | epoch: 1 pq: 9 rg: 51 | total time: 265.56m | eta: 564.5m
step 00814/02520 (32.30%) | loss: 3.169253 | lrm: 1.00 | dt: 20602.51ms | tok/sec: 25,447 | bf16_mfu: 0.00 | epoch: 1 pq: 9 rg: 52 | total time: 265.90m | eta: 564.2m
step 00815/02520 (32.34%) | loss: 3.189330 | lrm: 1.00 | dt: 18692.37ms | tok/sec: 28,048 | bf16_mfu: 0.00 | epoch: 1 pq: 9 rg: 53 | total time: 266.22m | eta: 563.8m
step 00816/02520 (32.38%) | loss: 3.192739 | lrm: 1.00 | dt: 20663.36ms | tok/sec: 25,372 | bf16_mfu: 0.00 | epoch: 1 pq: 9 rg: 54 | total time: 266.56m | eta: 563.5m
step 00817/02520 (32.42%) | loss: 3.191076 | lrm: 1.00 | dt: 18670.42ms | tok/sec: 28,081 | bf16_mfu: 0.00 | epoch: 1 pq: 9 rg: 55 | total time: 266.87m | eta: 563.2m
step 00818/02520 (32.46%) | loss: 3.179920 | lrm: 1.00 | dt: 18679.60ms | tok/sec: 28,067 | bf16_mfu: 0.00 | epoch: 1 pq: 9 rg: 56 | total time: 267.18m | eta: 562.8m
step 00819/02520 (32.50%) | loss: 3.193047 | lrm: 1.00 | dt: 20614.66ms | tok/sec: 25,432 | bf16_mfu: 0.00 | epoch: 1 pq: 9 rg: 57 | total time: 267.53m | eta: 562.5m
step 00820/02520 (32.54%) | loss: 3.180780 | lrm: 1.00 | dt: 18703.05ms | tok/sec: 28,032 | bf16_mfu: 0.00 | epoch: 1 pq: 9 rg: 57 | total time: 267.84m | eta: 562.1m
step 00821/02520 (32.58%) | loss: 3.167013 | lrm: 1.00 | dt: 18688.94ms | tok/sec: 28,053 | bf16_mfu: 0.00 | epoch: 1 pq: 9 rg: 58 | total time: 268.15m | eta: 561.8m
step 00822/02520 (32.62%) | loss: 3.154428 | lrm: 1.00 | dt: 20624.57ms | tok/sec: 25,420 | bf16_mfu: 0.00 | epoch: 1 pq: 9 rg: 59 | total time: 268.49m | eta: 561.5m
step 00823/02520 (32.66%) | loss: 3.133318 | lrm: 1.00 | dt: 18689.99ms | tok/sec: 28,051 | bf16_mfu: 0.00 | epoch: 1 pq: 9 rg: 60 | total time: 268.80m | eta: 561.1m
step 00824/02520 (32.70%) | loss: 3.145057 | lrm: 1.00 | dt: 18698.80ms | tok/sec: 28,038 | bf16_mfu: 0.00 | epoch: 1 pq: 9 rg: 61 | total time: 269.12m | eta: 560.7m
step 00825/02520 (32.74%) | loss: 3.183250 | lrm: 1.00 | dt: 20629.24ms | tok/sec: 25,414 | bf16_mfu: 0.00 | epoch: 1 pq: 9 rg: 62 | total time: 269.46m | eta: 560.4m
step 00826/02520 (32.78%) | loss: 3.167453 | lrm: 1.00 | dt: 18679.66ms | tok/sec: 28,067 | bf16_mfu: 0.00 | epoch: 1 pq: 9 rg: 63 | total time: 269.77m | eta: 560.0m
step 00827/02520 (32.82%) | loss: 3.176790 | lrm: 1.00 | dt: 20690.56ms | tok/sec: 25,339 | bf16_mfu: 0.00 | epoch: 1 pq: 9 rg: 64 | total time: 270.12m | eta: 559.7m
step 00828/02520 (32.86%) | loss: 3.159967 | lrm: 1.00 | dt: 18588.32ms | tok/sec: 28,205 | bf16_mfu: 0.00 | epoch: 1 pq: 9 rg: 65 | total time: 270.43m | eta: 559.4m
step 00829/02520 (32.90%) | loss: 3.191676 | lrm: 1.00 | dt: 18704.82ms | tok/sec: 28,029 | bf16_mfu: 0.00 | epoch: 1 pq: 9 rg: 66 | total time: 270.74m | eta: 559.0m
step 00830/02520 (32.94%) | loss: 3.192788 | lrm: 1.00 | dt: 20630.49ms | tok/sec: 25,413 | bf16_mfu: 0.00 | epoch: 1 pq: 9 rg: 67 | total time: 271.08m | eta: 558.7m
step 00831/02520 (32.98%) | loss: 3.186062 | lrm: 1.00 | dt: 18683.13ms | tok/sec: 28,062 | bf16_mfu: 0.00 | epoch: 1 pq: 9 rg: 68 | total time: 271.39m | eta: 558.3m
step 00832/02520 (33.02%) | loss: 3.170869 | lrm: 1.00 | dt: 18583.10ms | tok/sec: 28,213 | bf16_mfu: 0.00 | epoch: 1 pq: 9 rg: 69 | total time: 271.70m | eta: 557.9m
step 00833/02520 (33.06%) | loss: 3.174768 | lrm: 1.00 | dt: 20640.75ms | tok/sec: 25,400 | bf16_mfu: 0.00 | epoch: 1 pq: 9 rg: 70 | total time: 272.05m | eta: 557.6m
step 00834/02520 (33.10%) | loss: 3.178284 | lrm: 1.00 | dt: 18567.46ms | tok/sec: 28,236 | bf16_mfu: 0.00 | epoch: 1 pq: 9 rg: 71 | total time: 272.36m | eta: 557.3m
step 00835/02520 (33.13%) | loss: 3.180162 | lrm: 1.00 | dt: 20613.52ms | tok/sec: 25,434 | bf16_mfu: 0.00 | epoch: 1 pq: 9 rg: 72 | total time: 272.70m | eta: 557.0m
step 00836/02520 (33.17%) | loss: 3.184101 | lrm: 1.00 | dt: 18615.55ms | tok/sec: 28,163 | bf16_mfu: 0.00 | epoch: 1 pq: 9 rg: 73 | total time: 273.01m | eta: 556.6m
step 00837/02520 (33.21%) | loss: 3.161136 | lrm: 1.00 | dt: 18571.36ms | tok/sec: 28,231 | bf16_mfu: 0.00 | epoch: 1 pq: 9 rg: 74 | total time: 273.32m | eta: 556.2m
step 00838/02520 (33.25%) | loss: 3.158607 | lrm: 1.00 | dt: 20665.93ms | tok/sec: 25,369 | bf16_mfu: 0.00 | epoch: 1 pq: 9 rg: 75 | total time: 273.66m | eta: 555.9m
step 00839/02520 (33.29%) | loss: 3.145168 | lrm: 1.00 | dt: 18532.68ms | tok/sec: 28,289 | bf16_mfu: 0.00 | epoch: 1 pq: 9 rg: 76 | total time: 273.97m | eta: 555.5m
step 00840/02520 (33.33%) | loss: 3.140244 | lrm: 1.00 | dt: 20588.63ms | tok/sec: 25,464 | bf16_mfu: 0.00 | epoch: 1 pq: 9 rg: 77 | total time: 274.32m | eta: 555.2m
step 00841/02520 (33.37%) | loss: 3.161609 | lrm: 1.00 | dt: 18643.23ms | tok/sec: 28,122 | bf16_mfu: 0.00 | epoch: 1 pq: 9 rg: 78 | total time: 274.63m | eta: 554.9m
step 00842/02520 (33.41%) | loss: 3.150430 | lrm: 1.00 | dt: 18589.25ms | tok/sec: 28,203 | bf16_mfu: 0.00 | epoch: 1 pq: 9 rg: 79 | total time: 274.94m | eta: 554.5m
step 00843/02520 (33.45%) | loss: 3.144393 | lrm: 1.00 | dt: 20641.70ms | tok/sec: 25,399 | bf16_mfu: 0.00 | epoch: 1 pq: 9 rg: 80 | total time: 275.28m | eta: 554.2m
step 00844/02520 (33.49%) | loss: 3.134348 | lrm: 1.00 | dt: 18558.35ms | tok/sec: 28,250 | bf16_mfu: 0.00 | epoch: 1 pq: 9 rg: 81 | total time: 275.59m | eta: 553.8m
step 00845/02520 (33.53%) | loss: 3.146725 | lrm: 1.00 | dt: 18606.37ms | tok/sec: 28,177 | bf16_mfu: 0.00 | epoch: 1 pq: 9 rg: 82 | total time: 275.90m | eta: 553.5m
step 00846/02520 (33.57%) | loss: 3.143359 | lrm: 1.00 | dt: 20585.47ms | tok/sec: 25,468 | bf16_mfu: 0.00 | epoch: 1 pq: 10 rg: 0 | total time: 276.24m | eta: 553.1m
step 00847/02520 (33.61%) | loss: 3.153098 | lrm: 1.00 | dt: 18615.31ms | tok/sec: 28,164 | bf16_mfu: 0.00 | epoch: 1 pq: 10 rg: 1 | total time: 276.55m | eta: 552.8m
step 00848/02520 (33.65%) | loss: 3.149319 | lrm: 1.00 | dt: 20609.89ms | tok/sec: 25,438 | bf16_mfu: 0.00 | epoch: 1 pq: 10 rg: 2 | total time: 276.90m | eta: 552.5m
step 00849/02520 (33.69%) | loss: 3.166228 | lrm: 1.00 | dt: 18708.09ms | tok/sec: 28,024 | bf16_mfu: 0.00 | epoch: 1 pq: 10 rg: 3 | total time: 277.21m | eta: 552.1m
step 00850/02520 (33.73%) | loss: 3.157212 | lrm: 1.00 | dt: 18685.64ms | tok/sec: 28,058 | bf16_mfu: 0.00 | epoch: 1 pq: 10 rg: 3 | total time: 277.52m | eta: 551.7m
step 00851/02520 (33.77%) | loss: 3.164629 | lrm: 1.00 | dt: 20604.20ms | tok/sec: 25,445 | bf16_mfu: 0.00 | epoch: 1 pq: 10 rg: 4 | total time: 277.86m | eta: 551.4m
step 00852/02520 (33.81%) | loss: 3.173528 | lrm: 1.00 | dt: 18705.67ms | tok/sec: 28,028 | bf16_mfu: 0.00 | epoch: 1 pq: 10 rg: 5 | total time: 278.18m | eta: 551.1m
step 00853/02520 (33.85%) | loss: 3.159855 | lrm: 1.00 | dt: 18700.07ms | tok/sec: 28,036 | bf16_mfu: 0.00 | epoch: 1 pq: 10 rg: 6 | total time: 278.49m | eta: 550.7m
step 00854/02520 (33.89%) | loss: 3.160027 | lrm: 1.00 | dt: 20607.74ms | tok/sec: 25,441 | bf16_mfu: 0.00 | epoch: 1 pq: 10 rg: 7 | total time: 278.83m | eta: 550.4m
step 00855/02520 (33.93%) | loss: 3.134892 | lrm: 1.00 | dt: 18705.55ms | tok/sec: 28,028 | bf16_mfu: 0.00 | epoch: 1 pq: 10 rg: 8 | total time: 279.14m | eta: 550.0m
step 00856/02520 (33.97%) | loss: 3.148510 | lrm: 1.00 | dt: 18692.16ms | tok/sec: 28,048 | bf16_mfu: 0.00 | epoch: 1 pq: 10 rg: 9 | total time: 279.45m | eta: 549.7m
step 00857/02520 (34.01%) | loss: 3.129744 | lrm: 1.00 | dt: 20617.79ms | tok/sec: 25,428 | bf16_mfu: 0.00 | epoch: 1 pq: 10 rg: 10 | total time: 279.80m | eta: 549.4m
step 00858/02520 (34.05%) | loss: 3.139789 | lrm: 1.00 | dt: 18674.07ms | tok/sec: 28,075 | bf16_mfu: 0.00 | epoch: 1 pq: 10 rg: 11 | total time: 280.11m | eta: 549.0m
step 00859/02520 (34.09%) | loss: 3.151700 | lrm: 1.00 | dt: 20607.30ms | tok/sec: 25,441 | bf16_mfu: 0.00 | epoch: 1 pq: 10 rg: 12 | total time: 280.45m | eta: 548.7m
step 00860/02520 (34.13%) | loss: 3.148019 | lrm: 1.00 | dt: 18710.02ms | tok/sec: 28,021 | bf16_mfu: 0.00 | epoch: 1 pq: 10 rg: 13 | total time: 280.76m | eta: 548.3m
step 00861/02520 (34.17%) | loss: 3.170025 | lrm: 1.00 | dt: 18673.23ms | tok/sec: 28,076 | bf16_mfu: 0.00 | epoch: 1 pq: 10 rg: 14 | total time: 281.08m | eta: 547.9m
step 00862/02520 (34.21%) | loss: 3.170541 | lrm: 1.00 | dt: 20619.17ms | tok/sec: 25,427 | bf16_mfu: 0.00 | epoch: 1 pq: 10 rg: 15 | total time: 281.42m | eta: 547.6m
step 00863/02520 (34.25%) | loss: 3.175204 | lrm: 1.00 | dt: 18697.12ms | tok/sec: 28,041 | bf16_mfu: 0.00 | epoch: 1 pq: 10 rg: 16 | total time: 281.73m | eta: 547.3m
step 00864/02520 (34.29%) | loss: 3.152395 | lrm: 1.00 | dt: 18700.64ms | tok/sec: 28,035 | bf16_mfu: 0.00 | epoch: 1 pq: 10 rg: 17 | total time: 282.04m | eta: 546.9m
step 00865/02520 (34.33%) | loss: 3.136006 | lrm: 1.00 | dt: 20634.06ms | tok/sec: 25,408 | bf16_mfu: 0.00 | epoch: 1 pq: 10 rg: 18 | total time: 282.39m | eta: 546.6m
step 00866/02520 (34.37%) | loss: 3.163587 | lrm: 1.00 | dt: 18701.17ms | tok/sec: 28,035 | bf16_mfu: 0.00 | epoch: 1 pq: 10 rg: 19 | total time: 282.70m | eta: 546.2m
step 00867/02520 (34.40%) | loss: 3.164084 | lrm: 1.00 | dt: 18673.25ms | tok/sec: 28,076 | bf16_mfu: 0.00 | epoch: 1 pq: 10 rg: 20 | total time: 283.01m | eta: 545.9m
step 00868/02520 (34.44%) | loss: 3.176347 | lrm: 1.00 | dt: 20659.81ms | tok/sec: 25,377 | bf16_mfu: 0.00 | epoch: 1 pq: 10 rg: 21 | total time: 283.35m | eta: 545.6m
step 00869/02520 (34.48%) | loss: 3.165074 | lrm: 1.00 | dt: 18632.25ms | tok/sec: 28,138 | bf16_mfu: 0.00 | epoch: 1 pq: 10 rg: 22 | total time: 283.66m | eta: 545.2m
step 00870/02520 (34.52%) | loss: 3.161275 | lrm: 1.00 | dt: 20615.55ms | tok/sec: 25,431 | bf16_mfu: 0.00 | epoch: 1 pq: 10 rg: 23 | total time: 284.01m | eta: 544.9m
step 00871/02520 (34.56%) | loss: 3.145516 | lrm: 1.00 | dt: 18717.91ms | tok/sec: 28,009 | bf16_mfu: 0.00 | epoch: 1 pq: 10 rg: 24 | total time: 284.32m | eta: 544.5m
step 00872/02520 (34.60%) | loss: 3.165013 | lrm: 1.00 | dt: 18686.56ms | tok/sec: 28,056 | bf16_mfu: 0.00 | epoch: 1 pq: 10 rg: 25 | total time: 284.63m | eta: 544.2m
step 00873/02520 (34.64%) | loss: 3.156969 | lrm: 1.00 | dt: 20700.13ms | tok/sec: 25,327 | bf16_mfu: 0.00 | epoch: 1 pq: 10 rg: 26 | total time: 284.98m | eta: 543.9m
step 00874/02520 (34.68%) | loss: 3.152525 | lrm: 1.00 | dt: 18587.51ms | tok/sec: 28,206 | bf16_mfu: 0.00 | epoch: 1 pq: 10 rg: 27 | total time: 285.29m | eta: 543.5m
step 00875/02520 (34.72%) | loss: 3.164752 | lrm: 1.00 | dt: 18709.54ms | tok/sec: 28,022 | bf16_mfu: 0.00 | epoch: 1 pq: 10 rg: 28 | total time: 285.60m | eta: 543.1m
step 00876/02520 (34.76%) | loss: 3.165483 | lrm: 1.00 | dt: 20617.95ms | tok/sec: 25,428 | bf16_mfu: 0.00 | epoch: 1 pq: 10 rg: 29 | total time: 285.94m | eta: 542.8m
step 00877/02520 (34.80%) | loss: 3.140638 | lrm: 1.00 | dt: 18707.73ms | tok/sec: 28,025 | bf16_mfu: 0.00 | epoch: 1 pq: 10 rg: 30 | total time: 286.25m | eta: 542.5m
step 00878/02520 (34.84%) | loss: 3.142397 | lrm: 1.00 | dt: 18679.16ms | tok/sec: 28,068 | bf16_mfu: 0.00 | epoch: 1 pq: 10 rg: 31 | total time: 286.56m | eta: 542.1m
step 00879/02520 (34.88%) | loss: 3.154468 | lrm: 1.00 | dt: 20610.21ms | tok/sec: 25,438 | bf16_mfu: 0.00 | epoch: 1 pq: 10 rg: 32 | total time: 286.91m | eta: 541.8m
step 00880/02520 (34.92%) | loss: 3.140657 | lrm: 1.00 | dt: 18716.23ms | tok/sec: 28,012 | bf16_mfu: 0.00 | epoch: 1 pq: 10 rg: 33 | total time: 287.22m | eta: 541.4m
step 00881/02520 (34.96%) | loss: 3.127075 | lrm: 1.00 | dt: 20693.82ms | tok/sec: 25,335 | bf16_mfu: 0.00 | epoch: 1 pq: 10 rg: 34 | total time: 287.56m | eta: 541.1m
step 00882/02520 (35.00%) | loss: 3.147854 | lrm: 1.00 | dt: 18589.70ms | tok/sec: 28,203 | bf16_mfu: 0.00 | epoch: 1 pq: 10 rg: 35 | total time: 287.87m | eta: 540.8m
step 00883/02520 (35.04%) | loss: 3.136013 | lrm: 1.00 | dt: 18704.66ms | tok/sec: 28,029 | bf16_mfu: 0.00 | epoch: 1 pq: 10 rg: 35 | total time: 288.19m | eta: 540.4m
step 00884/02520 (35.08%) | loss: 3.122430 | lrm: 1.00 | dt: 20618.21ms | tok/sec: 25,428 | bf16_mfu: 0.00 | epoch: 1 pq: 10 rg: 36 | total time: 288.53m | eta: 540.1m
step 00885/02520 (35.12%) | loss: 3.112068 | lrm: 1.00 | dt: 18715.37ms | tok/sec: 28,013 | bf16_mfu: 0.00 | epoch: 1 pq: 10 rg: 37 | total time: 288.84m | eta: 539.7m
step 00886/02520 (35.16%) | loss: 3.098230 | lrm: 1.00 | dt: 18667.66ms | tok/sec: 28,085 | bf16_mfu: 0.00 | epoch: 1 pq: 10 rg: 38 | total time: 289.15m | eta: 539.4m
step 00887/02520 (35.20%) | loss: 3.106254 | lrm: 1.00 | dt: 20616.13ms | tok/sec: 25,430 | bf16_mfu: 0.00 | epoch: 1 pq: 10 rg: 39 | total time: 289.50m | eta: 539.1m
step 00888/02520 (35.24%) | loss: 3.086673 | lrm: 1.00 | dt: 18752.55ms | tok/sec: 27,958 | bf16_mfu: 0.00 | epoch: 1 pq: 10 rg: 40 | total time: 289.81m | eta: 538.7m
step 00889/02520 (35.28%) | loss: 3.080210 | lrm: 1.00 | dt: 18641.59ms | tok/sec: 28,124 | bf16_mfu: 0.00 | epoch: 1 pq: 10 rg: 41 | total time: 290.12m | eta: 538.3m
step 00890/02520 (35.32%) | loss: 3.083180 | lrm: 1.00 | dt: 20585.11ms | tok/sec: 25,469 | bf16_mfu: 0.00 | epoch: 1 pq: 10 rg: 42 | total time: 290.46m | eta: 538.0m
step 00891/02520 (35.36%) | loss: 3.079639 | lrm: 0.99 | dt: 18713.63ms | tok/sec: 28,016 | bf16_mfu: 0.00 | epoch: 1 pq: 10 rg: 43 | total time: 290.77m | eta: 537.7m
step 00892/02520 (35.40%) | loss: 3.088381 | lrm: 0.99 | dt: 18694.92ms | tok/sec: 28,044 | bf16_mfu: 0.00 | epoch: 1 pq: 10 rg: 44 | total time: 291.09m | eta: 537.3m
step 00893/02520 (35.44%) | loss: 3.115767 | lrm: 0.99 | dt: 20614.41ms | tok/sec: 25,433 | bf16_mfu: 0.00 | epoch: 1 pq: 10 rg: 45 | total time: 291.43m | eta: 537.0m
step 00894/02520 (35.48%) | loss: 3.104424 | lrm: 0.99 | dt: 18692.14ms | tok/sec: 28,048 | bf16_mfu: 0.00 | epoch: 1 pq: 10 rg: 46 | total time: 291.74m | eta: 536.6m
step 00895/02520 (35.52%) | loss: 3.114518 | lrm: 0.99 | dt: 20623.59ms | tok/sec: 25,421 | bf16_mfu: 0.00 | epoch: 1 pq: 10 rg: 47 | total time: 292.08m | eta: 536.3m
step 00896/02520 (35.56%) | loss: 3.139766 | lrm: 0.99 | dt: 18750.90ms | tok/sec: 27,960 | bf16_mfu: 0.00 | epoch: 1 pq: 10 rg: 48 | total time: 292.40m | eta: 536.0m
step 00897/02520 (35.60%) | loss: 3.135050 | lrm: 0.99 | dt: 18631.31ms | tok/sec: 28,140 | bf16_mfu: 0.00 | epoch: 1 pq: 10 rg: 49 | total time: 292.71m | eta: 535.6m
step 00898/02520 (35.63%) | loss: 3.131282 | lrm: 0.99 | dt: 20603.84ms | tok/sec: 25,446 | bf16_mfu: 0.00 | epoch: 1 pq: 10 rg: 50 | total time: 293.05m | eta: 535.3m
step 00899/02520 (35.67%) | loss: 3.120982 | lrm: 0.99 | dt: 18727.71ms | tok/sec: 27,995 | bf16_mfu: 0.00 | epoch: 1 pq: 10 rg: 51 | total time: 293.36m | eta: 534.9m
step 00900/02520 (35.71%) | loss: 3.151689 | lrm: 0.99 | dt: 18682.36ms | tok/sec: 28,063 | bf16_mfu: 0.00 | epoch: 1 pq: 10 rg: 52 | total time: 293.67m | eta: 534.6m
step 00901/02520 (35.75%) | loss: 3.164035 | lrm: 0.99 | dt: 20635.30ms | tok/sec: 25,407 | bf16_mfu: 0.00 | epoch: 1 pq: 10 rg: 53 | total time: 294.02m | eta: 534.2m
step 00902/02520 (35.79%) | loss: 3.153208 | lrm: 0.99 | dt: 18688.03ms | tok/sec: 28,054 | bf16_mfu: 0.00 | epoch: 1 pq: 10 rg: 54 | total time: 294.33m | eta: 533.9m
step 00903/02520 (35.83%) | loss: 3.168178 | lrm: 0.99 | dt: 18679.65ms | tok/sec: 28,067 | bf16_mfu: 0.00 | epoch: 1 pq: 10 rg: 55 | total time: 294.64m | eta: 533.5m
step 00904/02520 (35.87%) | loss: 3.163618 | lrm: 0.99 | dt: 20601.78ms | tok/sec: 25,448 | bf16_mfu: 0.00 | epoch: 1 pq: 10 rg: 56 | total time: 294.98m | eta: 533.2m
step 00905/02520 (35.91%) | loss: 3.196957 | lrm: 0.99 | dt: 18705.32ms | tok/sec: 28,028 | bf16_mfu: 0.00 | epoch: 1 pq: 10 rg: 57 | total time: 295.30m | eta: 532.9m
step 00906/02520 (35.95%) | loss: 3.194795 | lrm: 0.99 | dt: 20633.84ms | tok/sec: 25,409 | bf16_mfu: 0.00 | epoch: 1 pq: 10 rg: 58 | total time: 295.64m | eta: 532.5m
step 00907/02520 (35.99%) | loss: 3.207540 | lrm: 0.99 | dt: 18695.32ms | tok/sec: 28,043 | bf16_mfu: 0.00 | epoch: 1 pq: 10 rg: 59 | total time: 295.95m | eta: 532.2m
step 00908/02520 (36.03%) | loss: 3.187892 | lrm: 0.98 | dt: 18684.96ms | tok/sec: 28,059 | bf16_mfu: 0.00 | epoch: 1 pq: 10 rg: 60 | total time: 296.26m | eta: 531.8m
step 00909/02520 (36.07%) | loss: 3.187786 | lrm: 0.98 | dt: 20680.47ms | tok/sec: 25,351 | bf16_mfu: 0.00 | epoch: 1 pq: 10 rg: 61 | total time: 296.61m | eta: 531.5m
step 00910/02520 (36.11%) | loss: 3.190668 | lrm: 0.98 | dt: 18645.51ms | tok/sec: 28,118 | bf16_mfu: 0.00 | epoch: 1 pq: 10 rg: 62 | total time: 296.92m | eta: 531.2m
step 00911/02520 (36.15%) | loss: 3.172912 | lrm: 0.98 | dt: 18680.70ms | tok/sec: 28,065 | bf16_mfu: 0.00 | epoch: 1 pq: 10 rg: 63 | total time: 297.23m | eta: 530.8m
step 00912/02520 (36.19%) | loss: 3.151971 | lrm: 0.98 | dt: 20620.47ms | tok/sec: 25,425 | bf16_mfu: 0.00 | epoch: 1 pq: 10 rg: 63 | total time: 297.57m | eta: 530.5m
step 00913/02520 (36.23%) | loss: 3.144574 | lrm: 0.98 | dt: 18711.78ms | tok/sec: 28,019 | bf16_mfu: 0.00 | epoch: 1 pq: 10 rg: 64 | total time: 297.89m | eta: 530.1m
step 00914/02520 (36.27%) | loss: 3.138986 | lrm: 0.98 | dt: 18680.94ms | tok/sec: 28,065 | bf16_mfu: 0.00 | epoch: 1 pq: 10 rg: 65 | total time: 298.20m | eta: 529.8m
step 00915/02520 (36.31%) | loss: 3.122864 | lrm: 0.98 | dt: 20610.51ms | tok/sec: 25,437 | bf16_mfu: 0.00 | epoch: 1 pq: 10 rg: 66 | total time: 298.54m | eta: 529.5m
step 00916/02520 (36.35%) | loss: 3.120775 | lrm: 0.98 | dt: 18722.79ms | tok/sec: 28,002 | bf16_mfu: 0.00 | epoch: 1 pq: 10 rg: 67 | total time: 298.85m | eta: 529.1m
step 00917/02520 (36.39%) | loss: 3.134448 | lrm: 0.98 | dt: 18684.41ms | tok/sec: 28,060 | bf16_mfu: 0.00 | epoch: 1 pq: 10 rg: 68 | total time: 299.16m | eta: 528.7m
step 00918/02520 (36.43%) | loss: 3.139216 | lrm: 0.98 | dt: 20605.07ms | tok/sec: 25,444 | bf16_mfu: 0.00 | epoch: 1 pq: 10 rg: 69 | total time: 299.51m | eta: 528.4m
step 00919/02520 (36.47%) | loss: 3.115758 | lrm: 0.98 | dt: 18697.92ms | tok/sec: 28,039 | bf16_mfu: 0.00 | epoch: 1 pq: 10 rg: 70 | total time: 299.82m | eta: 528.1m
step 00920/02520 (36.51%) | loss: 3.115914 | lrm: 0.98 | dt: 20677.55ms | tok/sec: 25,355 | bf16_mfu: 0.00 | epoch: 1 pq: 10 rg: 71 | total time: 300.16m | eta: 527.8m
step 00921/02520 (36.55%) | loss: 3.113979 | lrm: 0.98 | dt: 18657.47ms | tok/sec: 28,100 | bf16_mfu: 0.00 | epoch: 1 pq: 10 rg: 72 | total time: 300.47m | eta: 527.4m
step 00922/02520 (36.59%) | loss: 3.124730 | lrm: 0.98 | dt: 18665.04ms | tok/sec: 28,089 | bf16_mfu: 0.00 | epoch: 1 pq: 10 rg: 73 | total time: 300.79m | eta: 527.0m
step 00923/02520 (36.63%) | loss: 3.133516 | lrm: 0.98 | dt: 20642.74ms | tok/sec: 25,398 | bf16_mfu: 0.00 | epoch: 1 pq: 10 rg: 74 | total time: 301.13m | eta: 526.7m
step 00924/02520 (36.67%) | loss: 3.127371 | lrm: 0.98 | dt: 18716.40ms | tok/sec: 28,012 | bf16_mfu: 0.00 | epoch: 1 pq: 10 rg: 75 | total time: 301.44m | eta: 526.4m
step 00925/02520 (36.71%) | loss: 3.120563 | lrm: 0.98 | dt: 18651.40ms | tok/sec: 28,109 | bf16_mfu: 0.00 | epoch: 1 pq: 10 rg: 76 | total time: 301.75m | eta: 526.0m
step 00926/02520 (36.75%) | loss: 3.093691 | lrm: 0.97 | dt: 20622.76ms | tok/sec: 25,422 | bf16_mfu: 0.00 | epoch: 1 pq: 10 rg: 77 | total time: 302.10m | eta: 525.7m
step 00927/02520 (36.79%) | loss: 3.132281 | lrm: 0.97 | dt: 18703.01ms | tok/sec: 28,032 | bf16_mfu: 0.00 | epoch: 1 pq: 10 rg: 78 | total time: 302.41m | eta: 525.3m
step 00928/02520 (36.83%) | loss: 3.136177 | lrm: 0.97 | dt: 18689.94ms | tok/sec: 28,051 | bf16_mfu: 0.00 | epoch: 1 pq: 10 rg: 79 | total time: 302.72m | eta: 525.0m
step 00929/02520 (36.87%) | loss: 3.153886 | lrm: 0.97 | dt: 20672.59ms | tok/sec: 25,361 | bf16_mfu: 0.00 | epoch: 1 pq: 10 rg: 80 | total time: 303.06m | eta: 524.7m
step 00930/02520 (36.90%) | loss: 3.141806 | lrm: 0.97 | dt: 18638.34ms | tok/sec: 28,129 | bf16_mfu: 0.00 | epoch: 1 pq: 10 rg: 81 | total time: 303.37m | eta: 524.3m
step 00931/02520 (36.94%) | loss: 3.152367 | lrm: 0.97 | dt: 20676.60ms | tok/sec: 25,356 | bf16_mfu: 0.00 | epoch: 1 pq: 10 rg: 82 | total time: 303.72m | eta: 524.0m
step 00932/02520 (36.98%) | loss: 3.130603 | lrm: 0.97 | dt: 18647.92ms | tok/sec: 28,115 | bf16_mfu: 0.00 | epoch: 1 pq: 11 rg: 0 | total time: 304.03m | eta: 523.6m
step 00933/02520 (37.02%) | loss: 3.128629 | lrm: 0.97 | dt: 18679.13ms | tok/sec: 28,068 | bf16_mfu: 0.00 | epoch: 1 pq: 11 rg: 1 | total time: 304.34m | eta: 523.3m
step 00934/02520 (37.06%) | loss: 3.136300 | lrm: 0.97 | dt: 20683.77ms | tok/sec: 25,347 | bf16_mfu: 0.00 | epoch: 1 pq: 11 rg: 2 | total time: 304.69m | eta: 523.0m
step 00935/02520 (37.10%) | loss: 3.143290 | lrm: 0.97 | dt: 18645.86ms | tok/sec: 28,118 | bf16_mfu: 0.00 | epoch: 1 pq: 11 rg: 3 | total time: 305.00m | eta: 522.6m
step 00936/02520 (37.14%) | loss: 3.140770 | lrm: 0.97 | dt: 18670.73ms | tok/sec: 28,080 | bf16_mfu: 0.00 | epoch: 1 pq: 11 rg: 4 | total time: 305.31m | eta: 522.3m
step 00937/02520 (37.18%) | loss: 3.149557 | lrm: 0.97 | dt: 20739.37ms | tok/sec: 25,279 | bf16_mfu: 0.00 | epoch: 1 pq: 11 rg: 5 | total time: 305.65m | eta: 522.0m
step 00938/02520 (37.22%) | loss: 3.141911 | lrm: 0.97 | dt: 18580.53ms | tok/sec: 28,217 | bf16_mfu: 0.00 | epoch: 1 pq: 11 rg: 6 | total time: 305.96m | eta: 521.6m
step 00939/02520 (37.26%) | loss: 3.128374 | lrm: 0.97 | dt: 18690.80ms | tok/sec: 28,050 | bf16_mfu: 0.00 | epoch: 1 pq: 11 rg: 7 | total time: 306.28m | eta: 521.2m
step 00940/02520 (37.30%) | loss: 3.131078 | lrm: 0.97 | dt: 20657.98ms | tok/sec: 25,379 | bf16_mfu: 0.00 | epoch: 1 pq: 11 rg: 8 | total time: 306.62m | eta: 520.9m
step 00941/02520 (37.34%) | loss: 3.143256 | lrm: 0.97 | dt: 18681.03ms | tok/sec: 28,065 | bf16_mfu: 0.00 | epoch: 1 pq: 11 rg: 9 | total time: 306.93m | eta: 520.6m
step 00942/02520 (37.38%) | loss: 3.131408 | lrm: 0.97 | dt: 18668.78ms | tok/sec: 28,083 | bf16_mfu: 0.00 | epoch: 1 pq: 11 rg: 10 | total time: 307.24m | eta: 520.2m
step 00943/02520 (37.42%) | loss: 3.127427 | lrm: 0.96 | dt: 20632.48ms | tok/sec: 25,410 | bf16_mfu: 0.00 | epoch: 1 pq: 11 rg: 10 | total time: 307.59m | eta: 519.9m
step 00944/02520 (37.46%) | loss: 3.116644 | lrm: 0.96 | dt: 18695.35ms | tok/sec: 28,043 | bf16_mfu: 0.00 | epoch: 1 pq: 11 rg: 11 | total time: 307.90m | eta: 519.5m
step 00945/02520 (37.50%) | loss: 3.107033 | lrm: 0.96 | dt: 20726.81ms | tok/sec: 25,295 | bf16_mfu: 0.00 | epoch: 1 pq: 11 rg: 12 | total time: 308.24m | eta: 519.2m
step 00946/02520 (37.54%) | loss: 3.123565 | lrm: 0.96 | dt: 18587.76ms | tok/sec: 28,206 | bf16_mfu: 0.00 | epoch: 1 pq: 11 rg: 13 | total time: 308.55m | eta: 518.9m
step 00947/02520 (37.58%) | loss: 3.131222 | lrm: 0.96 | dt: 18692.25ms | tok/sec: 28,048 | bf16_mfu: 0.00 | epoch: 1 pq: 11 rg: 14 | total time: 308.86m | eta: 518.5m
step 00948/02520 (37.62%) | loss: 3.130304 | lrm: 0.96 | dt: 20655.03ms | tok/sec: 25,383 | bf16_mfu: 0.00 | epoch: 1 pq: 11 rg: 15 | total time: 309.21m | eta: 518.2m
step 00949/02520 (37.66%) | loss: 3.122869 | lrm: 0.96 | dt: 18710.56ms | tok/sec: 28,020 | bf16_mfu: 0.00 | epoch: 1 pq: 11 rg: 16 | total time: 309.52m | eta: 517.8m
step 00950/02520 (37.70%) | loss: 3.145636 | lrm: 0.96 | dt: 18645.32ms | tok/sec: 28,119 | bf16_mfu: 0.00 | epoch: 1 pq: 11 rg: 17 | total time: 309.83m | eta: 517.5m
step 00951/02520 (37.74%) | loss: 3.128001 | lrm: 0.96 | dt: 20652.49ms | tok/sec: 25,386 | bf16_mfu: 0.00 | epoch: 1 pq: 11 rg: 18 | total time: 310.18m | eta: 517.2m
step 00952/02520 (37.78%) | loss: 3.112798 | lrm: 0.96 | dt: 18703.58ms | tok/sec: 28,031 | bf16_mfu: 0.00 | epoch: 1 pq: 11 rg: 19 | total time: 310.49m | eta: 516.8m
step 00953/02520 (37.82%) | loss: 3.091135 | lrm: 0.96 | dt: 18636.71ms | tok/sec: 28,132 | bf16_mfu: 0.00 | epoch: 1 pq: 11 rg: 20 | total time: 310.80m | eta: 516.5m
step 00954/02520 (37.86%) | loss: 3.069599 | lrm: 0.96 | dt: 20636.70ms | tok/sec: 25,405 | bf16_mfu: 0.00 | epoch: 1 pq: 11 rg: 21 | total time: 311.14m | eta: 516.2m
step 00955/02520 (37.90%) | loss: 3.053889 | lrm: 0.96 | dt: 18682.26ms | tok/sec: 28,063 | bf16_mfu: 0.00 | epoch: 1 pq: 11 rg: 22 | total time: 311.45m | eta: 515.8m
step 00956/02520 (37.94%) | loss: 3.049709 | lrm: 0.96 | dt: 20652.46ms | tok/sec: 25,386 | bf16_mfu: 0.00 | epoch: 1 pq: 11 rg: 23 | total time: 311.80m | eta: 515.5m
step 00957/02520 (37.98%) | loss: 3.087234 | lrm: 0.96 | dt: 18758.41ms | tok/sec: 27,949 | bf16_mfu: 0.00 | epoch: 1 pq: 11 rg: 24 | total time: 312.11m | eta: 515.1m
step 00958/02520 (38.02%) | loss: 3.083211 | lrm: 0.96 | dt: 18587.37ms | tok/sec: 28,206 | bf16_mfu: 0.00 | epoch: 1 pq: 11 rg: 25 | total time: 312.42m | eta: 514.8m
step 00959/02520 (38.06%) | loss: 3.077195 | lrm: 0.96 | dt: 20656.43ms | tok/sec: 25,381 | bf16_mfu: 0.00 | epoch: 1 pq: 11 rg: 26 | total time: 312.76m | eta: 514.5m
step 00960/02520 (38.10%) | loss: 3.104179 | lrm: 0.95 | dt: 18711.95ms | tok/sec: 28,018 | bf16_mfu: 0.00 | epoch: 1 pq: 11 rg: 27 | total time: 313.08m | eta: 514.1m
step 00961/02520 (38.13%) | loss: 3.097005 | lrm: 0.95 | dt: 18631.40ms | tok/sec: 28,140 | bf16_mfu: 0.00 | epoch: 1 pq: 11 rg: 28 | total time: 313.39m | eta: 513.7m
step 00962/02520 (38.17%) | loss: 3.103119 | lrm: 0.95 | dt: 20650.80ms | tok/sec: 25,388 | bf16_mfu: 0.00 | epoch: 1 pq: 11 rg: 29 | total time: 313.73m | eta: 513.4m
step 00963/02520 (38.21%) | loss: 3.113811 | lrm: 0.95 | dt: 18688.56ms | tok/sec: 28,053 | bf16_mfu: 0.00 | epoch: 1 pq: 11 rg: 30 | total time: 314.04m | eta: 513.1m
step 00964/02520 (38.25%) | loss: 3.098839 | lrm: 0.95 | dt: 18686.54ms | tok/sec: 28,056 | bf16_mfu: 0.00 | epoch: 1 pq: 11 rg: 31 | total time: 314.35m | eta: 512.7m
step 00965/02520 (38.29%) | loss: 3.085369 | lrm: 0.95 | dt: 20719.89ms | tok/sec: 25,303 | bf16_mfu: 0.00 | epoch: 1 pq: 11 rg: 32 | total time: 314.70m | eta: 512.4m
step 00966/02520 (38.33%) | loss: 3.060135 | lrm: 0.95 | dt: 18585.45ms | tok/sec: 28,209 | bf16_mfu: 0.00 | epoch: 1 pq: 11 rg: 33 | total time: 315.01m | eta: 512.1m
step 00967/02520 (38.37%) | loss: 3.068483 | lrm: 0.95 | dt: 18701.47ms | tok/sec: 28,034 | bf16_mfu: 0.00 | epoch: 1 pq: 11 rg: 34 | total time: 315.32m | eta: 511.7m
step 00968/02520 (38.41%) | loss: 3.051526 | lrm: 0.95 | dt: 20711.92ms | tok/sec: 25,313 | bf16_mfu: 0.00 | epoch: 1 pq: 11 rg: 35 | total time: 315.67m | eta: 511.4m
step 00969/02520 (38.45%) | loss: 3.066634 | lrm: 0.95 | dt: 18602.51ms | tok/sec: 28,183 | bf16_mfu: 0.00 | epoch: 1 pq: 11 rg: 36 | total time: 315.98m | eta: 511.0m
step 00970/02520 (38.49%) | loss: 3.052610 | lrm: 0.95 | dt: 20665.06ms | tok/sec: 25,370 | bf16_mfu: 0.00 | epoch: 1 pq: 11 rg: 37 | total time: 316.32m | eta: 510.7m
step 00971/02520 (38.53%) | loss: 3.050618 | lrm: 0.95 | dt: 18677.65ms | tok/sec: 28,070 | bf16_mfu: 0.00 | epoch: 1 pq: 11 rg: 38 | total time: 316.63m | eta: 510.4m
step 00972/02520 (38.57%) | loss: 3.050559 | lrm: 0.95 | dt: 18677.77ms | tok/sec: 28,070 | bf16_mfu: 0.00 | epoch: 1 pq: 11 rg: 39 | total time: 316.94m | eta: 510.0m
step 00973/02520 (38.61%) | loss: 3.017198 | lrm: 0.95 | dt: 20725.80ms | tok/sec: 25,296 | bf16_mfu: 0.00 | epoch: 1 pq: 11 rg: 40 | total time: 317.29m | eta: 509.7m
step 00974/02520 (38.65%) | loss: 3.013225 | lrm: 0.95 | dt: 18586.45ms | tok/sec: 28,208 | bf16_mfu: 0.00 | epoch: 1 pq: 11 rg: 41 | total time: 317.60m | eta: 509.3m
step 00975/02520 (38.69%) | loss: 3.061981 | lrm: 0.95 | dt: 18671.19ms | tok/sec: 28,080 | bf16_mfu: 0.00 | epoch: 1 pq: 11 rg: 42 | total time: 317.91m | eta: 509.0m
step 00976/02520 (38.73%) | loss: 3.064644 | lrm: 0.95 | dt: 20753.55ms | tok/sec: 25,262 | bf16_mfu: 0.00 | epoch: 1 pq: 11 rg: 43 | total time: 318.25m | eta: 508.7m
step 00977/02520 (38.77%) | loss: 3.046531 | lrm: 0.94 | dt: 18577.34ms | tok/sec: 28,221 | bf16_mfu: 0.00 | epoch: 1 pq: 11 rg: 43 | total time: 318.56m | eta: 508.3m
step 00978/02520 (38.81%) | loss: 3.029247 | lrm: 0.94 | dt: 18696.51ms | tok/sec: 28,042 | bf16_mfu: 0.00 | epoch: 1 pq: 11 rg: 44 | total time: 318.88m | eta: 508.0m
step 00979/02520 (38.85%) | loss: 3.032846 | lrm: 0.94 | dt: 20664.83ms | tok/sec: 25,371 | bf16_mfu: 0.00 | epoch: 1 pq: 11 rg: 45 | total time: 319.22m | eta: 507.7m
step 00980/02520 (38.89%) | loss: 3.060692 | lrm: 0.94 | dt: 18668.77ms | tok/sec: 28,083 | bf16_mfu: 0.00 | epoch: 1 pq: 11 rg: 46 | total time: 319.53m | eta: 507.3m
step 00981/02520 (38.93%) | loss: 3.068251 | lrm: 0.94 | dt: 18671.82ms | tok/sec: 28,079 | bf16_mfu: 0.00 | epoch: 1 pq: 11 rg: 47 | total time: 319.84m | eta: 506.9m
step 00982/02520 (38.97%) | loss: 3.072276 | lrm: 0.94 | dt: 20641.27ms | tok/sec: 25,399 | bf16_mfu: 0.00 | epoch: 1 pq: 11 rg: 48 | total time: 320.19m | eta: 506.6m
step 00983/02520 (39.01%) | loss: 3.057902 | lrm: 0.94 | dt: 18644.56ms | tok/sec: 28,120 | bf16_mfu: 0.00 | epoch: 1 pq: 11 rg: 49 | total time: 320.50m | eta: 506.3m
step 00984/02520 (39.05%) | loss: 3.058139 | lrm: 0.94 | dt: 20751.24ms | tok/sec: 25,265 | bf16_mfu: 0.00 | epoch: 1 pq: 11 rg: 50 | total time: 320.84m | eta: 506.0m
step 00985/02520 (39.09%) | loss: 3.063909 | lrm: 0.94 | dt: 18590.46ms | tok/sec: 28,201 | bf16_mfu: 0.00 | epoch: 1 pq: 11 rg: 51 | total time: 321.15m | eta: 505.6m
step 00986/02520 (39.13%) | loss: 3.078806 | lrm: 0.94 | dt: 18676.40ms | tok/sec: 28,072 | bf16_mfu: 0.00 | epoch: 1 pq: 11 rg: 52 | total time: 321.46m | eta: 505.3m
step 00987/02520 (39.17%) | loss: 3.071343 | lrm: 0.94 | dt: 20669.46ms | tok/sec: 25,365 | bf16_mfu: 0.00 | epoch: 1 pq: 11 rg: 53 | total time: 321.81m | eta: 504.9m
step 00988/02520 (39.21%) | loss: 3.092056 | lrm: 0.94 | dt: 17734.23ms | tok/sec: 29,563 | bf16_mfu: 0.00 | epoch: 1 pq: 11 rg: 54 | total time: 322.10m | eta: 504.6m
step 00989/02520 (39.25%) | loss: 3.078115 | lrm: 0.94 | dt: 20624.35ms | tok/sec: 25,420 | bf16_mfu: 0.00 | epoch: 1 pq: 11 rg: 55 | total time: 322.45m | eta: 504.3m
step 00990/02520 (39.29%) | loss: 3.097703 | lrm: 0.94 | dt: 18716.78ms | tok/sec: 28,011 | bf16_mfu: 0.00 | epoch: 1 pq: 11 rg: 56 | total time: 322.76m | eta: 503.9m
step 00991/02520 (39.33%) | loss: 3.086004 | lrm: 0.94 | dt: 20658.28ms | tok/sec: 25,379 | bf16_mfu: 0.00 | epoch: 1 pq: 11 rg: 57 | total time: 323.10m | eta: 503.6m
step 00992/02520 (39.37%) | loss: 3.079175 | lrm: 0.94 | dt: 18661.85ms | tok/sec: 28,094 | bf16_mfu: 0.00 | epoch: 1 pq: 11 rg: 58 | total time: 323.42m | eta: 503.2m
step 00993/02520 (39.40%) | loss: 3.109366 | lrm: 0.94 | dt: 18672.34ms | tok/sec: 28,078 | bf16_mfu: 0.00 | epoch: 1 pq: 11 rg: 59 | total time: 323.73m | eta: 502.9m
step 00994/02520 (39.44%) | loss: 3.163180 | lrm: 0.94 | dt: 20631.57ms | tok/sec: 25,411 | bf16_mfu: 0.00 | epoch: 1 pq: 11 rg: 60 | total time: 324.07m | eta: 502.6m
step 00995/02520 (39.48%) | loss: 3.171439 | lrm: 0.93 | dt: 18701.83ms | tok/sec: 28,034 | bf16_mfu: 0.00 | epoch: 1 pq: 11 rg: 61 | total time: 324.38m | eta: 502.2m
step 00996/02520 (39.52%) | loss: 3.150663 | lrm: 0.93 | dt: 18677.78ms | tok/sec: 28,070 | bf16_mfu: 0.00 | epoch: 1 pq: 11 rg: 62 | total time: 324.69m | eta: 501.9m
step 00997/02520 (39.56%) | loss: 3.173329 | lrm: 0.93 | dt: 20615.85ms | tok/sec: 25,431 | bf16_mfu: 0.00 | epoch: 1 pq: 11 rg: 63 | total time: 325.04m | eta: 501.6m
step 00998/02520 (39.60%) | loss: 3.184539 | lrm: 0.93 | dt: 18685.17ms | tok/sec: 28,059 | bf16_mfu: 0.00 | epoch: 1 pq: 11 rg: 64 | total time: 325.35m | eta: 501.2m
step 00999/02520 (39.64%) | loss: 3.161189 | lrm: 0.93 | dt: 18699.02ms | tok/sec: 28,038 | bf16_mfu: 0.00 | epoch: 1 pq: 11 rg: 65 | total time: 325.66m | eta: 500.8m
Step 01000 | Validation bpb: 0.943502
<|bos|>The capital of France is the capital of the city of the city of the city of the city of the
<|bos|>The chemical symbol of gold is the symbol of the metal. The symbol of the metal is the symbol of the
<|bos|>If yesterday was Friday, then tomorrow will be Friday. If today was Friday, then tomorrow will be Friday. If today was
<|bos|>The opposite of hot is the cold. The cold is the temperature of the air. The hot is the
<|bos|>The planets of the solar system are: the Sun, the Moon, the Earth, the Sun, the Sun, the
<|bos|>My favorite color is the red. I like the red. I like the red. I like the
<|bos|>If 5*x + 3 = 13, then x is 13, then x is 13, then x is 13, then
2026-09-25 00:33:33,456 - nanochat.checkpoint_manager - [32m[1mINFO[0m - Saved model parameters to: /home/wesley/.cache/nanochat/base_checkpoints/d12/model_001000.pt
2026-09-25 00:33:33,457 - nanochat.checkpoint_manager - [32m[1mINFO[0m - Saved metadata to: /home/wesley/.cache/nanochat/base_checkpoints/d12/meta_001000.json
2026-09-25 00:33:35,243 - nanochat.checkpoint_manager - [32m[1mINFO[0m - Saved optimizer state to: /home/wesley/.cache/nanochat/base_checkpoints/d12/optim_001000_rank0.pt
step 01000/02520 (39.68%) | loss: 3.157037 | lrm: 0.93 | dt: 21026.16ms | tok/sec: 24,935 | bf16_mfu: 0.00 | epoch: 1 pq: 11 rg: 66 | total time: 326.01m | eta: 500.5m
step 01001/02520 (39.72%) | loss: 3.149335 | lrm: 0.93 | dt: 18517.92ms | tok/sec: 28,312 | bf16_mfu: 0.00 | epoch: 1 pq: 11 rg: 67 | total time: 326.32m | eta: 500.2m
step 01002/02520 (39.76%) | loss: 3.164122 | lrm: 0.93 | dt: 18712.23ms | tok/sec: 28,018 | bf16_mfu: 0.00 | epoch: 1 pq: 11 rg: 68 | total time: 326.63m | eta: 499.8m
step 01003/02520 (39.80%) | loss: 3.156076 | lrm: 0.93 | dt: 20653.56ms | tok/sec: 25,384 | bf16_mfu: 0.00 | epoch: 1 pq: 11 rg: 69 | total time: 326.98m | eta: 499.5m
step 01004/02520 (39.84%) | loss: 3.122324 | lrm: 0.93 | dt: 18678.41ms | tok/sec: 28,069 | bf16_mfu: 0.00 | epoch: 1 pq: 11 rg: 70 | total time: 327.29m | eta: 499.2m
step 01005/02520 (39.88%) | loss: 3.115846 | lrm: 0.93 | dt: 18683.55ms | tok/sec: 28,061 | bf16_mfu: 0.00 | epoch: 1 pq: 11 rg: 71 | total time: 327.60m | eta: 498.8m
step 01006/02520 (39.92%) | loss: 3.094161 | lrm: 0.93 | dt: 20638.76ms | tok/sec: 25,403 | bf16_mfu: 0.00 | epoch: 1 pq: 11 rg: 72 | total time: 327.94m | eta: 498.5m
step 01007/02520 (39.96%) | loss: 3.077440 | lrm: 0.93 | dt: 18683.98ms | tok/sec: 28,060 | bf16_mfu: 0.00 | epoch: 1 pq: 11 rg: 73 | total time: 328.25m | eta: 498.1m
step 01008/02520 (40.00%) | loss: 3.079959 | lrm: 0.93 | dt: 18690.64ms | tok/sec: 28,050 | bf16_mfu: 0.00 | epoch: 1 pq: 11 rg: 74 | total time: 328.56m | eta: 497.8m
step 01009/02520 (40.04%) | loss: 3.064137 | lrm: 0.93 | dt: 20710.37ms | tok/sec: 25,315 | bf16_mfu: 0.00 | epoch: 1 pq: 11 rg: 75 | total time: 328.91m | eta: 497.5m
step 01010/02520 (40.08%) | loss: 3.057876 | lrm: 0.93 | dt: 18559.18ms | tok/sec: 28,249 | bf16_mfu: 0.00 | epoch: 1 pq: 11 rg: 75 | total time: 329.22m | eta: 497.1m
step 01011/02520 (40.12%) | loss: 3.059726 | lrm: 0.93 | dt: 20637.94ms | tok/sec: 25,404 | bf16_mfu: 0.00 | epoch: 1 pq: 11 rg: 76 | total time: 329.56m | eta: 496.8m
step 01012/02520 (40.16%) | loss: 3.065030 | lrm: 0.92 | dt: 18745.25ms | tok/sec: 27,969 | bf16_mfu: 0.00 | epoch: 1 pq: 11 rg: 77 | total time: 329.88m | eta: 496.5m
step 01013/02520 (40.20%) | loss: 3.058629 | lrm: 0.92 | dt: 18644.14ms | tok/sec: 28,120 | bf16_mfu: 0.00 | epoch: 1 pq: 11 rg: 78 | total time: 330.19m | eta: 496.1m
step 01014/02520 (40.24%) | loss: 3.060499 | lrm: 0.92 | dt: 20667.68ms | tok/sec: 25,367 | bf16_mfu: 0.00 | epoch: 1 pq: 11 rg: 79 | total time: 330.53m | eta: 495.8m
step 01015/02520 (40.28%) | loss: 3.063036 | lrm: 0.92 | dt: 18669.21ms | tok/sec: 28,083 | bf16_mfu: 0.00 | epoch: 1 pq: 11 rg: 80 | total time: 330.84m | eta: 495.4m
step 01016/02520 (40.32%) | loss: 3.087942 | lrm: 0.92 | dt: 18676.56ms | tok/sec: 28,071 | bf16_mfu: 0.00 | epoch: 1 pq: 11 rg: 81 | total time: 331.15m | eta: 495.1m
step 01017/02520 (40.36%) | loss: 3.091790 | lrm: 0.92 | dt: 20700.09ms | tok/sec: 25,327 | bf16_mfu: 0.00 | epoch: 1 pq: 12 rg: 0 | total time: 331.50m | eta: 494.8m
step 01018/02520 (40.40%) | loss: 3.079892 | lrm: 0.92 | dt: 18616.96ms | tok/sec: 28,161 | bf16_mfu: 0.00 | epoch: 1 pq: 12 rg: 1 | total time: 331.81m | eta: 494.4m
step 01019/02520 (40.44%) | loss: 3.102969 | lrm: 0.92 | dt: 18697.00ms | tok/sec: 28,041 | bf16_mfu: 0.00 | epoch: 1 pq: 12 rg: 2 | total time: 332.12m | eta: 494.1m
step 01020/02520 (40.48%) | loss: 3.107497 | lrm: 0.92 | dt: 20673.49ms | tok/sec: 25,360 | bf16_mfu: 0.00 | epoch: 1 pq: 12 rg: 3 | total time: 332.46m | eta: 493.8m
step 01021/02520 (40.52%) | loss: 3.093135 | lrm: 0.92 | dt: 18634.94ms | tok/sec: 28,134 | bf16_mfu: 0.00 | epoch: 1 pq: 12 rg: 4 | total time: 332.78m | eta: 493.4m
step 01022/02520 (40.56%) | loss: 3.087999 | lrm: 0.92 | dt: 20696.20ms | tok/sec: 25,332 | bf16_mfu: 0.00 | epoch: 1 pq: 12 rg: 5 | total time: 333.12m | eta: 493.1m
step 01023/02520 (40.60%) | loss: 3.095664 | lrm: 0.92 | dt: 18616.37ms | tok/sec: 28,162 | bf16_mfu: 0.00 | epoch: 1 pq: 12 rg: 6 | total time: 333.43m | eta: 492.7m
step 01024/02520 (40.63%) | loss: 3.091588 | lrm: 0.92 | dt: 18685.66ms | tok/sec: 28,058 | bf16_mfu: 0.00 | epoch: 1 pq: 12 rg: 7 | total time: 333.74m | eta: 492.4m
step 01025/02520 (40.67%) | loss: 3.072641 | lrm: 0.92 | dt: 20724.46ms | tok/sec: 25,298 | bf16_mfu: 0.00 | epoch: 1 pq: 12 rg: 8 | total time: 334.09m | eta: 492.1m
step 01026/02520 (40.71%) | loss: 3.083513 | lrm: 0.92 | dt: 18611.17ms | tok/sec: 28,170 | bf16_mfu: 0.00 | epoch: 1 pq: 12 rg: 9 | total time: 334.40m | eta: 491.7m
step 01027/02520 (40.75%) | loss: 3.078605 | lrm: 0.92 | dt: 18692.89ms | tok/sec: 28,047 | bf16_mfu: 0.00 | epoch: 1 pq: 12 rg: 10 | total time: 334.71m | eta: 491.4m
step 01028/02520 (40.79%) | loss: 3.057765 | lrm: 0.92 | dt: 20657.78ms | tok/sec: 25,379 | bf16_mfu: 0.00 | epoch: 1 pq: 12 rg: 11 | total time: 335.05m | eta: 491.1m
step 01029/02520 (40.83%) | loss: 3.052194 | lrm: 0.91 | dt: 18675.18ms | tok/sec: 28,074 | bf16_mfu: 0.00 | epoch: 1 pq: 12 rg: 12 | total time: 335.36m | eta: 490.7m
step 01030/02520 (40.87%) | loss: 3.046815 | lrm: 0.91 | dt: 18657.75ms | tok/sec: 28,100 | bf16_mfu: 0.00 | epoch: 1 pq: 12 rg: 13 | total time: 335.68m | eta: 490.3m
step 01031/02520 (40.91%) | loss: 3.052096 | lrm: 0.91 | dt: 20654.51ms | tok/sec: 25,383 | bf16_mfu: 0.00 | epoch: 1 pq: 12 rg: 14 | total time: 336.02m | eta: 490.0m
step 01032/02520 (40.95%) | loss: 3.060856 | lrm: 0.91 | dt: 18689.78ms | tok/sec: 28,052 | bf16_mfu: 0.00 | epoch: 1 pq: 12 rg: 15 | total time: 336.33m | eta: 489.7m
step 01033/02520 (40.99%) | loss: 3.046919 | lrm: 0.91 | dt: 18675.62ms | tok/sec: 28,073 | bf16_mfu: 0.00 | epoch: 1 pq: 12 rg: 16 | total time: 336.64m | eta: 489.3m
step 01034/02520 (41.03%) | loss: 3.031707 | lrm: 0.91 | dt: 20649.08ms | tok/sec: 25,390 | bf16_mfu: 0.00 | epoch: 1 pq: 12 rg: 17 | total time: 336.99m | eta: 489.0m
step 01035/02520 (41.07%) | loss: 3.041327 | lrm: 0.91 | dt: 18692.98ms | tok/sec: 28,047 | bf16_mfu: 0.00 | epoch: 1 pq: 12 rg: 18 | total time: 337.30m | eta: 488.7m
step 01036/02520 (41.11%) | loss: 3.051962 | lrm: 0.91 | dt: 20646.27ms | tok/sec: 25,393 | bf16_mfu: 0.00 | epoch: 1 pq: 12 rg: 19 | total time: 337.64m | eta: 488.4m
step 01037/02520 (41.15%) | loss: 3.058096 | lrm: 0.91 | dt: 18767.48ms | tok/sec: 27,935 | bf16_mfu: 0.00 | epoch: 1 pq: 12 rg: 20 | total time: 337.96m | eta: 488.0m
step 01038/02520 (41.19%) | loss: 3.062713 | lrm: 0.91 | dt: 18562.66ms | tok/sec: 28,244 | bf16_mfu: 0.00 | epoch: 1 pq: 12 rg: 21 | total time: 338.26m | eta: 487.7m
step 01039/02520 (41.23%) | loss: 3.080639 | lrm: 0.91 | dt: 20651.85ms | tok/sec: 25,386 | bf16_mfu: 0.00 | epoch: 1 pq: 12 rg: 22 | total time: 338.61m | eta: 487.3m
step 01040/02520 (41.27%) | loss: 3.059121 | lrm: 0.91 | dt: 18799.04ms | tok/sec: 27,889 | bf16_mfu: 0.00 | epoch: 1 pq: 12 rg: 22 | total time: 338.92m | eta: 487.0m
step 01041/02520 (41.31%) | loss: 3.077596 | lrm: 0.91 | dt: 18552.89ms | tok/sec: 28,259 | bf16_mfu: 0.00 | epoch: 1 pq: 12 rg: 23 | total time: 339.23m | eta: 486.6m
step 01042/02520 (41.35%) | loss: 3.078481 | lrm: 0.91 | dt: 20674.90ms | tok/sec: 25,358 | bf16_mfu: 0.00 | epoch: 1 pq: 12 rg: 24 | total time: 339.58m | eta: 486.3m
step 01043/02520 (41.39%) | loss: 3.074149 | lrm: 0.91 | dt: 18654.69ms | tok/sec: 28,104 | bf16_mfu: 0.00 | epoch: 1 pq: 12 rg: 25 | total time: 339.89m | eta: 486.0m
step 01044/02520 (41.43%) | loss: 3.041330 | lrm: 0.91 | dt: 18684.10ms | tok/sec: 28,060 | bf16_mfu: 0.00 | epoch: 1 pq: 12 rg: 26 | total time: 340.20m | eta: 485.6m
step 01045/02520 (41.47%) | loss: 3.048208 | lrm: 0.91 | dt: 20727.78ms | tok/sec: 25,293 | bf16_mfu: 0.00 | epoch: 1 pq: 12 rg: 27 | total time: 340.54m | eta: 485.3m
step 01046/02520 (41.51%) | loss: 3.085815 | lrm: 0.90 | dt: 18585.61ms | tok/sec: 28,209 | bf16_mfu: 0.00 | epoch: 1 pq: 12 rg: 28 | total time: 340.85m | eta: 485.0m
step 01047/02520 (41.55%) | loss: 3.079637 | lrm: 0.90 | dt: 18698.43ms | tok/sec: 28,039 | bf16_mfu: 0.00 | epoch: 1 pq: 12 rg: 29 | total time: 341.17m | eta: 484.6m
step 01048/02520 (41.59%) | loss: 3.086349 | lrm: 0.90 | dt: 20720.05ms | tok/sec: 25,303 | bf16_mfu: 0.00 | epoch: 1 pq: 12 rg: 30 | total time: 341.51m | eta: 484.3m
step 01049/02520 (41.63%) | loss: 3.079607 | lrm: 0.90 | dt: 18576.37ms | tok/sec: 28,223 | bf16_mfu: 0.00 | epoch: 1 pq: 12 rg: 31 | total time: 341.82m | eta: 483.9m
step 01050/02520 (41.67%) | loss: 3.085297 | lrm: 0.90 | dt: 20749.56ms | tok/sec: 25,267 | bf16_mfu: 0.00 | epoch: 1 pq: 12 rg: 32 | total time: 342.17m | eta: 483.6m
step 01051/02520 (41.71%) | loss: 3.047417 | lrm: 0.90 | dt: 18552.23ms | tok/sec: 28,260 | bf16_mfu: 0.00 | epoch: 1 pq: 12 rg: 33 | total time: 342.48m | eta: 483.3m
step 01052/02520 (41.75%) | loss: 3.043812 | lrm: 0.90 | dt: 18728.57ms | tok/sec: 27,994 | bf16_mfu: 0.00 | epoch: 1 pq: 12 rg: 34 | total time: 342.79m | eta: 482.9m
step 01053/02520 (41.79%) | loss: 3.041312 | lrm: 0.90 | dt: 20735.22ms | tok/sec: 25,284 | bf16_mfu: 0.00 | epoch: 1 pq: 12 rg: 35 | total time: 343.13m | eta: 482.6m
step 01054/02520 (41.83%) | loss: 3.051098 | lrm: 0.90 | dt: 18589.10ms | tok/sec: 28,204 | bf16_mfu: 0.00 | epoch: 1 pq: 12 rg: 36 | total time: 343.44m | eta: 482.3m
step 01055/02520 (41.87%) | loss: 3.052592 | lrm: 0.90 | dt: 18688.58ms | tok/sec: 28,053 | bf16_mfu: 0.00 | epoch: 1 pq: 12 rg: 37 | total time: 343.75m | eta: 481.9m
step 01056/02520 (41.90%) | loss: 3.054861 | lrm: 0.90 | dt: 20675.34ms | tok/sec: 25,358 | bf16_mfu: 0.00 | epoch: 1 pq: 12 rg: 38 | total time: 344.10m | eta: 481.6m
step 01057/02520 (41.94%) | loss: 3.083822 | lrm: 0.90 | dt: 18669.91ms | tok/sec: 28,081 | bf16_mfu: 0.00 | epoch: 1 pq: 12 rg: 39 | total time: 344.41m | eta: 481.3m
step 01058/02520 (41.98%) | loss: 3.082154 | lrm: 0.90 | dt: 18655.68ms | tok/sec: 28,103 | bf16_mfu: 0.00 | epoch: 1 pq: 12 rg: 40 | total time: 344.72m | eta: 480.9m
step 01059/02520 (42.02%) | loss: 3.099162 | lrm: 0.90 | dt: 20675.07ms | tok/sec: 25,358 | bf16_mfu: 0.00 | epoch: 1 pq: 12 rg: 41 | total time: 345.07m | eta: 480.6m
step 01060/02520 (42.06%) | loss: 3.100201 | lrm: 0.90 | dt: 18680.82ms | tok/sec: 28,065 | bf16_mfu: 0.00 | epoch: 1 pq: 12 rg: 42 | total time: 345.38m | eta: 480.2m
step 01061/02520 (42.10%) | loss: 3.094585 | lrm: 0.90 | dt: 20660.91ms | tok/sec: 25,375 | bf16_mfu: 0.00 | epoch: 1 pq: 12 rg: 43 | total time: 345.72m | eta: 479.9m
step 01062/02520 (42.14%) | loss: 3.126410 | lrm: 0.90 | dt: 18692.81ms | tok/sec: 28,047 | bf16_mfu: 0.00 | epoch: 1 pq: 12 rg: 44 | total time: 346.03m | eta: 479.6m
step 01063/02520 (42.18%) | loss: 3.123999 | lrm: 0.90 | dt: 18611.73ms | tok/sec: 28,169 | bf16_mfu: 0.00 | epoch: 1 pq: 12 rg: 45 | total time: 346.34m | eta: 479.2m
step 01064/02520 (42.22%) | loss: 3.119177 | lrm: 0.89 | dt: 20671.38ms | tok/sec: 25,362 | bf16_mfu: 0.00 | epoch: 1 pq: 12 rg: 46 | total time: 346.69m | eta: 478.9m
step 01065/02520 (42.26%) | loss: 3.146416 | lrm: 0.89 | dt: 18735.31ms | tok/sec: 27,983 | bf16_mfu: 0.00 | epoch: 1 pq: 12 rg: 47 | total time: 347.00m | eta: 478.6m
step 01066/02520 (42.30%) | loss: 3.124860 | lrm: 0.89 | dt: 18603.16ms | tok/sec: 28,182 | bf16_mfu: 0.00 | epoch: 1 pq: 12 rg: 48 | total time: 347.31m | eta: 478.2m
step 01067/02520 (42.34%) | loss: 3.124724 | lrm: 0.89 | dt: 20673.75ms | tok/sec: 25,360 | bf16_mfu: 0.00 | epoch: 1 pq: 12 rg: 49 | total time: 347.65m | eta: 477.9m
step 01068/02520 (42.38%) | loss: 3.138241 | lrm: 0.89 | dt: 18693.73ms | tok/sec: 28,046 | bf16_mfu: 0.00 | epoch: 1 pq: 12 rg: 50 | total time: 347.97m | eta: 477.5m
step 01069/02520 (42.42%) | loss: 3.143602 | lrm: 0.89 | dt: 18650.12ms | tok/sec: 28,111 | bf16_mfu: 0.00 | epoch: 1 pq: 12 rg: 51 | total time: 348.28m | eta: 477.2m
step 01070/02520 (42.46%) | loss: 3.145539 | lrm: 0.89 | dt: 20714.96ms | tok/sec: 25,309 | bf16_mfu: 0.00 | epoch: 1 pq: 12 rg: 52 | total time: 348.62m | eta: 476.9m
step 01071/02520 (42.50%) | loss: 3.121126 | lrm: 0.89 | dt: 18607.50ms | tok/sec: 28,176 | bf16_mfu: 0.00 | epoch: 1 pq: 12 rg: 52 | total time: 348.93m | eta: 476.5m
step 01072/02520 (42.54%) | loss: 3.112615 | lrm: 0.89 | dt: 18664.78ms | tok/sec: 28,089 | bf16_mfu: 0.00 | epoch: 1 pq: 12 rg: 53 | total time: 349.24m | eta: 476.2m
step 01073/02520 (42.58%) | loss: 3.112867 | lrm: 0.89 | dt: 20668.58ms | tok/sec: 25,366 | bf16_mfu: 0.00 | epoch: 1 pq: 12 rg: 54 | total time: 349.59m | eta: 475.9m
step 01074/02520 (42.62%) | loss: 3.107697 | lrm: 0.89 | dt: 18649.68ms | tok/sec: 28,112 | bf16_mfu: 0.00 | epoch: 1 pq: 12 rg: 55 | total time: 349.90m | eta: 475.5m
step 01075/02520 (42.66%) | loss: 3.121507 | lrm: 0.89 | dt: 20717.75ms | tok/sec: 25,306 | bf16_mfu: 0.00 | epoch: 1 pq: 12 rg: 56 | total time: 350.24m | eta: 475.2m
step 01076/02520 (42.70%) | loss: 3.145881 | lrm: 0.89 | dt: 18644.83ms | tok/sec: 28,119 | bf16_mfu: 0.00 | epoch: 1 pq: 12 rg: 57 | total time: 350.55m | eta: 474.9m
step 01077/02520 (42.74%) | loss: 3.140030 | lrm: 0.89 | dt: 18662.97ms | tok/sec: 28,092 | bf16_mfu: 0.00 | epoch: 1 pq: 12 rg: 58 | total time: 350.87m | eta: 474.5m
step 01078/02520 (42.78%) | loss: 3.157068 | lrm: 0.89 | dt: 20744.75ms | tok/sec: 25,273 | bf16_mfu: 0.00 | epoch: 1 pq: 12 rg: 59 | total time: 351.21m | eta: 474.2m
step 01079/02520 (42.82%) | loss: 3.178353 | lrm: 0.89 | dt: 18569.95ms | tok/sec: 28,233 | bf16_mfu: 0.00 | epoch: 1 pq: 12 rg: 60 | total time: 351.52m | eta: 473.8m
step 01080/02520 (42.86%) | loss: 3.159870 | lrm: 0.89 | dt: 18695.46ms | tok/sec: 28,043 | bf16_mfu: 0.00 | epoch: 1 pq: 12 rg: 61 | total time: 351.83m | eta: 473.5m
step 01081/02520 (42.90%) | loss: 3.156317 | lrm: 0.88 | dt: 20682.82ms | tok/sec: 25,348 | bf16_mfu: 0.00 | epoch: 1 pq: 12 rg: 62 | total time: 352.18m | eta: 473.2m
step 01082/02520 (42.94%) | loss: 3.129025 | lrm: 0.88 | dt: 18649.75ms | tok/sec: 28,112 | bf16_mfu: 0.00 | epoch: 1 pq: 12 rg: 63 | total time: 352.49m | eta: 472.8m
step 01083/02520 (42.98%) | loss: 3.121141 | lrm: 0.88 | dt: 18645.61ms | tok/sec: 28,118 | bf16_mfu: 0.00 | epoch: 1 pq: 12 rg: 64 | total time: 352.80m | eta: 472.5m
step 01084/02520 (43.02%) | loss: 3.106747 | lrm: 0.88 | dt: 20686.57ms | tok/sec: 25,344 | bf16_mfu: 0.00 | epoch: 1 pq: 12 rg: 65 | total time: 353.14m | eta: 472.2m
step 01085/02520 (43.06%) | loss: 3.105031 | lrm: 0.88 | dt: 18682.00ms | tok/sec: 28,063 | bf16_mfu: 0.00 | epoch: 1 pq: 12 rg: 66 | total time: 353.45m | eta: 471.8m
step 01086/02520 (43.10%) | loss: 3.127383 | lrm: 0.88 | dt: 18644.15ms | tok/sec: 28,120 | bf16_mfu: 0.00 | epoch: 1 pq: 12 rg: 67 | total time: 353.77m | eta: 471.5m
step 01087/02520 (43.13%) | loss: 3.128596 | lrm: 0.88 | dt: 20681.90ms | tok/sec: 25,350 | bf16_mfu: 0.00 | epoch: 1 pq: 12 rg: 68 | total time: 354.11m | eta: 471.2m
step 01088/02520 (43.17%) | loss: 3.120999 | lrm: 0.88 | dt: 18636.82ms | tok/sec: 28,131 | bf16_mfu: 0.00 | epoch: 1 pq: 12 rg: 69 | total time: 354.42m | eta: 470.8m
step 01089/02520 (43.21%) | loss: 3.087362 | lrm: 0.88 | dt: 20684.25ms | tok/sec: 25,347 | bf16_mfu: 0.00 | epoch: 1 pq: 12 rg: 70 | total time: 354.77m | eta: 470.5m
step 01090/02520 (43.25%) | loss: 3.083040 | lrm: 0.88 | dt: 18706.96ms | tok/sec: 28,026 | bf16_mfu: 0.00 | epoch: 1 pq: 12 rg: 71 | total time: 355.08m | eta: 470.1m
step 01091/02520 (43.29%) | loss: 3.068478 | lrm: 0.88 | dt: 18603.85ms | tok/sec: 28,181 | bf16_mfu: 0.00 | epoch: 1 pq: 12 rg: 72 | total time: 355.39m | eta: 469.8m
step 01092/02520 (43.33%) | loss: 3.078669 | lrm: 0.88 | dt: 20690.65ms | tok/sec: 25,339 | bf16_mfu: 0.00 | epoch: 1 pq: 12 rg: 73 | total time: 355.73m | eta: 469.5m
step 01093/02520 (43.37%) | loss: 3.073657 | lrm: 0.88 | dt: 18687.90ms | tok/sec: 28,054 | bf16_mfu: 0.00 | epoch: 1 pq: 12 rg: 74 | total time: 356.04m | eta: 469.1m
step 01094/02520 (43.41%) | loss: 3.080157 | lrm: 0.88 | dt: 18637.07ms | tok/sec: 28,131 | bf16_mfu: 0.00 | epoch: 1 pq: 12 rg: 75 | total time: 356.35m | eta: 468.8m
step 01095/02520 (43.45%) | loss: 3.066482 | lrm: 0.88 | dt: 20783.50ms | tok/sec: 25,226 | bf16_mfu: 0.00 | epoch: 1 pq: 12 rg: 76 | total time: 356.70m | eta: 468.5m
step 01096/02520 (43.49%) | loss: 3.068112 | lrm: 0.88 | dt: 18591.19ms | tok/sec: 28,200 | bf16_mfu: 0.00 | epoch: 1 pq: 12 rg: 77 | total time: 357.01m | eta: 468.1m
step 01097/02520 (43.53%) | loss: 3.071210 | lrm: 0.88 | dt: 18690.59ms | tok/sec: 28,050 | bf16_mfu: 0.00 | epoch: 1 pq: 12 rg: 78 | total time: 357.32m | eta: 467.8m
step 01098/02520 (43.57%) | loss: 3.056481 | lrm: 0.87 | dt: 20771.90ms | tok/sec: 25,240 | bf16_mfu: 0.00 | epoch: 1 pq: 12 rg: 79 | total time: 357.67m | eta: 467.5m
step 01099/02520 (43.61%) | loss: 3.064336 | lrm: 0.87 | dt: 18541.02ms | tok/sec: 28,277 | bf16_mfu: 0.00 | epoch: 1 pq: 12 rg: 80 | total time: 357.98m | eta: 467.1m
step 01100/02520 (43.65%) | loss: 3.069320 | lrm: 0.87 | dt: 20695.21ms | tok/sec: 25,333 | bf16_mfu: 0.00 | epoch: 1 pq: 12 rg: 81 | total time: 358.32m | eta: 466.8m
step 01101/02520 (43.69%) | loss: 3.092853 | lrm: 0.87 | dt: 18670.56ms | tok/sec: 28,081 | bf16_mfu: 0.00 | epoch: 1 pq: 13 rg: 0 | total time: 358.63m | eta: 466.5m
step 01102/02520 (43.73%) | loss: 3.114114 | lrm: 0.87 | dt: 18648.64ms | tok/sec: 28,114 | bf16_mfu: 0.00 | epoch: 1 pq: 13 rg: 1 | total time: 358.94m | eta: 466.1m
step 01103/02520 (43.77%) | loss: 3.119469 | lrm: 0.87 | dt: 20708.14ms | tok/sec: 25,317 | bf16_mfu: 0.00 | epoch: 1 pq: 13 rg: 2 | total time: 359.29m | eta: 465.8m
step 01104/02520 (43.81%) | loss: 3.117749 | lrm: 0.87 | dt: 18618.99ms | tok/sec: 28,158 | bf16_mfu: 0.00 | epoch: 1 pq: 13 rg: 3 | total time: 359.60m | eta: 465.4m
step 01105/02520 (43.85%) | loss: 3.109011 | lrm: 0.87 | dt: 18659.84ms | tok/sec: 28,097 | bf16_mfu: 0.00 | epoch: 1 pq: 13 rg: 4 | total time: 359.91m | eta: 465.1m
step 01106/02520 (43.89%) | loss: 3.111886 | lrm: 0.87 | dt: 20782.44ms | tok/sec: 25,227 | bf16_mfu: 0.00 | epoch: 1 pq: 13 rg: 5 | total time: 360.26m | eta: 464.8m
step 01107/02520 (43.93%) | loss: 3.116610 | lrm: 0.87 | dt: 18536.96ms | tok/sec: 28,283 | bf16_mfu: 0.00 | epoch: 1 pq: 13 rg: 6 | total time: 360.57m | eta: 464.4m
step 01108/02520 (43.97%) | loss: 3.129574 | lrm: 0.87 | dt: 18685.19ms | tok/sec: 28,059 | bf16_mfu: 0.00 | epoch: 1 pq: 13 rg: 7 | total time: 360.88m | eta: 464.1m
step 01109/02520 (44.01%) | loss: 3.122375 | lrm: 0.87 | dt: 20689.70ms | tok/sec: 25,340 | bf16_mfu: 0.00 | epoch: 1 pq: 13 rg: 8 | total time: 361.22m | eta: 463.8m
step 01110/02520 (44.05%) | loss: 3.123866 | lrm: 0.87 | dt: 18049.65ms | tok/sec: 29,046 | bf16_mfu: 0.00 | epoch: 1 pq: 13 rg: 9 | total time: 361.52m | eta: 463.4m
step 01111/02520 (44.09%) | loss: 3.106803 | lrm: 0.87 | dt: 19203.13ms | tok/sec: 27,302 | bf16_mfu: 0.00 | epoch: 1 pq: 13 rg: 9 | total time: 361.84m | eta: 463.1m
step 01112/02520 (44.13%) | loss: 3.132857 | lrm: 0.87 | dt: 20743.03ms | tok/sec: 25,275 | bf16_mfu: 0.00 | epoch: 1 pq: 13 rg: 10 | total time: 362.19m | eta: 462.8m
step 01113/02520 (44.17%) | loss: 3.142730 | lrm: 0.87 | dt: 18573.79ms | tok/sec: 28,227 | bf16_mfu: 0.00 | epoch: 1 pq: 13 rg: 11 | total time: 362.50m | eta: 462.4m
step 01114/02520 (44.21%) | loss: 3.118732 | lrm: 0.87 | dt: 20816.05ms | tok/sec: 25,186 | bf16_mfu: 0.00 | epoch: 1 pq: 13 rg: 12 | total time: 362.85m | eta: 462.1m
step 01115/02520 (44.25%) | loss: 3.130420 | lrm: 0.86 | dt: 18542.25ms | tok/sec: 28,275 | bf16_mfu: 0.00 | epoch: 1 pq: 13 rg: 13 | total time: 363.15m | eta: 461.7m
step 01116/02520 (44.29%) | loss: 3.143350 | lrm: 0.86 | dt: 18669.34ms | tok/sec: 28,082 | bf16_mfu: 0.00 | epoch: 1 pq: 13 rg: 14 | total time: 363.47m | eta: 461.4m
step 01117/02520 (44.33%) | loss: 3.113904 | lrm: 0.86 | dt: 20704.47ms | tok/sec: 25,322 | bf16_mfu: 0.00 | epoch: 1 pq: 13 rg: 15 | total time: 363.81m | eta: 461.1m
step 01118/02520 (44.37%) | loss: 3.110365 | lrm: 0.86 | dt: 18708.10ms | tok/sec: 28,024 | bf16_mfu: 0.00 | epoch: 1 pq: 13 rg: 16 | total time: 364.12m | eta: 460.7m
step 01119/02520 (44.40%) | loss: 3.107466 | lrm: 0.86 | dt: 18578.85ms | tok/sec: 28,219 | bf16_mfu: 0.00 | epoch: 1 pq: 13 rg: 17 | total time: 364.43m | eta: 460.4m
step 01120/02520 (44.44%) | loss: 3.087313 | lrm: 0.86 | dt: 20726.32ms | tok/sec: 25,295 | bf16_mfu: 0.00 | epoch: 1 pq: 13 rg: 18 | total time: 364.78m | eta: 460.1m
step 01121/02520 (44.48%) | loss: 3.098557 | lrm: 0.86 | dt: 18653.80ms | tok/sec: 28,106 | bf16_mfu: 0.00 | epoch: 1 pq: 13 rg: 19 | total time: 365.09m | eta: 459.7m
step 01122/02520 (44.52%) | loss: 3.109148 | lrm: 0.86 | dt: 18643.11ms | tok/sec: 28,122 | bf16_mfu: 0.00 | epoch: 1 pq: 13 rg: 20 | total time: 365.40m | eta: 459.4m
step 01123/02520 (44.56%) | loss: 3.103667 | lrm: 0.86 | dt: 20716.44ms | tok/sec: 25,307 | bf16_mfu: 0.00 | epoch: 1 pq: 13 rg: 21 | total time: 365.74m | eta: 459.1m
step 01124/02520 (44.60%) | loss: 3.099550 | lrm: 0.86 | dt: 18618.39ms | tok/sec: 28,159 | bf16_mfu: 0.00 | epoch: 1 pq: 13 rg: 22 | total time: 366.05m | eta: 458.7m
step 01125/02520 (44.64%) | loss: 3.060970 | lrm: 0.86 | dt: 18667.39ms | tok/sec: 28,085 | bf16_mfu: 0.00 | epoch: 1 pq: 13 rg: 23 | total time: 366.37m | eta: 458.4m
step 01126/02520 (44.68%) | loss: 3.046027 | lrm: 0.86 | dt: 20774.83ms | tok/sec: 25,236 | bf16_mfu: 0.00 | epoch: 1 pq: 13 rg: 24 | total time: 366.71m | eta: 458.1m
step 01127/02520 (44.72%) | loss: 3.052655 | lrm: 0.86 | dt: 18560.19ms | tok/sec: 28,247 | bf16_mfu: 0.00 | epoch: 1 pq: 13 rg: 25 | total time: 367.02m | eta: 457.7m
step 01128/02520 (44.76%) | loss: 3.059383 | lrm: 0.86 | dt: 20725.73ms | tok/sec: 25,296 | bf16_mfu: 0.00 | epoch: 1 pq: 13 rg: 26 | total time: 367.37m | eta: 457.4m
step 01129/02520 (44.80%) | loss: 3.061428 | lrm: 0.86 | dt: 18627.92ms | tok/sec: 28,145 | bf16_mfu: 0.00 | epoch: 1 pq: 13 rg: 27 | total time: 367.68m | eta: 457.1m
step 01130/02520 (44.84%) | loss: 3.063324 | lrm: 0.86 | dt: 18642.30ms | tok/sec: 28,123 | bf16_mfu: 0.00 | epoch: 1 pq: 13 rg: 28 | total time: 367.99m | eta: 456.7m
step 01131/02520 (44.88%) | loss: 3.033404 | lrm: 0.86 | dt: 20756.63ms | tok/sec: 25,258 | bf16_mfu: 0.00 | epoch: 1 pq: 13 rg: 29 | total time: 368.33m | eta: 456.4m
step 01132/02520 (44.92%) | loss: 3.029944 | lrm: 0.86 | dt: 18622.04ms | tok/sec: 28,154 | bf16_mfu: 0.00 | epoch: 1 pq: 13 rg: 30 | total time: 368.64m | eta: 456.0m
step 01133/02520 (44.96%) | loss: 3.027443 | lrm: 0.85 | dt: 18655.19ms | tok/sec: 28,104 | bf16_mfu: 0.00 | epoch: 1 pq: 13 rg: 31 | total time: 368.96m | eta: 455.7m
step 01134/02520 (45.00%) | loss: 3.018343 | lrm: 0.85 | dt: 20662.36ms | tok/sec: 25,374 | bf16_mfu: 0.00 | epoch: 1 pq: 13 rg: 32 | total time: 369.30m | eta: 455.4m
step 01135/02520 (45.04%) | loss: 3.027421 | lrm: 0.85 | dt: 18660.45ms | tok/sec: 28,096 | bf16_mfu: 0.00 | epoch: 1 pq: 13 rg: 33 | total time: 369.61m | eta: 455.0m
step 01136/02520 (45.08%) | loss: 3.003237 | lrm: 0.85 | dt: 18658.41ms | tok/sec: 28,099 | bf16_mfu: 0.00 | epoch: 1 pq: 13 rg: 34 | total time: 369.92m | eta: 454.7m
step 01137/02520 (45.12%) | loss: 3.028077 | lrm: 0.85 | dt: 20693.75ms | tok/sec: 25,335 | bf16_mfu: 0.00 | epoch: 1 pq: 13 rg: 35 | total time: 370.27m | eta: 454.4m
step 01138/02520 (45.16%) | loss: 3.021735 | lrm: 0.85 | dt: 18659.81ms | tok/sec: 28,097 | bf16_mfu: 0.00 | epoch: 1 pq: 13 rg: 36 | total time: 370.58m | eta: 454.0m
step 01139/02520 (45.20%) | loss: 3.007057 | lrm: 0.85 | dt: 20785.83ms | tok/sec: 25,223 | bf16_mfu: 0.00 | epoch: 1 pq: 13 rg: 37 | total time: 370.92m | eta: 453.7m
step 01140/02520 (45.24%) | loss: 3.026254 | lrm: 0.85 | dt: 18556.19ms | tok/sec: 28,254 | bf16_mfu: 0.00 | epoch: 1 pq: 13 rg: 38 | total time: 371.23m | eta: 453.4m
step 01141/02520 (45.28%) | loss: 3.035086 | lrm: 0.85 | dt: 18690.30ms | tok/sec: 28,051 | bf16_mfu: 0.00 | epoch: 1 pq: 13 rg: 39 | total time: 371.54m | eta: 453.0m
step 01142/02520 (45.32%) | loss: 3.020352 | lrm: 0.85 | dt: 20681.80ms | tok/sec: 25,350 | bf16_mfu: 0.00 | epoch: 1 pq: 13 rg: 39 | total time: 371.89m | eta: 452.7m
step 01143/02520 (45.36%) | loss: 3.056031 | lrm: 0.85 | dt: 18691.18ms | tok/sec: 28,050 | bf16_mfu: 0.00 | epoch: 1 pq: 13 rg: 40 | total time: 372.20m | eta: 452.4m
step 01144/02520 (45.40%) | loss: 3.072898 | lrm: 0.85 | dt: 18598.03ms | tok/sec: 28,190 | bf16_mfu: 0.00 | epoch: 1 pq: 13 rg: 41 | total time: 372.51m | eta: 452.0m
step 01145/02520 (45.44%) | loss: 3.084294 | lrm: 0.85 | dt: 20716.26ms | tok/sec: 25,308 | bf16_mfu: 0.00 | epoch: 1 pq: 13 rg: 42 | total time: 372.86m | eta: 451.7m
step 01146/02520 (45.48%) | loss: 3.073606 | lrm: 0.85 | dt: 18688.07ms | tok/sec: 28,054 | bf16_mfu: 0.00 | epoch: 1 pq: 13 rg: 43 | total time: 373.17m | eta: 451.3m
step 01147/02520 (45.52%) | loss: 3.070625 | lrm: 0.85 | dt: 18611.09ms | tok/sec: 28,170 | bf16_mfu: 0.00 | epoch: 1 pq: 13 rg: 44 | total time: 373.48m | eta: 451.0m
step 01148/02520 (45.56%) | loss: 3.087795 | lrm: 0.85 | dt: 20700.74ms | tok/sec: 25,327 | bf16_mfu: 0.00 | epoch: 1 pq: 13 rg: 45 | total time: 373.82m | eta: 450.7m
step 01149/02520 (45.60%) | loss: 3.100699 | lrm: 0.85 | dt: 18684.90ms | tok/sec: 28,059 | bf16_mfu: 0.00 | epoch: 1 pq: 13 rg: 46 | total time: 374.13m | eta: 450.3m
step 01150/02520 (45.63%) | loss: 3.076625 | lrm: 0.84 | dt: 18637.95ms | tok/sec: 28,130 | bf16_mfu: 0.00 | epoch: 1 pq: 13 rg: 47 | total time: 374.44m | eta: 450.0m
step 01151/02520 (45.67%) | loss: 3.071040 | lrm: 0.84 | dt: 20737.42ms | tok/sec: 25,282 | bf16_mfu: 0.00 | epoch: 1 pq: 13 rg: 48 | total time: 374.79m | eta: 449.7m
step 01152/02520 (45.71%) | loss: 3.068359 | lrm: 0.84 | dt: 18590.20ms | tok/sec: 28,202 | bf16_mfu: 0.00 | epoch: 1 pq: 13 rg: 49 | total time: 375.10m | eta: 449.3m
step 01153/02520 (45.75%) | loss: 3.098138 | lrm: 0.84 | dt: 20715.25ms | tok/sec: 25,309 | bf16_mfu: 0.00 | epoch: 1 pq: 13 rg: 50 | total time: 375.45m | eta: 449.0m
step 01154/02520 (45.79%) | loss: 3.087261 | lrm: 0.84 | dt: 18677.32ms | tok/sec: 28,070 | bf16_mfu: 0.00 | epoch: 1 pq: 13 rg: 51 | total time: 375.76m | eta: 448.7m
step 01155/02520 (45.83%) | loss: 3.114522 | lrm: 0.84 | dt: 18623.49ms | tok/sec: 28,151 | bf16_mfu: 0.00 | epoch: 1 pq: 13 rg: 52 | total time: 376.07m | eta: 448.3m
step 01156/02520 (45.87%) | loss: 3.093898 | lrm: 0.84 | dt: 20754.99ms | tok/sec: 25,260 | bf16_mfu: 0.00 | epoch: 1 pq: 13 rg: 53 | total time: 376.41m | eta: 448.0m
step 01157/02520 (45.91%) | loss: 3.101391 | lrm: 0.84 | dt: 18599.57ms | tok/sec: 28,188 | bf16_mfu: 0.00 | epoch: 1 pq: 13 rg: 54 | total time: 376.72m | eta: 447.7m
step 01158/02520 (45.95%) | loss: 3.090404 | lrm: 0.84 | dt: 18664.50ms | tok/sec: 28,090 | bf16_mfu: 0.00 | epoch: 1 pq: 13 rg: 55 | total time: 377.03m | eta: 447.3m
step 01159/02520 (45.99%) | loss: 3.104188 | lrm: 0.84 | dt: 20705.14ms | tok/sec: 25,321 | bf16_mfu: 0.00 | epoch: 1 pq: 13 rg: 56 | total time: 377.38m | eta: 447.0m
step 01160/02520 (46.03%) | loss: 3.115134 | lrm: 0.84 | dt: 18660.86ms | tok/sec: 28,095 | bf16_mfu: 0.00 | epoch: 1 pq: 13 rg: 57 | total time: 377.69m | eta: 446.7m
step 01161/02520 (46.07%) | loss: 3.134109 | lrm: 0.84 | dt: 18625.87ms | tok/sec: 28,148 | bf16_mfu: 0.00 | epoch: 1 pq: 13 rg: 58 | total time: 378.00m | eta: 446.3m
step 01162/02520 (46.11%) | loss: 3.118857 | lrm: 0.84 | dt: 20719.08ms | tok/sec: 25,304 | bf16_mfu: 0.00 | epoch: 1 pq: 13 rg: 59 | total time: 378.35m | eta: 446.0m
step 01163/02520 (46.15%) | loss: 3.125282 | lrm: 0.84 | dt: 18660.77ms | tok/sec: 28,095 | bf16_mfu: 0.00 | epoch: 1 pq: 13 rg: 60 | total time: 378.66m | eta: 445.7m
step 01164/02520 (46.19%) | loss: 3.129659 | lrm: 0.84 | dt: 18644.32ms | tok/sec: 28,120 | bf16_mfu: 0.00 | epoch: 1 pq: 13 rg: 61 | total time: 378.97m | eta: 445.3m
step 01165/02520 (46.23%) | loss: 3.142137 | lrm: 0.84 | dt: 20679.31ms | tok/sec: 25,353 | bf16_mfu: 0.00 | epoch: 1 pq: 13 rg: 62 | total time: 379.31m | eta: 445.0m
step 01166/02520 (46.27%) | loss: 3.127308 | lrm: 0.84 | dt: 18665.40ms | tok/sec: 28,088 | bf16_mfu: 0.00 | epoch: 1 pq: 13 rg: 63 | total time: 379.62m | eta: 444.6m
step 01167/02520 (46.31%) | loss: 3.138755 | lrm: 0.83 | dt: 20701.52ms | tok/sec: 25,326 | bf16_mfu: 0.00 | epoch: 1 pq: 13 rg: 64 | total time: 379.97m | eta: 444.3m
step 01168/02520 (46.35%) | loss: 3.137343 | lrm: 0.83 | dt: 18669.15ms | tok/sec: 28,083 | bf16_mfu: 0.00 | epoch: 1 pq: 13 rg: 65 | total time: 380.28m | eta: 444.0m
step 01169/02520 (46.39%) | loss: 3.112072 | lrm: 0.83 | dt: 18585.54ms | tok/sec: 28,209 | bf16_mfu: 0.00 | epoch: 1 pq: 13 rg: 66 | total time: 380.59m | eta: 443.6m
step 01170/02520 (46.43%) | loss: 3.116370 | lrm: 0.83 | dt: 20723.80ms | tok/sec: 25,298 | bf16_mfu: 0.00 | epoch: 1 pq: 13 rg: 67 | total time: 380.93m | eta: 443.3m
step 01171/02520 (46.47%) | loss: 3.112763 | lrm: 0.83 | dt: 18653.37ms | tok/sec: 28,106 | bf16_mfu: 0.00 | epoch: 1 pq: 13 rg: 68 | total time: 381.25m | eta: 443.0m
step 01172/02520 (46.51%) | loss: 3.115419 | lrm: 0.83 | dt: 18657.02ms | tok/sec: 28,101 | bf16_mfu: 0.00 | epoch: 1 pq: 13 rg: 69 | total time: 381.56m | eta: 442.6m
step 01173/02520 (46.55%) | loss: 3.100360 | lrm: 0.83 | dt: 20737.53ms | tok/sec: 25,282 | bf16_mfu: 0.00 | epoch: 1 pq: 13 rg: 70 | total time: 381.90m | eta: 442.3m
step 01174/02520 (46.59%) | loss: 3.085867 | lrm: 0.83 | dt: 18642.41ms | tok/sec: 28,123 | bf16_mfu: 0.00 | epoch: 1 pq: 13 rg: 71 | total time: 382.21m | eta: 442.0m
step 01175/02520 (46.63%) | loss: 3.070654 | lrm: 0.83 | dt: 18628.25ms | tok/sec: 28,144 | bf16_mfu: 0.00 | epoch: 1 pq: 13 rg: 72 | total time: 382.52m | eta: 441.6m
step 01176/02520 (46.67%) | loss: 3.076736 | lrm: 0.83 | dt: 20794.93ms | tok/sec: 25,212 | bf16_mfu: 0.00 | epoch: 1 pq: 13 rg: 73 | total time: 382.87m | eta: 441.3m
step 01177/02520 (46.71%) | loss: 3.073575 | lrm: 0.83 | dt: 18532.90ms | tok/sec: 28,289 | bf16_mfu: 0.00 | epoch: 1 pq: 13 rg: 74 | total time: 383.18m | eta: 441.0m
step 01178/02520 (46.75%) | loss: 3.072519 | lrm: 0.83 | dt: 20722.71ms | tok/sec: 25,300 | bf16_mfu: 0.00 | epoch: 1 pq: 13 rg: 75 | total time: 383.52m | eta: 440.7m
step 01179/02520 (46.79%) | loss: 3.050327 | lrm: 0.83 | dt: 18613.07ms | tok/sec: 28,167 | bf16_mfu: 0.00 | epoch: 1 pq: 13 rg: 76 | total time: 383.83m | eta: 440.3m
step 01180/02520 (46.83%) | loss: 3.068697 | lrm: 0.83 | dt: 18610.65ms | tok/sec: 28,171 | bf16_mfu: 0.00 | epoch: 1 pq: 13 rg: 77 | total time: 384.14m | eta: 440.0m
step 01181/02520 (46.87%) | loss: 3.041572 | lrm: 0.83 | dt: 20769.15ms | tok/sec: 25,243 | bf16_mfu: 0.00 | epoch: 1 pq: 13 rg: 78 | total time: 384.49m | eta: 439.7m
step 01182/02520 (46.90%) | loss: 3.054077 | lrm: 0.83 | dt: 18592.15ms | tok/sec: 28,199 | bf16_mfu: 0.00 | epoch: 1 pq: 13 rg: 79 | total time: 384.80m | eta: 439.3m
step 01183/02520 (46.94%) | loss: 3.000866 | lrm: 0.83 | dt: 18659.97ms | tok/sec: 28,096 | bf16_mfu: 0.00 | epoch: 1 pq: 13 rg: 80 | total time: 385.11m | eta: 439.0m
step 01184/02520 (46.98%) | loss: 2.988939 | lrm: 0.82 | dt: 20714.99ms | tok/sec: 25,309 | bf16_mfu: 0.00 | epoch: 1 pq: 13 rg: 80 | total time: 385.46m | eta: 438.6m
step 01185/02520 (47.02%) | loss: 2.987472 | lrm: 0.82 | dt: 18639.23ms | tok/sec: 28,128 | bf16_mfu: 0.00 | epoch: 1 pq: 13 rg: 81 | total time: 385.77m | eta: 438.3m
step 01186/02520 (47.06%) | loss: 2.996664 | lrm: 0.82 | dt: 18636.09ms | tok/sec: 28,132 | bf16_mfu: 0.00 | epoch: 1 pq: 13 rg: 82 | total time: 386.08m | eta: 437.9m
step 01187/02520 (47.10%) | loss: 3.022237 | lrm: 0.82 | dt: 20707.20ms | tok/sec: 25,319 | bf16_mfu: 0.00 | epoch: 1 pq: 14 rg: 0 | total time: 386.42m | eta: 437.6m
step 01188/02520 (47.14%) | loss: 3.024134 | lrm: 0.82 | dt: 18655.22ms | tok/sec: 28,104 | bf16_mfu: 0.00 | epoch: 1 pq: 14 rg: 1 | total time: 386.73m | eta: 437.3m
step 01189/02520 (47.18%) | loss: 3.016771 | lrm: 0.82 | dt: 18639.82ms | tok/sec: 28,127 | bf16_mfu: 0.00 | epoch: 1 pq: 14 rg: 2 | total time: 387.04m | eta: 436.9m
step 01190/02520 (47.22%) | loss: 3.024600 | lrm: 0.82 | dt: 20710.58ms | tok/sec: 25,314 | bf16_mfu: 0.00 | epoch: 1 pq: 14 rg: 3 | total time: 387.39m | eta: 436.6m
step 01191/02520 (47.26%) | loss: 3.045241 | lrm: 0.82 | dt: 18666.74ms | tok/sec: 28,086 | bf16_mfu: 0.00 | epoch: 1 pq: 14 rg: 4 | total time: 387.70m | eta: 436.3m
step 01192/02520 (47.30%) | loss: 3.050761 | lrm: 0.82 | dt: 20756.96ms | tok/sec: 25,258 | bf16_mfu: 0.00 | epoch: 1 pq: 14 rg: 5 | total time: 388.05m | eta: 436.0m
step 01193/02520 (47.34%) | loss: 3.065206 | lrm: 0.82 | dt: 18588.86ms | tok/sec: 28,204 | bf16_mfu: 0.00 | epoch: 1 pq: 14 rg: 6 | total time: 388.36m | eta: 435.6m
step 01194/02520 (47.38%) | loss: 3.061592 | lrm: 0.82 | dt: 18625.66ms | tok/sec: 28,148 | bf16_mfu: 0.00 | epoch: 1 pq: 14 rg: 7 | total time: 388.67m | eta: 435.3m
step 01195/02520 (47.42%) | loss: 3.064545 | lrm: 0.82 | dt: 20714.50ms | tok/sec: 25,310 | bf16_mfu: 0.00 | epoch: 1 pq: 14 rg: 8 | total time: 389.01m | eta: 435.0m
step 01196/02520 (47.46%) | loss: 3.060792 | lrm: 0.82 | dt: 18718.57ms | tok/sec: 28,008 | bf16_mfu: 0.00 | epoch: 1 pq: 14 rg: 9 | total time: 389.32m | eta: 434.6m
step 01197/02520 (47.50%) | loss: 3.030551 | lrm: 0.82 | dt: 18531.99ms | tok/sec: 28,290 | bf16_mfu: 0.00 | epoch: 1 pq: 14 rg: 10 | total time: 389.63m | eta: 434.3m
step 01198/02520 (47.54%) | loss: 3.017045 | lrm: 0.82 | dt: 20740.09ms | tok/sec: 25,278 | bf16_mfu: 0.00 | epoch: 1 pq: 14 rg: 11 | total time: 389.98m | eta: 434.0m
step 01199/02520 (47.58%) | loss: 3.007941 | lrm: 0.82 | dt: 18672.55ms | tok/sec: 28,078 | bf16_mfu: 0.00 | epoch: 1 pq: 14 rg: 12 | total time: 390.29m | eta: 433.6m
step 01200/02520 (47.62%) | loss: 3.036284 | lrm: 0.82 | dt: 18606.12ms | tok/sec: 28,178 | bf16_mfu: 0.00 | epoch: 1 pq: 14 rg: 13 | total time: 390.60m | eta: 433.3m
step 01201/02520 (47.66%) | loss: 3.031594 | lrm: 0.81 | dt: 20774.93ms | tok/sec: 25,236 | bf16_mfu: 0.00 | epoch: 1 pq: 14 rg: 14 | total time: 390.95m | eta: 433.0m
step 01202/02520 (47.70%) | loss: 3.043389 | lrm: 0.81 | dt: 18526.48ms | tok/sec: 28,299 | bf16_mfu: 0.00 | epoch: 1 pq: 14 rg: 15 | total time: 391.26m | eta: 432.6m
step 01203/02520 (47.74%) | loss: 3.045302 | lrm: 0.81 | dt: 18726.90ms | tok/sec: 27,996 | bf16_mfu: 0.00 | epoch: 1 pq: 14 rg: 16 | total time: 391.57m | eta: 432.3m
step 01204/02520 (47.78%) | loss: 3.029867 | lrm: 0.81 | dt: 20772.34ms | tok/sec: 25,239 | bf16_mfu: 0.00 | epoch: 1 pq: 14 rg: 17 | total time: 391.91m | eta: 432.0m
step 01205/02520 (47.82%) | loss: 3.035828 | lrm: 0.81 | dt: 18560.61ms | tok/sec: 28,247 | bf16_mfu: 0.00 | epoch: 1 pq: 14 rg: 18 | total time: 392.22m | eta: 431.6m
step 01206/02520 (47.86%) | loss: 3.033888 | lrm: 0.81 | dt: 20726.61ms | tok/sec: 25,295 | bf16_mfu: 0.00 | epoch: 1 pq: 14 rg: 19 | total time: 392.57m | eta: 431.3m
step 01207/02520 (47.90%) | loss: 3.062283 | lrm: 0.81 | dt: 18654.87ms | tok/sec: 28,104 | bf16_mfu: 0.00 | epoch: 1 pq: 14 rg: 20 | total time: 392.88m | eta: 431.0m
step 01208/02520 (47.94%) | loss: 3.065892 | lrm: 0.81 | dt: 18644.93ms | tok/sec: 28,119 | bf16_mfu: 0.00 | epoch: 1 pq: 14 rg: 21 | total time: 393.19m | eta: 430.6m
step 01209/02520 (47.98%) | loss: 3.057223 | lrm: 0.81 | dt: 20763.97ms | tok/sec: 25,249 | bf16_mfu: 0.00 | epoch: 1 pq: 14 rg: 22 | total time: 393.54m | eta: 430.3m
step 01210/02520 (48.02%) | loss: 3.053528 | lrm: 0.81 | dt: 18605.44ms | tok/sec: 28,179 | bf16_mfu: 0.00 | epoch: 1 pq: 14 rg: 23 | total time: 393.85m | eta: 429.9m
step 01211/02520 (48.06%) | loss: 3.055546 | lrm: 0.81 | dt: 18637.75ms | tok/sec: 28,130 | bf16_mfu: 0.00 | epoch: 1 pq: 14 rg: 24 | total time: 394.16m | eta: 429.6m
step 01212/02520 (48.10%) | loss: 3.047424 | lrm: 0.81 | dt: 20813.07ms | tok/sec: 25,190 | bf16_mfu: 0.00 | epoch: 1 pq: 14 rg: 25 | total time: 394.50m | eta: 429.3m
step 01213/02520 (48.13%) | loss: 3.023995 | lrm: 0.81 | dt: 18546.05ms | tok/sec: 28,269 | bf16_mfu: 0.00 | epoch: 1 pq: 14 rg: 26 | total time: 394.81m | eta: 428.9m
step 01214/02520 (48.17%) | loss: 3.055495 | lrm: 0.81 | dt: 18652.58ms | tok/sec: 28,108 | bf16_mfu: 0.00 | epoch: 1 pq: 14 rg: 27 | total time: 395.12m | eta: 428.6m
step 01215/02520 (48.21%) | loss: 3.041070 | lrm: 0.81 | dt: 20730.76ms | tok/sec: 25,290 | bf16_mfu: 0.00 | epoch: 1 pq: 14 rg: 28 | total time: 395.47m | eta: 428.3m
step 01216/02520 (48.25%) | loss: 3.062382 | lrm: 0.81 | dt: 18647.38ms | tok/sec: 28,115 | bf16_mfu: 0.00 | epoch: 1 pq: 14 rg: 29 | total time: 395.78m | eta: 427.9m
step 01217/02520 (48.29%) | loss: 3.038115 | lrm: 0.81 | dt: 20730.02ms | tok/sec: 25,291 | bf16_mfu: 0.00 | epoch: 1 pq: 14 rg: 30 | total time: 396.13m | eta: 427.6m
step 01218/02520 (48.33%) | loss: 3.046028 | lrm: 0.81 | dt: 17405.30ms | tok/sec: 30,122 | bf16_mfu: 0.00 | epoch: 1 pq: 14 rg: 31 | total time: 396.42m | eta: 427.3m
step 01219/02520 (48.37%) | loss: 3.029944 | lrm: 0.80 | dt: 20674.18ms | tok/sec: 25,359 | bf16_mfu: 0.00 | epoch: 1 pq: 14 rg: 32 | total time: 396.76m | eta: 427.0m
step 01220/02520 (48.41%) | loss: 3.024103 | lrm: 0.80 | dt: 18895.52ms | tok/sec: 27,746 | bf16_mfu: 0.00 | epoch: 1 pq: 14 rg: 33 | total time: 397.08m | eta: 426.6m
step 01221/02520 (48.45%) | loss: 3.037383 | lrm: 0.80 | dt: 18626.86ms | tok/sec: 28,146 | bf16_mfu: 0.00 | epoch: 1 pq: 14 rg: 34 | total time: 397.39m | eta: 426.3m
step 01222/02520 (48.49%) | loss: 3.056185 | lrm: 0.80 | dt: 20679.92ms | tok/sec: 25,352 | bf16_mfu: 0.00 | epoch: 1 pq: 14 rg: 35 | total time: 397.73m | eta: 426.0m
step 01223/02520 (48.53%) | loss: 3.055043 | lrm: 0.80 | dt: 18658.56ms | tok/sec: 28,099 | bf16_mfu: 0.00 | epoch: 1 pq: 14 rg: 36 | total time: 398.04m | eta: 425.6m
step 01224/02520 (48.57%) | loss: 3.024003 | lrm: 0.80 | dt: 18685.41ms | tok/sec: 28,058 | bf16_mfu: 0.00 | epoch: 1 pq: 14 rg: 37 | total time: 398.35m | eta: 425.3m
step 01225/02520 (48.61%) | loss: 3.016975 | lrm: 0.80 | dt: 20697.42ms | tok/sec: 25,331 | bf16_mfu: 0.00 | epoch: 1 pq: 14 rg: 38 | total time: 398.70m | eta: 424.9m
step 01226/02520 (48.65%) | loss: 2.994886 | lrm: 0.80 | dt: 18621.32ms | tok/sec: 28,155 | bf16_mfu: 0.00 | epoch: 1 pq: 14 rg: 39 | total time: 399.01m | eta: 424.6m
step 01227/02520 (48.69%) | loss: 3.002566 | lrm: 0.80 | dt: 20711.65ms | tok/sec: 25,313 | bf16_mfu: 0.00 | epoch: 1 pq: 14 rg: 39 | total time: 399.35m | eta: 424.3m
step 01228/02520 (48.73%) | loss: 3.014472 | lrm: 0.80 | dt: 18648.09ms | tok/sec: 28,114 | bf16_mfu: 0.00 | epoch: 1 pq: 14 rg: 40 | total time: 399.66m | eta: 423.9m
step 01229/02520 (48.77%) | loss: 3.020484 | lrm: 0.80 | dt: 18619.05ms | tok/sec: 28,158 | bf16_mfu: 0.00 | epoch: 1 pq: 14 rg: 41 | total time: 399.97m | eta: 423.6m
step 01230/02520 (48.81%) | loss: 3.022335 | lrm: 0.80 | dt: 20637.26ms | tok/sec: 25,404 | bf16_mfu: 0.00 | epoch: 1 pq: 14 rg: 42 | total time: 400.32m | eta: 423.3m
step 01231/02520 (48.85%) | loss: 3.044912 | lrm: 0.80 | dt: 18725.80ms | tok/sec: 27,998 | bf16_mfu: 0.00 | epoch: 1 pq: 14 rg: 43 | total time: 400.63m | eta: 422.9m
step 01232/02520 (48.89%) | loss: 3.050622 | lrm: 0.80 | dt: 18652.58ms | tok/sec: 28,108 | bf16_mfu: 0.00 | epoch: 1 pq: 14 rg: 44 | total time: 400.94m | eta: 422.6m
step 01233/02520 (48.93%) | loss: 3.036787 | lrm: 0.80 | dt: 20756.43ms | tok/sec: 25,259 | bf16_mfu: 0.00 | epoch: 1 pq: 14 rg: 45 | total time: 401.29m | eta: 422.3m
step 01234/02520 (48.97%) | loss: 3.032968 | lrm: 0.80 | dt: 18568.94ms | tok/sec: 28,234 | bf16_mfu: 0.00 | epoch: 1 pq: 14 rg: 46 | total time: 401.60m | eta: 421.9m
step 01235/02520 (49.01%) | loss: 3.033670 | lrm: 0.80 | dt: 18690.61ms | tok/sec: 28,050 | bf16_mfu: 0.00 | epoch: 1 pq: 14 rg: 47 | total time: 401.91m | eta: 421.6m
step 01236/02520 (49.05%) | loss: 3.038427 | lrm: 0.79 | dt: 20695.38ms | tok/sec: 25,333 | bf16_mfu: 0.00 | epoch: 1 pq: 14 rg: 48 | total time: 402.25m | eta: 421.3m
step 01237/02520 (49.09%) | loss: 3.038709 | lrm: 0.79 | dt: 18631.47ms | tok/sec: 28,139 | bf16_mfu: 0.00 | epoch: 1 pq: 14 rg: 49 | total time: 402.56m | eta: 420.9m
step 01238/02520 (49.13%) | loss: 3.069963 | lrm: 0.79 | dt: 18687.20ms | tok/sec: 28,055 | bf16_mfu: 0.00 | epoch: 1 pq: 14 rg: 50 | total time: 402.88m | eta: 420.6m
step 01239/02520 (49.17%) | loss: 3.073518 | lrm: 0.79 | dt: 20719.50ms | tok/sec: 25,304 | bf16_mfu: 0.00 | epoch: 1 pq: 14 rg: 51 | total time: 403.22m | eta: 420.3m
step 01240/02520 (49.21%) | loss: 3.052235 | lrm: 0.79 | dt: 18599.45ms | tok/sec: 28,188 | bf16_mfu: 0.00 | epoch: 1 pq: 14 rg: 52 | total time: 403.53m | eta: 419.9m
step 01241/02520 (49.25%) | loss: 3.030805 | lrm: 0.79 | dt: 20818.16ms | tok/sec: 25,184 | bf16_mfu: 0.00 | epoch: 1 pq: 14 rg: 53 | total time: 403.88m | eta: 419.6m
step 01242/02520 (49.29%) | loss: 3.032355 | lrm: 0.79 | dt: 18544.42ms | tok/sec: 28,272 | bf16_mfu: 0.00 | epoch: 1 pq: 14 rg: 54 | total time: 404.19m | eta: 419.3m
step 01243/02520 (49.33%) | loss: 3.017881 | lrm: 0.79 | dt: 18666.23ms | tok/sec: 28,087 | bf16_mfu: 0.00 | epoch: 1 pq: 14 rg: 55 | total time: 404.50m | eta: 418.9m
step 01244/02520 (49.37%) | loss: 3.028897 | lrm: 0.79 | dt: 20759.41ms | tok/sec: 25,255 | bf16_mfu: 0.00 | epoch: 1 pq: 14 rg: 56 | total time: 404.84m | eta: 418.6m
step 01245/02520 (49.40%) | loss: 3.028184 | lrm: 0.79 | dt: 18584.41ms | tok/sec: 28,211 | bf16_mfu: 0.00 | epoch: 1 pq: 14 rg: 57 | total time: 405.15m | eta: 418.3m
step 01246/02520 (49.44%) | loss: 3.015792 | lrm: 0.79 | dt: 18648.67ms | tok/sec: 28,113 | bf16_mfu: 0.00 | epoch: 1 pq: 14 rg: 58 | total time: 405.46m | eta: 417.9m
step 01247/02520 (49.48%) | loss: 2.997427 | lrm: 0.79 | dt: 20721.85ms | tok/sec: 25,301 | bf16_mfu: 0.00 | epoch: 1 pq: 14 rg: 59 | total time: 405.81m | eta: 417.6m
step 01248/02520 (49.52%) | loss: 3.009636 | lrm: 0.79 | dt: 18736.32ms | tok/sec: 27,982 | bf16_mfu: 0.00 | epoch: 1 pq: 14 rg: 60 | total time: 406.12m | eta: 417.3m
step 01249/02520 (49.56%) | loss: 3.028528 | lrm: 0.79 | dt: 18562.33ms | tok/sec: 28,244 | bf16_mfu: 0.00 | epoch: 1 pq: 14 rg: 61 | total time: 406.43m | eta: 416.9m
2026-09-25 01:54:22,575 - nanochat.checkpoint_manager - [32m[1mINFO[0m - Saved model parameters to: /home/wesley/.cache/nanochat/base_checkpoints/d12/model_001250.pt
2026-09-25 01:54:22,575 - nanochat.checkpoint_manager - [32m[1mINFO[0m - Saved metadata to: /home/wesley/.cache/nanochat/base_checkpoints/d12/meta_001250.json
2026-09-25 01:54:24,383 - nanochat.checkpoint_manager - [32m[1mINFO[0m - Saved optimizer state to: /home/wesley/.cache/nanochat/base_checkpoints/d12/optim_001250_rank0.pt
step 01250/02520 (49.60%) | loss: 3.021433 | lrm: 0.79 | dt: 20856.31ms | tok/sec: 25,138 | bf16_mfu: 0.00 | epoch: 1 pq: 14 rg: 62 | total time: 406.78m | eta: 416.6m
step 01251/02520 (49.64%) | loss: 3.009428 | lrm: 0.79 | dt: 18633.31ms | tok/sec: 28,137 | bf16_mfu: 0.00 | epoch: 1 pq: 14 rg: 63 | total time: 407.09m | eta: 416.3m
step 01252/02520 (49.68%) | loss: 3.010974 | lrm: 0.79 | dt: 18667.33ms | tok/sec: 28,085 | bf16_mfu: 0.00 | epoch: 1 pq: 14 rg: 64 | total time: 407.40m | eta: 415.9m
step 01253/02520 (49.72%) | loss: 3.000193 | lrm: 0.78 | dt: 20762.14ms | tok/sec: 25,252 | bf16_mfu: 0.00 | epoch: 1 pq: 14 rg: 65 | total time: 407.75m | eta: 415.6m
step 01254/02520 (49.76%) | loss: 2.987371 | lrm: 0.78 | dt: 18565.56ms | tok/sec: 28,239 | bf16_mfu: 0.00 | epoch: 1 pq: 14 rg: 66 | total time: 408.06m | eta: 415.3m
step 01255/02520 (49.80%) | loss: 2.989479 | lrm: 0.78 | dt: 18685.65ms | tok/sec: 28,058 | bf16_mfu: 0.00 | epoch: 1 pq: 14 rg: 67 | total time: 408.37m | eta: 414.9m
step 01256/02520 (49.84%) | loss: 3.014723 | lrm: 0.78 | dt: 20739.68ms | tok/sec: 25,279 | bf16_mfu: 0.00 | epoch: 1 pq: 14 rg: 68 | total time: 408.71m | eta: 414.6m
step 01257/02520 (49.88%) | loss: 3.022312 | lrm: 0.78 | dt: 18586.98ms | tok/sec: 28,207 | bf16_mfu: 0.00 | epoch: 1 pq: 14 rg: 68 | total time: 409.02m | eta: 414.3m
step 01258/02520 (49.92%) | loss: 3.023214 | lrm: 0.78 | dt: 20763.89ms | tok/sec: 25,249 | bf16_mfu: 0.00 | epoch: 1 pq: 14 rg: 70 | total time: 409.37m | eta: 414.0m
step 01259/02520 (49.96%) | loss: 3.041197 | lrm: 0.78 | dt: 18609.16ms | tok/sec: 28,173 | bf16_mfu: 0.00 | epoch: 1 pq: 14 rg: 70 | total time: 409.68m | eta: 413.6m
step 01260/02520 (50.00%) | loss: 3.041681 | lrm: 0.78 | dt: 18655.06ms | tok/sec: 28,104 | bf16_mfu: 0.00 | epoch: 1 pq: 14 rg: 71 | total time: 409.99m | eta: 413.3m
step 01261/02520 (50.04%) | loss: 3.051880 | lrm: 0.78 | dt: 20727.79ms | tok/sec: 25,293 | bf16_mfu: 0.00 | epoch: 1 pq: 14 rg: 72 | total time: 410.34m | eta: 413.0m
step 01262/02520 (50.08%) | loss: 3.055046 | lrm: 0.78 | dt: 18669.24ms | tok/sec: 28,082 | bf16_mfu: 0.00 | epoch: 1 pq: 14 rg: 73 | total time: 410.65m | eta: 412.6m
step 01263/02520 (50.12%) | loss: 3.057078 | lrm: 0.78 | dt: 18593.43ms | tok/sec: 28,197 | bf16_mfu: 0.00 | epoch: 1 pq: 14 rg: 74 | total time: 410.96m | eta: 412.3m
step 01264/02520 (50.16%) | loss: 3.049003 | lrm: 0.78 | dt: 20726.58ms | tok/sec: 25,295 | bf16_mfu: 0.00 | epoch: 1 pq: 14 rg: 75 | total time: 411.30m | eta: 412.0m
step 01265/02520 (50.20%) | loss: 3.044055 | lrm: 0.78 | dt: 18687.33ms | tok/sec: 28,055 | bf16_mfu: 0.00 | epoch: 1 pq: 14 rg: 76 | total time: 411.61m | eta: 411.6m
step 01266/02520 (50.24%) | loss: 3.031796 | lrm: 0.78 | dt: 18612.90ms | tok/sec: 28,167 | bf16_mfu: 0.00 | epoch: 1 pq: 14 rg: 77 | total time: 411.92m | eta: 411.3m
step 01267/02520 (50.28%) | loss: 3.002781 | lrm: 0.78 | dt: 20716.92ms | tok/sec: 25,307 | bf16_mfu: 0.00 | epoch: 1 pq: 14 rg: 78 | total time: 412.27m | eta: 411.0m
step 01268/02520 (50.32%) | loss: 3.017450 | lrm: 0.78 | dt: 18673.75ms | tok/sec: 28,076 | bf16_mfu: 0.00 | epoch: 1 pq: 14 rg: 79 | total time: 412.58m | eta: 410.6m
step 01269/02520 (50.36%) | loss: 3.033334 | lrm: 0.78 | dt: 18633.16ms | tok/sec: 28,137 | bf16_mfu: 0.00 | epoch: 1 pq: 14 rg: 80 | total time: 412.89m | eta: 410.3m
step 01270/02520 (50.40%) | loss: 3.033520 | lrm: 0.77 | dt: 20762.32ms | tok/sec: 25,251 | bf16_mfu: 0.00 | epoch: 1 pq: 14 rg: 81 | total time: 413.24m | eta: 410.0m
step 01271/02520 (50.44%) | loss: 3.059652 | lrm: 0.77 | dt: 18564.39ms | tok/sec: 28,241 | bf16_mfu: 0.00 | epoch: 1 pq: 14 rg: 82 | total time: 413.55m | eta: 409.6m
step 01272/02520 (50.48%) | loss: 3.072749 | lrm: 0.77 | dt: 20728.04ms | tok/sec: 25,293 | bf16_mfu: 0.00 | epoch: 1 pq: 15 rg: 0 | total time: 413.89m | eta: 409.3m
step 01273/02520 (50.52%) | loss: 3.057935 | lrm: 0.77 | dt: 18736.88ms | tok/sec: 27,981 | bf16_mfu: 0.00 | epoch: 1 pq: 15 rg: 1 | total time: 414.20m | eta: 409.0m
step 01274/02520 (50.56%) | loss: 3.060209 | lrm: 0.77 | dt: 18545.97ms | tok/sec: 28,269 | bf16_mfu: 0.00 | epoch: 1 pq: 15 rg: 2 | total time: 414.51m | eta: 408.6m
step 01275/02520 (50.60%) | loss: 3.048979 | lrm: 0.77 | dt: 20718.75ms | tok/sec: 25,305 | bf16_mfu: 0.00 | epoch: 1 pq: 15 rg: 3 | total time: 414.86m | eta: 408.3m
step 01276/02520 (50.63%) | loss: 3.071285 | lrm: 0.77 | dt: 18686.85ms | tok/sec: 28,056 | bf16_mfu: 0.00 | epoch: 1 pq: 15 rg: 4 | total time: 415.17m | eta: 408.0m
step 01277/02520 (50.67%) | loss: 3.082283 | lrm: 0.77 | dt: 18610.56ms | tok/sec: 28,171 | bf16_mfu: 0.00 | epoch: 1 pq: 15 rg: 5 | total time: 415.48m | eta: 407.6m
step 01278/02520 (50.71%) | loss: 3.064550 | lrm: 0.77 | dt: 20800.18ms | tok/sec: 25,205 | bf16_mfu: 0.00 | epoch: 1 pq: 15 rg: 6 | total time: 415.83m | eta: 407.3m
step 01279/02520 (50.75%) | loss: 3.069573 | lrm: 0.77 | dt: 18548.43ms | tok/sec: 28,265 | bf16_mfu: 0.00 | epoch: 1 pq: 15 rg: 7 | total time: 416.14m | eta: 407.0m
step 01280/02520 (50.79%) | loss: 3.053343 | lrm: 0.77 | dt: 18678.26ms | tok/sec: 28,069 | bf16_mfu: 0.00 | epoch: 1 pq: 15 rg: 8 | total time: 416.45m | eta: 406.6m
step 01281/02520 (50.83%) | loss: 3.061205 | lrm: 0.77 | dt: 20729.65ms | tok/sec: 25,291 | bf16_mfu: 0.00 | epoch: 1 pq: 15 rg: 9 | total time: 416.79m | eta: 406.3m
step 01282/02520 (50.87%) | loss: 3.047457 | lrm: 0.77 | dt: 18609.17ms | tok/sec: 28,173 | bf16_mfu: 0.00 | epoch: 1 pq: 15 rg: 10 | total time: 417.10m | eta: 406.0m
step 01283/02520 (50.91%) | loss: 3.044114 | lrm: 0.77 | dt: 18660.36ms | tok/sec: 28,096 | bf16_mfu: 0.00 | epoch: 1 pq: 15 rg: 11 | total time: 417.41m | eta: 405.6m
step 01284/02520 (50.95%) | loss: 3.043215 | lrm: 0.77 | dt: 20734.43ms | tok/sec: 25,285 | bf16_mfu: 0.00 | epoch: 1 pq: 15 rg: 12 | total time: 417.76m | eta: 405.3m
step 01285/02520 (50.99%) | loss: 3.047402 | lrm: 0.77 | dt: 18623.74ms | tok/sec: 28,151 | bf16_mfu: 0.00 | epoch: 1 pq: 15 rg: 13 | total time: 418.07m | eta: 405.0m
step 01286/02520 (51.03%) | loss: 3.014900 | lrm: 0.77 | dt: 20810.78ms | tok/sec: 25,193 | bf16_mfu: 0.00 | epoch: 1 pq: 15 rg: 14 | total time: 418.42m | eta: 404.6m
step 01287/02520 (51.07%) | loss: 3.004838 | lrm: 0.77 | dt: 18567.11ms | tok/sec: 28,237 | bf16_mfu: 0.00 | epoch: 1 pq: 15 rg: 15 | total time: 418.73m | eta: 404.3m
step 01288/02520 (51.11%) | loss: 3.021689 | lrm: 0.76 | dt: 18630.72ms | tok/sec: 28,141 | bf16_mfu: 0.00 | epoch: 1 pq: 15 rg: 16 | total time: 419.04m | eta: 404.0m
step 01289/02520 (51.15%) | loss: 3.023715 | lrm: 0.76 | dt: 20711.21ms | tok/sec: 25,314 | bf16_mfu: 0.00 | epoch: 1 pq: 15 rg: 17 | total time: 419.38m | eta: 403.6m
step 01290/02520 (51.19%) | loss: 3.021483 | lrm: 0.76 | dt: 18693.28ms | tok/sec: 28,046 | bf16_mfu: 0.00 | epoch: 1 pq: 15 rg: 18 | total time: 419.69m | eta: 403.3m
step 01291/02520 (51.23%) | loss: 3.022063 | lrm: 0.76 | dt: 18555.35ms | tok/sec: 28,255 | bf16_mfu: 0.00 | epoch: 1 pq: 15 rg: 19 | total time: 420.00m | eta: 403.0m
step 01292/02520 (51.27%) | loss: 3.011930 | lrm: 0.76 | dt: 20748.66ms | tok/sec: 25,268 | bf16_mfu: 0.00 | epoch: 1 pq: 15 rg: 20 | total time: 420.35m | eta: 402.6m
step 01293/02520 (51.31%) | loss: 3.015330 | lrm: 0.76 | dt: 18654.27ms | tok/sec: 28,105 | bf16_mfu: 0.00 | epoch: 1 pq: 15 rg: 21 | total time: 420.66m | eta: 402.3m
step 01294/02520 (51.35%) | loss: 3.008369 | lrm: 0.76 | dt: 18614.33ms | tok/sec: 28,165 | bf16_mfu: 0.00 | epoch: 1 pq: 15 rg: 22 | total time: 420.97m | eta: 402.0m
step 01295/02520 (51.39%) | loss: 3.009478 | lrm: 0.76 | dt: 20777.26ms | tok/sec: 25,233 | bf16_mfu: 0.00 | epoch: 1 pq: 15 rg: 22 | total time: 421.32m | eta: 401.6m
step 01296/02520 (51.43%) | loss: 3.021586 | lrm: 0.76 | dt: 18552.12ms | tok/sec: 28,260 | bf16_mfu: 0.00 | epoch: 1 pq: 15 rg: 23 | total time: 421.62m | eta: 401.3m
step 01297/02520 (51.47%) | loss: 3.048438 | lrm: 0.76 | dt: 18673.89ms | tok/sec: 28,075 | bf16_mfu: 0.00 | epoch: 1 pq: 15 rg: 24 | total time: 421.94m | eta: 401.0m
step 01298/02520 (51.51%) | loss: 3.056345 | lrm: 0.76 | dt: 20800.90ms | tok/sec: 25,205 | bf16_mfu: 0.00 | epoch: 1 pq: 15 rg: 25 | total time: 422.28m | eta: 400.6m
step 01299/02520 (51.55%) | loss: 3.032962 | lrm: 0.76 | dt: 18527.07ms | tok/sec: 28,298 | bf16_mfu: 0.00 | epoch: 1 pq: 15 rg: 26 | total time: 422.59m | eta: 400.3m
step 01300/02520 (51.59%) | loss: 3.036455 | lrm: 0.76 | dt: 20735.37ms | tok/sec: 25,284 | bf16_mfu: 0.00 | epoch: 1 pq: 15 rg: 27 | total time: 422.94m | eta: 400.0m
step 01301/02520 (51.63%) | loss: 3.028148 | lrm: 0.76 | dt: 18755.52ms | tok/sec: 27,953 | bf16_mfu: 0.00 | epoch: 1 pq: 15 rg: 28 | total time: 423.25m | eta: 399.6m
step 01302/02520 (51.67%) | loss: 3.039147 | lrm: 0.76 | dt: 18526.58ms | tok/sec: 28,299 | bf16_mfu: 0.00 | epoch: 1 pq: 15 rg: 29 | total time: 423.56m | eta: 399.3m
step 01303/02520 (51.71%) | loss: 3.040270 | lrm: 0.76 | dt: 20754.02ms | tok/sec: 25,261 | bf16_mfu: 0.00 | epoch: 1 pq: 15 rg: 30 | total time: 423.90m | eta: 399.0m
step 01304/02520 (51.75%) | loss: 3.019761 | lrm: 0.76 | dt: 18620.31ms | tok/sec: 28,156 | bf16_mfu: 0.00 | epoch: 1 pq: 15 rg: 31 | total time: 424.21m | eta: 398.6m
step 01305/02520 (51.79%) | loss: 3.024144 | lrm: 0.75 | dt: 18637.92ms | tok/sec: 28,130 | bf16_mfu: 0.00 | epoch: 1 pq: 15 rg: 32 | total time: 424.53m | eta: 398.3m
step 01306/02520 (51.83%) | loss: 3.036407 | lrm: 0.75 | dt: 20804.59ms | tok/sec: 25,200 | bf16_mfu: 0.00 | epoch: 1 pq: 15 rg: 33 | total time: 424.87m | eta: 398.0m
step 01307/02520 (51.87%) | loss: 3.032560 | lrm: 0.75 | dt: 18532.97ms | tok/sec: 28,289 | bf16_mfu: 0.00 | epoch: 1 pq: 15 rg: 34 | total time: 425.18m | eta: 397.6m
step 01308/02520 (51.90%) | loss: 3.038257 | lrm: 0.75 | dt: 18671.33ms | tok/sec: 28,079 | bf16_mfu: 0.00 | epoch: 1 pq: 15 rg: 35 | total time: 425.49m | eta: 397.3m
step 01309/02520 (51.94%) | loss: 3.019576 | lrm: 0.75 | dt: 20803.34ms | tok/sec: 25,202 | bf16_mfu: 0.00 | epoch: 1 pq: 15 rg: 36 | total time: 425.84m | eta: 397.0m
step 01310/02520 (51.98%) | loss: 2.972871 | lrm: 0.75 | dt: 18537.48ms | tok/sec: 28,282 | bf16_mfu: 0.00 | epoch: 1 pq: 15 rg: 37 | total time: 426.15m | eta: 396.6m
step 01311/02520 (52.02%) | loss: 2.968227 | lrm: 0.75 | dt: 18676.65ms | tok/sec: 28,071 | bf16_mfu: 0.00 | epoch: 1 pq: 15 rg: 38 | total time: 426.46m | eta: 396.3m
step 01312/02520 (52.06%) | loss: 2.972776 | lrm: 0.75 | dt: 20813.50ms | tok/sec: 25,189 | bf16_mfu: 0.00 | epoch: 1 pq: 15 rg: 39 | total time: 426.81m | eta: 396.0m
step 01313/02520 (52.10%) | loss: 2.958255 | lrm: 0.75 | dt: 18494.30ms | tok/sec: 28,348 | bf16_mfu: 0.00 | epoch: 1 pq: 15 rg: 40 | total time: 427.11m | eta: 395.6m
step 01314/02520 (52.14%) | loss: 2.959496 | lrm: 0.75 | dt: 20828.42ms | tok/sec: 25,171 | bf16_mfu: 0.00 | epoch: 1 pq: 15 rg: 41 | total time: 427.46m | eta: 395.3m
step 01315/02520 (52.18%) | loss: 2.994516 | lrm: 0.75 | dt: 18523.26ms | tok/sec: 28,304 | bf16_mfu: 0.00 | epoch: 1 pq: 15 rg: 42 | total time: 427.77m | eta: 395.0m
step 01316/02520 (52.22%) | loss: 3.022287 | lrm: 0.75 | dt: 18698.54ms | tok/sec: 28,038 | bf16_mfu: 0.00 | epoch: 1 pq: 15 rg: 43 | total time: 428.08m | eta: 394.6m
step 01317/02520 (52.26%) | loss: 3.038334 | lrm: 0.75 | dt: 20804.47ms | tok/sec: 25,200 | bf16_mfu: 0.00 | epoch: 1 pq: 15 rg: 44 | total time: 428.43m | eta: 394.3m
step 01318/02520 (52.30%) | loss: 3.030862 | lrm: 0.75 | dt: 18590.76ms | tok/sec: 28,201 | bf16_mfu: 0.00 | epoch: 1 pq: 15 rg: 45 | total time: 428.74m | eta: 394.0m
step 01319/02520 (52.34%) | loss: 3.023384 | lrm: 0.75 | dt: 18631.91ms | tok/sec: 28,139 | bf16_mfu: 0.00 | epoch: 1 pq: 15 rg: 46 | total time: 429.05m | eta: 393.6m
step 01320/02520 (52.38%) | loss: 3.000508 | lrm: 0.75 | dt: 20730.48ms | tok/sec: 25,290 | bf16_mfu: 0.00 | epoch: 1 pq: 15 rg: 47 | total time: 429.39m | eta: 393.3m
step 01321/02520 (52.42%) | loss: 3.005173 | lrm: 0.75 | dt: 18609.08ms | tok/sec: 28,173 | bf16_mfu: 0.00 | epoch: 1 pq: 15 rg: 48 | total time: 429.70m | eta: 393.0m
step 01322/02520 (52.46%) | loss: 3.000801 | lrm: 0.74 | dt: 18641.50ms | tok/sec: 28,124 | bf16_mfu: 0.00 | epoch: 1 pq: 15 rg: 49 | total time: 430.02m | eta: 392.7m
step 01323/02520 (52.50%) | loss: 3.016303 | lrm: 0.74 | dt: 20769.01ms | tok/sec: 25,243 | bf16_mfu: 0.00 | epoch: 1 pq: 15 rg: 50 | total time: 430.36m | eta: 392.3m
step 01324/02520 (52.54%) | loss: 3.029369 | lrm: 0.74 | dt: 18583.08ms | tok/sec: 28,213 | bf16_mfu: 0.00 | epoch: 1 pq: 15 rg: 51 | total time: 430.67m | eta: 392.0m
step 01325/02520 (52.58%) | loss: 3.019678 | lrm: 0.74 | dt: 18667.24ms | tok/sec: 28,085 | bf16_mfu: 0.00 | epoch: 1 pq: 15 rg: 52 | total time: 430.98m | eta: 391.7m
step 01326/02520 (52.62%) | loss: 3.021300 | lrm: 0.74 | dt: 20773.07ms | tok/sec: 25,238 | bf16_mfu: 0.00 | epoch: 1 pq: 15 rg: 53 | total time: 431.33m | eta: 391.3m
step 01327/02520 (52.66%) | loss: 3.007221 | lrm: 0.74 | dt: 18578.37ms | tok/sec: 28,220 | bf16_mfu: 0.00 | epoch: 1 pq: 15 rg: 54 | total time: 431.64m | eta: 391.0m
step 01328/02520 (52.70%) | loss: 3.003039 | lrm: 0.74 | dt: 20746.11ms | tok/sec: 25,271 | bf16_mfu: 0.00 | epoch: 1 pq: 15 rg: 55 | total time: 431.98m | eta: 390.7m
step 01329/02520 (52.74%) | loss: 3.012445 | lrm: 0.74 | dt: 18722.51ms | tok/sec: 28,003 | bf16_mfu: 0.00 | epoch: 1 pq: 15 rg: 56 | total time: 432.30m | eta: 390.3m
step 01330/02520 (52.78%) | loss: 3.001588 | lrm: 0.74 | dt: 18545.17ms | tok/sec: 28,270 | bf16_mfu: 0.00 | epoch: 1 pq: 15 rg: 57 | total time: 432.61m | eta: 390.0m
step 01331/02520 (52.82%) | loss: 2.991889 | lrm: 0.74 | dt: 20761.93ms | tok/sec: 25,252 | bf16_mfu: 0.00 | epoch: 1 pq: 15 rg: 58 | total time: 432.95m | eta: 389.7m
step 01332/02520 (52.86%) | loss: 2.994511 | lrm: 0.74 | dt: 18661.03ms | tok/sec: 28,095 | bf16_mfu: 0.00 | epoch: 1 pq: 15 rg: 59 | total time: 433.26m | eta: 389.3m
step 01333/02520 (52.90%) | loss: 2.980539 | lrm: 0.74 | dt: 18591.05ms | tok/sec: 28,201 | bf16_mfu: 0.00 | epoch: 1 pq: 15 rg: 60 | total time: 433.57m | eta: 389.0m
step 01334/02520 (52.94%) | loss: 2.995312 | lrm: 0.74 | dt: 20776.45ms | tok/sec: 25,234 | bf16_mfu: 0.00 | epoch: 1 pq: 15 rg: 61 | total time: 433.92m | eta: 388.7m
step 01335/02520 (52.98%) | loss: 2.973321 | lrm: 0.74 | dt: 18625.06ms | tok/sec: 28,149 | bf16_mfu: 0.00 | epoch: 1 pq: 15 rg: 62 | total time: 434.23m | eta: 388.3m
step 01336/02520 (53.02%) | loss: 2.985358 | lrm: 0.74 | dt: 18370.77ms | tok/sec: 28,539 | bf16_mfu: 0.00 | epoch: 1 pq: 15 rg: 62 | total time: 434.53m | eta: 388.0m
step 01337/02520 (53.06%) | loss: 2.969422 | lrm: 0.74 | dt: 20874.98ms | tok/sec: 25,115 | bf16_mfu: 0.00 | epoch: 1 pq: 15 rg: 63 | total time: 434.88m | eta: 387.7m
step 01338/02520 (53.10%) | loss: 3.002129 | lrm: 0.74 | dt: 18659.51ms | tok/sec: 28,097 | bf16_mfu: 0.00 | epoch: 1 pq: 15 rg: 64 | total time: 435.19m | eta: 387.3m
step 01339/02520 (53.13%) | loss: 2.987215 | lrm: 0.73 | dt: 18696.64ms | tok/sec: 28,041 | bf16_mfu: 0.00 | epoch: 1 pq: 15 rg: 65 | total time: 435.51m | eta: 387.0m
step 01340/02520 (53.17%) | loss: 2.998173 | lrm: 0.73 | dt: 20785.19ms | tok/sec: 25,224 | bf16_mfu: 0.00 | epoch: 1 pq: 15 rg: 66 | total time: 435.85m | eta: 386.7m
step 01341/02520 (53.21%) | loss: 2.994461 | lrm: 0.73 | dt: 18573.66ms | tok/sec: 28,227 | bf16_mfu: 0.00 | epoch: 1 pq: 15 rg: 67 | total time: 436.16m | eta: 386.4m
step 01342/02520 (53.25%) | loss: 2.993475 | lrm: 0.73 | dt: 20750.56ms | tok/sec: 25,266 | bf16_mfu: 0.00 | epoch: 1 pq: 15 rg: 68 | total time: 436.51m | eta: 386.0m
step 01343/02520 (53.29%) | loss: 3.003223 | lrm: 0.73 | dt: 18620.34ms | tok/sec: 28,156 | bf16_mfu: 0.00 | epoch: 1 pq: 15 rg: 69 | total time: 436.82m | eta: 385.7m
step 01344/02520 (53.33%) | loss: 3.019519 | lrm: 0.73 | dt: 18639.56ms | tok/sec: 28,127 | bf16_mfu: 0.00 | epoch: 1 pq: 15 rg: 70 | total time: 437.13m | eta: 385.4m
step 01345/02520 (53.37%) | loss: 3.007112 | lrm: 0.73 | dt: 20811.09ms | tok/sec: 25,192 | bf16_mfu: 0.00 | epoch: 1 pq: 15 rg: 71 | total time: 437.48m | eta: 385.0m
step 01346/02520 (53.41%) | loss: 2.979698 | lrm: 0.73 | dt: 18542.31ms | tok/sec: 28,275 | bf16_mfu: 0.00 | epoch: 1 pq: 15 rg: 72 | total time: 437.78m | eta: 384.7m
step 01347/02520 (53.45%) | loss: 2.960869 | lrm: 0.73 | dt: 18648.96ms | tok/sec: 28,113 | bf16_mfu: 0.00 | epoch: 1 pq: 15 rg: 73 | total time: 438.09m | eta: 384.4m
step 01348/02520 (53.49%) | loss: 2.939630 | lrm: 0.73 | dt: 20823.76ms | tok/sec: 25,177 | bf16_mfu: 0.00 | epoch: 1 pq: 15 rg: 74 | total time: 438.44m | eta: 384.0m
step 01349/02520 (53.53%) | loss: 2.930438 | lrm: 0.73 | dt: 18540.07ms | tok/sec: 28,278 | bf16_mfu: 0.00 | epoch: 1 pq: 15 rg: 75 | total time: 438.75m | eta: 383.7m
step 01350/02520 (53.57%) | loss: 2.926616 | lrm: 0.73 | dt: 18661.58ms | tok/sec: 28,094 | bf16_mfu: 0.00 | epoch: 1 pq: 15 rg: 76 | total time: 439.06m | eta: 383.4m
step 01351/02520 (53.61%) | loss: 2.929030 | lrm: 0.73 | dt: 20745.57ms | tok/sec: 25,272 | bf16_mfu: 0.00 | epoch: 1 pq: 15 rg: 77 | total time: 439.41m | eta: 383.0m
step 01352/02520 (53.65%) | loss: 2.957127 | lrm: 0.73 | dt: 18616.85ms | tok/sec: 28,162 | bf16_mfu: 0.00 | epoch: 1 pq: 15 rg: 78 | total time: 439.72m | eta: 382.7m
step 01353/02520 (53.69%) | loss: 2.951982 | lrm: 0.73 | dt: 18638.44ms | tok/sec: 28,129 | bf16_mfu: 0.00 | epoch: 1 pq: 15 rg: 79 | total time: 440.03m | eta: 382.4m
step 01354/02520 (53.73%) | loss: 2.962467 | lrm: 0.73 | dt: 20742.82ms | tok/sec: 25,275 | bf16_mfu: 0.00 | epoch: 1 pq: 15 rg: 80 | total time: 440.37m | eta: 382.1m
step 01355/02520 (53.77%) | loss: 2.956795 | lrm: 0.73 | dt: 18590.48ms | tok/sec: 28,201 | bf16_mfu: 0.00 | epoch: 1 pq: 15 rg: 81 | total time: 440.68m | eta: 381.7m
step 01356/02520 (53.81%) | loss: 2.933215 | lrm: 0.73 | dt: 20866.52ms | tok/sec: 25,125 | bf16_mfu: 0.00 | epoch: 1 pq: 15 rg: 82 | total time: 441.03m | eta: 381.4m
step 01357/02520 (53.85%) | loss: 2.943970 | lrm: 0.72 | dt: 18538.87ms | tok/sec: 28,280 | bf16_mfu: 0.00 | epoch: 1 pq: 16 rg: 0 | total time: 441.34m | eta: 381.1m
step 01358/02520 (53.89%) | loss: 2.935683 | lrm: 0.72 | dt: 18633.81ms | tok/sec: 28,136 | bf16_mfu: 0.00 | epoch: 1 pq: 16 rg: 1 | total time: 441.65m | eta: 380.7m
step 01359/02520 (53.93%) | loss: 2.939566 | lrm: 0.72 | dt: 20764.32ms | tok/sec: 25,249 | bf16_mfu: 0.00 | epoch: 1 pq: 16 rg: 2 | total time: 442.00m | eta: 380.4m
step 01360/02520 (53.97%) | loss: 2.941163 | lrm: 0.72 | dt: 18658.84ms | tok/sec: 28,098 | bf16_mfu: 0.00 | epoch: 1 pq: 16 rg: 3 | total time: 442.31m | eta: 380.1m
step 01361/02520 (54.01%) | loss: 2.927751 | lrm: 0.72 | dt: 18579.62ms | tok/sec: 28,218 | bf16_mfu: 0.00 | epoch: 1 pq: 16 rg: 4 | total time: 442.62m | eta: 379.7m
step 01362/02520 (54.05%) | loss: 2.937561 | lrm: 0.72 | dt: 20775.79ms | tok/sec: 25,235 | bf16_mfu: 0.00 | epoch: 1 pq: 16 rg: 5 | total time: 442.96m | eta: 379.4m
step 01363/02520 (54.09%) | loss: 2.962706 | lrm: 0.72 | dt: 18636.35ms | tok/sec: 28,132 | bf16_mfu: 0.00 | epoch: 1 pq: 16 rg: 6 | total time: 443.28m | eta: 379.1m
step 01364/02520 (54.13%) | loss: 2.963603 | lrm: 0.72 | dt: 18594.00ms | tok/sec: 28,196 | bf16_mfu: 0.00 | epoch: 1 pq: 16 rg: 7 | total time: 443.59m | eta: 378.7m
step 01365/02520 (54.17%) | loss: 2.982788 | lrm: 0.72 | dt: 20842.66ms | tok/sec: 25,154 | bf16_mfu: 0.00 | epoch: 1 pq: 16 rg: 8 | total time: 443.93m | eta: 378.4m
step 01366/02520 (54.21%) | loss: 3.002966 | lrm: 0.72 | dt: 18523.37ms | tok/sec: 28,304 | bf16_mfu: 0.00 | epoch: 1 pq: 16 rg: 9 | total time: 444.24m | eta: 378.1m
step 01367/02520 (54.25%) | loss: 3.016761 | lrm: 0.72 | dt: 18666.44ms | tok/sec: 28,087 | bf16_mfu: 0.00 | epoch: 1 pq: 16 rg: 10 | total time: 444.55m | eta: 377.7m
step 01368/02520 (54.29%) | loss: 3.036112 | lrm: 0.72 | dt: 20859.02ms | tok/sec: 25,134 | bf16_mfu: 0.00 | epoch: 1 pq: 16 rg: 11 | total time: 444.90m | eta: 377.4m
step 01369/02520 (54.33%) | loss: 3.016285 | lrm: 0.72 | dt: 18481.75ms | tok/sec: 28,367 | bf16_mfu: 0.00 | epoch: 1 pq: 16 rg: 12 | total time: 445.21m | eta: 377.1m
step 01370/02520 (54.37%) | loss: 2.973828 | lrm: 0.72 | dt: 20784.83ms | tok/sec: 25,224 | bf16_mfu: 0.00 | epoch: 1 pq: 16 rg: 13 | total time: 445.55m | eta: 376.8m
step 01371/02520 (54.40%) | loss: 2.978217 | lrm: 0.72 | dt: 18682.40ms | tok/sec: 28,063 | bf16_mfu: 0.00 | epoch: 1 pq: 16 rg: 14 | total time: 445.87m | eta: 376.4m
step 01372/02520 (54.44%) | loss: 2.984560 | lrm: 0.72 | dt: 18538.38ms | tok/sec: 28,281 | bf16_mfu: 0.00 | epoch: 1 pq: 16 rg: 15 | total time: 446.17m | eta: 376.1m
step 01373/02520 (54.48%) | loss: 3.007361 | lrm: 0.72 | dt: 20774.34ms | tok/sec: 25,237 | bf16_mfu: 0.00 | epoch: 1 pq: 16 rg: 16 | total time: 446.52m | eta: 375.8m
step 01374/02520 (54.52%) | loss: 3.005740 | lrm: 0.71 | dt: 18612.24ms | tok/sec: 28,168 | bf16_mfu: 0.00 | epoch: 1 pq: 16 rg: 17 | total time: 446.83m | eta: 375.4m
step 01375/02520 (54.56%) | loss: 2.995812 | lrm: 0.71 | dt: 18642.06ms | tok/sec: 28,123 | bf16_mfu: 0.00 | epoch: 1 pq: 16 rg: 18 | total time: 447.14m | eta: 375.1m
step 01376/02520 (54.60%) | loss: 2.986959 | lrm: 0.71 | dt: 20832.11ms | tok/sec: 25,167 | bf16_mfu: 0.00 | epoch: 1 pq: 16 rg: 19 | total time: 447.49m | eta: 374.8m
step 01377/02520 (54.64%) | loss: 2.997111 | lrm: 0.71 | dt: 18517.05ms | tok/sec: 28,313 | bf16_mfu: 0.00 | epoch: 1 pq: 16 rg: 20 | total time: 447.80m | eta: 374.4m
step 01378/02520 (54.68%) | loss: 2.987870 | lrm: 0.71 | dt: 18657.82ms | tok/sec: 28,100 | bf16_mfu: 0.00 | epoch: 1 pq: 16 rg: 20 | total time: 448.11m | eta: 374.1m
step 01379/02520 (54.72%) | loss: 3.009314 | lrm: 0.71 | dt: 20839.67ms | tok/sec: 25,158 | bf16_mfu: 0.00 | epoch: 1 pq: 16 rg: 21 | total time: 448.46m | eta: 373.8m
step 01380/02520 (54.76%) | loss: 3.012195 | lrm: 0.71 | dt: 18499.33ms | tok/sec: 28,340 | bf16_mfu: 0.00 | epoch: 1 pq: 16 rg: 22 | total time: 448.76m | eta: 373.4m
step 01381/02520 (54.80%) | loss: 3.007197 | lrm: 0.71 | dt: 18659.47ms | tok/sec: 28,097 | bf16_mfu: 0.00 | epoch: 1 pq: 16 rg: 23 | total time: 449.08m | eta: 373.1m
step 01382/02520 (54.84%) | loss: 2.999327 | lrm: 0.71 | dt: 20848.34ms | tok/sec: 25,147 | bf16_mfu: 0.00 | epoch: 1 pq: 16 rg: 24 | total time: 449.42m | eta: 372.8m
step 01383/02520 (54.88%) | loss: 3.025758 | lrm: 0.71 | dt: 18527.52ms | tok/sec: 28,297 | bf16_mfu: 0.00 | epoch: 1 pq: 16 rg: 25 | total time: 449.73m | eta: 372.4m
step 01384/02520 (54.92%) | loss: 3.016807 | lrm: 0.71 | dt: 20805.41ms | tok/sec: 25,199 | bf16_mfu: 0.00 | epoch: 1 pq: 16 rg: 26 | total time: 450.08m | eta: 372.1m
step 01385/02520 (54.96%) | loss: 3.019455 | lrm: 0.71 | dt: 18608.76ms | tok/sec: 28,174 | bf16_mfu: 0.00 | epoch: 1 pq: 16 rg: 27 | total time: 450.39m | eta: 371.8m
step 01386/02520 (55.00%) | loss: 3.025792 | lrm: 0.71 | dt: 18588.26ms | tok/sec: 28,205 | bf16_mfu: 0.00 | epoch: 1 pq: 16 rg: 28 | total time: 450.70m | eta: 371.4m
step 01387/02520 (55.04%) | loss: 3.015294 | lrm: 0.71 | dt: 20846.98ms | tok/sec: 25,149 | bf16_mfu: 0.00 | epoch: 1 pq: 16 rg: 29 | total time: 451.05m | eta: 371.1m
step 01388/02520 (55.08%) | loss: 3.022819 | lrm: 0.71 | dt: 18563.51ms | tok/sec: 28,242 | bf16_mfu: 0.00 | epoch: 1 pq: 16 rg: 30 | total time: 451.36m | eta: 370.8m
step 01389/02520 (55.12%) | loss: 3.016630 | lrm: 0.71 | dt: 18614.47ms | tok/sec: 28,165 | bf16_mfu: 0.00 | epoch: 1 pq: 16 rg: 31 | total time: 451.67m | eta: 370.4m
step 01390/02520 (55.16%) | loss: 3.000614 | lrm: 0.71 | dt: 20895.31ms | tok/sec: 25,091 | bf16_mfu: 0.00 | epoch: 1 pq: 16 rg: 32 | total time: 452.01m | eta: 370.1m
step 01391/02520 (55.20%) | loss: 3.020109 | lrm: 0.70 | dt: 18528.40ms | tok/sec: 28,296 | bf16_mfu: 0.00 | epoch: 1 pq: 16 rg: 33 | total time: 452.32m | eta: 369.8m
step 01392/02520 (55.24%) | loss: 3.047658 | lrm: 0.70 | dt: 18617.67ms | tok/sec: 28,160 | bf16_mfu: 0.00 | epoch: 1 pq: 16 rg: 34 | total time: 452.63m | eta: 369.4m
step 01393/02520 (55.28%) | loss: 3.010836 | lrm: 0.70 | dt: 20792.11ms | tok/sec: 25,215 | bf16_mfu: 0.00 | epoch: 1 pq: 16 rg: 35 | total time: 452.98m | eta: 369.1m
step 01394/02520 (55.32%) | loss: 3.021295 | lrm: 0.70 | dt: 18575.92ms | tok/sec: 28,224 | bf16_mfu: 0.00 | epoch: 1 pq: 16 rg: 36 | total time: 453.29m | eta: 368.8m
step 01395/02520 (55.36%) | loss: 3.006310 | lrm: 0.70 | dt: 18645.90ms | tok/sec: 28,118 | bf16_mfu: 0.00 | epoch: 1 pq: 16 rg: 37 | total time: 453.60m | eta: 368.4m
step 01396/02520 (55.40%) | loss: 2.990619 | lrm: 0.70 | dt: 20810.38ms | tok/sec: 25,193 | bf16_mfu: 0.00 | epoch: 1 pq: 16 rg: 38 | total time: 453.95m | eta: 368.1m
step 01397/02520 (55.44%) | loss: 2.992229 | lrm: 0.70 | dt: 18536.54ms | tok/sec: 28,284 | bf16_mfu: 0.00 | epoch: 1 pq: 16 rg: 39 | total time: 454.26m | eta: 367.8m
step 01398/02520 (55.48%) | loss: 2.996599 | lrm: 0.70 | dt: 20864.03ms | tok/sec: 25,128 | bf16_mfu: 0.00 | epoch: 1 pq: 16 rg: 40 | total time: 454.60m | eta: 367.5m
step 01399/02520 (55.52%) | loss: 2.997735 | lrm: 0.70 | dt: 18622.59ms | tok/sec: 28,153 | bf16_mfu: 0.00 | epoch: 1 pq: 16 rg: 41 | total time: 454.91m | eta: 367.1m
step 01400/02520 (55.56%) | loss: 3.030342 | lrm: 0.70 | dt: 18541.51ms | tok/sec: 28,276 | bf16_mfu: 0.00 | epoch: 1 pq: 16 rg: 42 | total time: 455.22m | eta: 366.8m
step 01401/02520 (55.60%) | loss: 3.012267 | lrm: 0.70 | dt: 20894.09ms | tok/sec: 25,092 | bf16_mfu: 0.00 | epoch: 1 pq: 16 rg: 43 | total time: 455.57m | eta: 366.5m
step 01402/02520 (55.63%) | loss: 2.986879 | lrm: 0.70 | dt: 18535.74ms | tok/sec: 28,285 | bf16_mfu: 0.00 | epoch: 1 pq: 16 rg: 44 | total time: 455.88m | eta: 366.1m
step 01403/02520 (55.67%) | loss: 2.999963 | lrm: 0.70 | dt: 18606.54ms | tok/sec: 28,177 | bf16_mfu: 0.00 | epoch: 1 pq: 16 rg: 45 | total time: 456.19m | eta: 365.8m
step 01404/02520 (55.71%) | loss: 2.987327 | lrm: 0.70 | dt: 20811.34ms | tok/sec: 25,192 | bf16_mfu: 0.00 | epoch: 1 pq: 16 rg: 46 | total time: 456.54m | eta: 365.5m
step 01405/02520 (55.75%) | loss: 2.975168 | lrm: 0.70 | dt: 18592.12ms | tok/sec: 28,199 | bf16_mfu: 0.00 | epoch: 1 pq: 16 rg: 46 | total time: 456.85m | eta: 365.1m
step 01406/02520 (55.79%) | loss: 2.976328 | lrm: 0.70 | dt: 18593.63ms | tok/sec: 28,197 | bf16_mfu: 0.00 | epoch: 1 pq: 16 rg: 47 | total time: 457.16m | eta: 364.8m
step 01407/02520 (55.83%) | loss: 2.987737 | lrm: 0.70 | dt: 20847.12ms | tok/sec: 25,149 | bf16_mfu: 0.00 | epoch: 1 pq: 16 rg: 48 | total time: 457.50m | eta: 364.5m
step 01408/02520 (55.87%) | loss: 2.997496 | lrm: 0.69 | dt: 18587.55ms | tok/sec: 28,206 | bf16_mfu: 0.00 | epoch: 1 pq: 16 rg: 49 | total time: 457.81m | eta: 364.2m
step 01409/02520 (55.91%) | loss: 2.985572 | lrm: 0.69 | dt: 18596.24ms | tok/sec: 28,193 | bf16_mfu: 0.00 | epoch: 1 pq: 16 rg: 50 | total time: 458.12m | eta: 363.8m
step 01410/02520 (55.95%) | loss: 2.981811 | lrm: 0.69 | dt: 20855.05ms | tok/sec: 25,139 | bf16_mfu: 0.00 | epoch: 1 pq: 16 rg: 51 | total time: 458.47m | eta: 363.5m
step 01411/02520 (55.99%) | loss: 2.978853 | lrm: 0.69 | dt: 18465.18ms | tok/sec: 28,393 | bf16_mfu: 0.00 | epoch: 1 pq: 16 rg: 52 | total time: 458.78m | eta: 363.2m
step 01412/02520 (56.03%) | loss: 2.982958 | lrm: 0.69 | dt: 20757.85ms | tok/sec: 25,257 | bf16_mfu: 0.00 | epoch: 1 pq: 16 rg: 53 | total time: 459.12m | eta: 362.8m
step 01413/02520 (56.07%) | loss: 2.972925 | lrm: 0.69 | dt: 18744.65ms | tok/sec: 27,970 | bf16_mfu: 0.00 | epoch: 1 pq: 16 rg: 54 | total time: 459.44m | eta: 362.5m
step 01414/02520 (56.11%) | loss: 2.944284 | lrm: 0.69 | dt: 18536.84ms | tok/sec: 28,283 | bf16_mfu: 0.00 | epoch: 1 pq: 16 rg: 55 | total time: 459.75m | eta: 362.2m
step 01415/02520 (56.15%) | loss: 2.942819 | lrm: 0.69 | dt: 20807.74ms | tok/sec: 25,196 | bf16_mfu: 0.00 | epoch: 1 pq: 16 rg: 56 | total time: 460.09m | eta: 361.9m
step 01416/02520 (56.19%) | loss: 2.961643 | lrm: 0.69 | dt: 18643.80ms | tok/sec: 28,121 | bf16_mfu: 0.00 | epoch: 1 pq: 16 rg: 57 | total time: 460.40m | eta: 361.5m
step 01417/02520 (56.23%) | loss: 2.983340 | lrm: 0.69 | dt: 18553.64ms | tok/sec: 28,257 | bf16_mfu: 0.00 | epoch: 1 pq: 16 rg: 58 | total time: 460.71m | eta: 361.2m
step 01418/02520 (56.27%) | loss: 2.985025 | lrm: 0.69 | dt: 20822.32ms | tok/sec: 25,179 | bf16_mfu: 0.00 | epoch: 1 pq: 16 rg: 59 | total time: 461.06m | eta: 360.9m
step 01419/02520 (56.31%) | loss: 2.980456 | lrm: 0.69 | dt: 18576.19ms | tok/sec: 28,223 | bf16_mfu: 0.00 | epoch: 1 pq: 16 rg: 60 | total time: 461.37m | eta: 360.5m
step 01420/02520 (56.35%) | loss: 2.988251 | lrm: 0.69 | dt: 18618.52ms | tok/sec: 28,159 | bf16_mfu: 0.00 | epoch: 1 pq: 16 rg: 61 | total time: 461.68m | eta: 360.2m
step 01421/02520 (56.39%) | loss: 2.999654 | lrm: 0.69 | dt: 20836.15ms | tok/sec: 25,162 | bf16_mfu: 0.00 | epoch: 1 pq: 16 rg: 62 | total time: 462.03m | eta: 359.9m
step 01422/02520 (56.43%) | loss: 2.971937 | lrm: 0.69 | dt: 18548.35ms | tok/sec: 28,266 | bf16_mfu: 0.00 | epoch: 1 pq: 16 rg: 63 | total time: 462.34m | eta: 359.5m
step 01423/02520 (56.47%) | loss: 2.945537 | lrm: 0.69 | dt: 18644.82ms | tok/sec: 28,119 | bf16_mfu: 0.00 | epoch: 1 pq: 16 rg: 64 | total time: 462.65m | eta: 359.2m
step 01424/02520 (56.51%) | loss: 2.947231 | lrm: 0.69 | dt: 20783.95ms | tok/sec: 25,225 | bf16_mfu: 0.00 | epoch: 1 pq: 16 rg: 65 | total time: 462.99m | eta: 358.9m
step 01425/02520 (56.55%) | loss: 2.933800 | lrm: 0.69 | dt: 18559.07ms | tok/sec: 28,249 | bf16_mfu: 0.00 | epoch: 1 pq: 16 rg: 66 | total time: 463.30m | eta: 358.5m
step 01426/02520 (56.59%) | loss: 2.907426 | lrm: 0.68 | dt: 20817.19ms | tok/sec: 25,185 | bf16_mfu: 0.00 | epoch: 1 pq: 16 rg: 67 | total time: 463.65m | eta: 358.2m
step 01427/02520 (56.63%) | loss: 2.919971 | lrm: 0.68 | dt: 18537.60ms | tok/sec: 28,282 | bf16_mfu: 0.00 | epoch: 1 pq: 16 rg: 68 | total time: 463.96m | eta: 357.9m
step 01428/02520 (56.67%) | loss: 2.930938 | lrm: 0.68 | dt: 18465.88ms | tok/sec: 28,392 | bf16_mfu: 0.00 | epoch: 1 pq: 16 rg: 69 | total time: 464.27m | eta: 357.5m
step 01429/02520 (56.71%) | loss: 2.913347 | lrm: 0.68 | dt: 20773.50ms | tok/sec: 25,238 | bf16_mfu: 0.00 | epoch: 1 pq: 16 rg: 70 | total time: 464.61m | eta: 357.2m
step 01430/02520 (56.75%) | loss: 2.906959 | lrm: 0.68 | dt: 18659.90ms | tok/sec: 28,097 | bf16_mfu: 0.00 | epoch: 1 pq: 16 rg: 71 | total time: 464.92m | eta: 356.9m
step 01431/02520 (56.79%) | loss: 2.914101 | lrm: 0.68 | dt: 18591.94ms | tok/sec: 28,199 | bf16_mfu: 0.00 | epoch: 1 pq: 16 rg: 72 | total time: 465.23m | eta: 356.5m
step 01432/02520 (56.83%) | loss: 2.912830 | lrm: 0.68 | dt: 20783.61ms | tok/sec: 25,226 | bf16_mfu: 0.00 | epoch: 1 pq: 16 rg: 73 | total time: 465.58m | eta: 356.2m
step 01433/02520 (56.87%) | loss: 2.942837 | lrm: 0.68 | dt: 18630.77ms | tok/sec: 28,140 | bf16_mfu: 0.00 | epoch: 1 pq: 16 rg: 74 | total time: 465.89m | eta: 355.9m
step 01434/02520 (56.90%) | loss: 2.940756 | lrm: 0.68 | dt: 18625.91ms | tok/sec: 28,148 | bf16_mfu: 0.00 | epoch: 1 pq: 16 rg: 74 | total time: 466.20m | eta: 355.5m
step 01435/02520 (56.94%) | loss: 2.969415 | lrm: 0.68 | dt: 20809.53ms | tok/sec: 25,194 | bf16_mfu: 0.00 | epoch: 1 pq: 16 rg: 75 | total time: 466.55m | eta: 355.2m
step 01436/02520 (56.98%) | loss: 2.944874 | lrm: 0.68 | dt: 18573.34ms | tok/sec: 28,227 | bf16_mfu: 0.00 | epoch: 1 pq: 16 rg: 76 | total time: 466.86m | eta: 354.9m
step 01437/02520 (57.02%) | loss: 2.937758 | lrm: 0.68 | dt: 20750.33ms | tok/sec: 25,266 | bf16_mfu: 0.00 | epoch: 1 pq: 16 rg: 77 | total time: 467.20m | eta: 354.6m
step 01438/02520 (57.06%) | loss: 2.913479 | lrm: 0.68 | dt: 18745.03ms | tok/sec: 27,969 | bf16_mfu: 0.00 | epoch: 1 pq: 16 rg: 78 | total time: 467.52m | eta: 354.2m
step 01439/02520 (57.10%) | loss: 2.925578 | lrm: 0.68 | dt: 18492.76ms | tok/sec: 28,350 | bf16_mfu: 0.00 | epoch: 1 pq: 16 rg: 79 | total time: 467.82m | eta: 353.9m
step 01440/02520 (57.14%) | loss: 2.945114 | lrm: 0.68 | dt: 20784.98ms | tok/sec: 25,224 | bf16_mfu: 0.00 | epoch: 1 pq: 16 rg: 80 | total time: 468.17m | eta: 353.6m
step 01441/02520 (57.18%) | loss: 2.972559 | lrm: 0.68 | dt: 18704.22ms | tok/sec: 28,030 | bf16_mfu: 0.00 | epoch: 1 pq: 16 rg: 81 | total time: 468.48m | eta: 353.2m
step 01442/02520 (57.22%) | loss: 2.992761 | lrm: 0.68 | dt: 18536.22ms | tok/sec: 28,284 | bf16_mfu: 0.00 | epoch: 1 pq: 16 rg: 82 | total time: 468.79m | eta: 352.9m
step 01443/02520 (57.26%) | loss: 3.001071 | lrm: 0.67 | dt: 20764.62ms | tok/sec: 25,249 | bf16_mfu: 0.00 | epoch: 1 pq: 17 rg: 0 | total time: 469.14m | eta: 352.6m
step 01444/02520 (57.30%) | loss: 3.020153 | lrm: 0.67 | dt: 18654.22ms | tok/sec: 28,105 | bf16_mfu: 0.00 | epoch: 1 pq: 17 rg: 1 | total time: 469.45m | eta: 352.2m
step 01445/02520 (57.34%) | loss: 2.982238 | lrm: 0.67 | dt: 18597.49ms | tok/sec: 28,191 | bf16_mfu: 0.00 | epoch: 1 pq: 17 rg: 2 | total time: 469.76m | eta: 351.9m
step 01446/02520 (57.38%) | loss: 2.979516 | lrm: 0.67 | dt: 20828.92ms | tok/sec: 25,171 | bf16_mfu: 0.00 | epoch: 1 pq: 17 rg: 3 | total time: 470.10m | eta: 351.6m
step 01447/02520 (57.42%) | loss: 2.973348 | lrm: 0.67 | dt: 18513.75ms | tok/sec: 28,318 | bf16_mfu: 0.00 | epoch: 1 pq: 17 rg: 4 | total time: 470.41m | eta: 351.3m
step 01448/02520 (57.46%) | loss: 2.958794 | lrm: 0.67 | dt: 18662.23ms | tok/sec: 28,093 | bf16_mfu: 0.00 | epoch: 1 pq: 17 rg: 5 | total time: 470.72m | eta: 350.9m
step 01449/02520 (57.50%) | loss: 2.937028 | lrm: 0.67 | dt: 20867.55ms | tok/sec: 25,124 | bf16_mfu: 0.00 | epoch: 1 pq: 17 rg: 6 | total time: 471.07m | eta: 350.6m
step 01450/02520 (57.54%) | loss: 2.903641 | lrm: 0.67 | dt: 18486.55ms | tok/sec: 28,360 | bf16_mfu: 0.00 | epoch: 1 pq: 17 rg: 7 | total time: 471.38m | eta: 350.3m
step 01451/02520 (57.58%) | loss: 2.890004 | lrm: 0.67 | dt: 18664.99ms | tok/sec: 28,089 | bf16_mfu: 0.00 | epoch: 1 pq: 17 rg: 8 | total time: 471.69m | eta: 349.9m
step 01452/02520 (57.62%) | loss: 2.907956 | lrm: 0.67 | dt: 20763.94ms | tok/sec: 25,249 | bf16_mfu: 0.00 | epoch: 1 pq: 17 rg: 9 | total time: 472.04m | eta: 349.6m
step 01453/02520 (57.66%) | loss: 2.933329 | lrm: 0.67 | dt: 18605.10ms | tok/sec: 28,179 | bf16_mfu: 0.00 | epoch: 1 pq: 17 rg: 10 | total time: 472.35m | eta: 349.3m
step 01454/02520 (57.70%) | loss: 2.952386 | lrm: 0.67 | dt: 20825.33ms | tok/sec: 25,175 | bf16_mfu: 0.00 | epoch: 1 pq: 17 rg: 11 | total time: 472.69m | eta: 349.0m
step 01455/02520 (57.74%) | loss: 2.959095 | lrm: 0.67 | dt: 18598.37ms | tok/sec: 28,189 | bf16_mfu: 0.00 | epoch: 1 pq: 17 rg: 12 | total time: 473.00m | eta: 348.6m
step 01456/02520 (57.78%) | loss: 2.963430 | lrm: 0.67 | dt: 18569.23ms | tok/sec: 28,234 | bf16_mfu: 0.00 | epoch: 1 pq: 17 rg: 13 | total time: 473.31m | eta: 348.3m
step 01457/02520 (57.82%) | loss: 2.966900 | lrm: 0.67 | dt: 20883.83ms | tok/sec: 25,104 | bf16_mfu: 0.00 | epoch: 1 pq: 17 rg: 14 | total time: 473.66m | eta: 348.0m
step 01458/02520 (57.86%) | loss: 2.961458 | lrm: 0.67 | dt: 18560.37ms | tok/sec: 28,247 | bf16_mfu: 0.00 | epoch: 1 pq: 17 rg: 15 | total time: 473.97m | eta: 347.6m
step 01459/02520 (57.90%) | loss: 2.978036 | lrm: 0.67 | dt: 18598.85ms | tok/sec: 28,189 | bf16_mfu: 0.00 | epoch: 1 pq: 17 rg: 16 | total time: 474.28m | eta: 347.3m
step 01460/02520 (57.94%) | loss: 2.966203 | lrm: 0.66 | dt: 20805.87ms | tok/sec: 25,199 | bf16_mfu: 0.00 | epoch: 1 pq: 17 rg: 17 | total time: 474.63m | eta: 347.0m
step 01461/02520 (57.98%) | loss: 2.965223 | lrm: 0.66 | dt: 18595.11ms | tok/sec: 28,194 | bf16_mfu: 0.00 | epoch: 1 pq: 17 rg: 18 | total time: 474.94m | eta: 346.6m
step 01462/02520 (58.02%) | loss: 2.961921 | lrm: 0.66 | dt: 18621.51ms | tok/sec: 28,154 | bf16_mfu: 0.00 | epoch: 1 pq: 17 rg: 19 | total time: 475.25m | eta: 346.3m
step 01463/02520 (58.06%) | loss: 2.979207 | lrm: 0.66 | dt: 20835.15ms | tok/sec: 25,163 | bf16_mfu: 0.00 | epoch: 1 pq: 17 rg: 20 | total time: 475.60m | eta: 346.0m
step 01464/02520 (58.10%) | loss: 2.978139 | lrm: 0.66 | dt: 18541.07ms | tok/sec: 28,277 | bf16_mfu: 0.00 | epoch: 1 pq: 17 rg: 20 | total time: 475.90m | eta: 345.6m
step 01465/02520 (58.13%) | loss: 2.970300 | lrm: 0.66 | dt: 18653.46ms | tok/sec: 28,106 | bf16_mfu: 0.00 | epoch: 1 pq: 17 rg: 21 | total time: 476.22m | eta: 345.3m
step 01466/02520 (58.17%) | loss: 2.959487 | lrm: 0.66 | dt: 20810.42ms | tok/sec: 25,193 | bf16_mfu: 0.00 | epoch: 1 pq: 17 rg: 22 | total time: 476.56m | eta: 345.0m
step 01467/02520 (58.21%) | loss: 2.975633 | lrm: 0.66 | dt: 18553.55ms | tok/sec: 28,258 | bf16_mfu: 0.00 | epoch: 1 pq: 17 rg: 23 | total time: 476.87m | eta: 344.6m
step 01468/02520 (58.25%) | loss: 2.985001 | lrm: 0.66 | dt: 20792.43ms | tok/sec: 25,215 | bf16_mfu: 0.00 | epoch: 1 pq: 17 rg: 24 | total time: 477.22m | eta: 344.3m
step 01469/02520 (58.29%) | loss: 2.970625 | lrm: 0.66 | dt: 18749.24ms | tok/sec: 27,963 | bf16_mfu: 0.00 | epoch: 1 pq: 17 rg: 25 | total time: 477.53m | eta: 344.0m
step 01470/02520 (58.33%) | loss: 2.963686 | lrm: 0.66 | dt: 18465.99ms | tok/sec: 28,392 | bf16_mfu: 0.00 | epoch: 1 pq: 17 rg: 26 | total time: 477.84m | eta: 343.7m
step 01471/02520 (58.37%) | loss: 2.960671 | lrm: 0.66 | dt: 20818.29ms | tok/sec: 25,184 | bf16_mfu: 0.00 | epoch: 1 pq: 17 rg: 27 | total time: 478.19m | eta: 343.3m
step 01472/02520 (58.41%) | loss: 2.965976 | lrm: 0.66 | dt: 18676.30ms | tok/sec: 28,072 | bf16_mfu: 0.00 | epoch: 1 pq: 17 rg: 28 | total time: 478.50m | eta: 343.0m
step 01473/02520 (58.45%) | loss: 2.973123 | lrm: 0.66 | dt: 18516.48ms | tok/sec: 28,314 | bf16_mfu: 0.00 | epoch: 1 pq: 17 rg: 29 | total time: 478.81m | eta: 342.7m
step 01474/02520 (58.49%) | loss: 2.978513 | lrm: 0.66 | dt: 20828.87ms | tok/sec: 25,171 | bf16_mfu: 0.00 | epoch: 1 pq: 17 rg: 30 | total time: 479.15m | eta: 342.3m
step 01475/02520 (58.53%) | loss: 2.988877 | lrm: 0.66 | dt: 18617.77ms | tok/sec: 28,160 | bf16_mfu: 0.00 | epoch: 1 pq: 17 rg: 31 | total time: 479.46m | eta: 342.0m
step 01476/02520 (58.57%) | loss: 3.003174 | lrm: 0.66 | dt: 18557.58ms | tok/sec: 28,251 | bf16_mfu: 0.00 | epoch: 1 pq: 17 rg: 32 | total time: 479.77m | eta: 341.7m
step 01477/02520 (58.61%) | loss: 2.992075 | lrm: 0.65 | dt: 20866.33ms | tok/sec: 25,126 | bf16_mfu: 0.00 | epoch: 1 pq: 17 rg: 33 | total time: 480.12m | eta: 341.4m
step 01478/02520 (58.65%) | loss: 2.998541 | lrm: 0.65 | dt: 18519.21ms | tok/sec: 28,310 | bf16_mfu: 0.00 | epoch: 1 pq: 17 rg: 34 | total time: 480.43m | eta: 341.0m
step 01479/02520 (58.69%) | loss: 2.993292 | lrm: 0.65 | dt: 18648.38ms | tok/sec: 28,114 | bf16_mfu: 0.00 | epoch: 1 pq: 17 rg: 35 | total time: 480.74m | eta: 340.7m
step 01480/02520 (58.73%) | loss: 3.009326 | lrm: 0.65 | dt: 20790.40ms | tok/sec: 25,217 | bf16_mfu: 0.00 | epoch: 1 pq: 17 rg: 36 | total time: 481.09m | eta: 340.4m
step 01481/02520 (58.77%) | loss: 3.006536 | lrm: 0.65 | dt: 18538.51ms | tok/sec: 28,281 | bf16_mfu: 0.00 | epoch: 1 pq: 17 rg: 37 | total time: 481.39m | eta: 340.0m
step 01482/02520 (58.81%) | loss: 2.997742 | lrm: 0.65 | dt: 20889.24ms | tok/sec: 25,098 | bf16_mfu: 0.00 | epoch: 1 pq: 17 rg: 38 | total time: 481.74m | eta: 339.7m
step 01483/02520 (58.85%) | loss: 3.014571 | lrm: 0.65 | dt: 18540.58ms | tok/sec: 28,277 | bf16_mfu: 0.00 | epoch: 1 pq: 17 rg: 39 | total time: 482.05m | eta: 339.4m
step 01484/02520 (58.89%) | loss: 3.035519 | lrm: 0.65 | dt: 18593.19ms | tok/sec: 28,197 | bf16_mfu: 0.00 | epoch: 1 pq: 17 rg: 40 | total time: 482.36m | eta: 339.0m
step 01485/02520 (58.93%) | loss: 3.043239 | lrm: 0.65 | dt: 20911.87ms | tok/sec: 25,071 | bf16_mfu: 0.00 | epoch: 1 pq: 17 rg: 41 | total time: 482.71m | eta: 338.7m
step 01486/02520 (58.97%) | loss: 3.054791 | lrm: 0.65 | dt: 18491.76ms | tok/sec: 28,352 | bf16_mfu: 0.00 | epoch: 1 pq: 17 rg: 42 | total time: 483.02m | eta: 338.4m
step 01487/02520 (59.01%) | loss: 3.061970 | lrm: 0.65 | dt: 18622.48ms | tok/sec: 28,153 | bf16_mfu: 0.00 | epoch: 1 pq: 17 rg: 43 | total time: 483.33m | eta: 338.0m
step 01488/02520 (59.05%) | loss: 3.045689 | lrm: 0.65 | dt: 20897.64ms | tok/sec: 25,088 | bf16_mfu: 0.00 | epoch: 1 pq: 17 rg: 44 | total time: 483.68m | eta: 337.7m
step 01489/02520 (59.09%) | loss: 3.033476 | lrm: 0.65 | dt: 18506.08ms | tok/sec: 28,330 | bf16_mfu: 0.00 | epoch: 1 pq: 17 rg: 45 | total time: 483.99m | eta: 337.4m
step 01490/02520 (59.13%) | loss: 3.008800 | lrm: 0.65 | dt: 18638.90ms | tok/sec: 28,128 | bf16_mfu: 0.00 | epoch: 1 pq: 17 rg: 46 | total time: 484.30m | eta: 337.0m
step 01491/02520 (59.17%) | loss: 2.996781 | lrm: 0.65 | dt: 20822.61ms | tok/sec: 25,178 | bf16_mfu: 0.00 | epoch: 1 pq: 17 rg: 47 | total time: 484.64m | eta: 336.7m
step 01492/02520 (59.21%) | loss: 2.988508 | lrm: 0.65 | dt: 18573.38ms | tok/sec: 28,227 | bf16_mfu: 0.00 | epoch: 1 pq: 17 rg: 48 | total time: 484.95m | eta: 336.4m
step 01493/02520 (59.25%) | loss: 3.004619 | lrm: 0.65 | dt: 18620.25ms | tok/sec: 28,156 | bf16_mfu: 0.00 | epoch: 1 pq: 17 rg: 49 | total time: 485.26m | eta: 336.1m
step 01494/02520 (59.29%) | loss: 2.989947 | lrm: 0.65 | dt: 20843.14ms | tok/sec: 25,153 | bf16_mfu: 0.00 | epoch: 1 pq: 17 rg: 49 | total time: 485.61m | eta: 335.7m
step 01495/02520 (59.33%) | loss: 2.941512 | lrm: 0.64 | dt: 18518.93ms | tok/sec: 28,310 | bf16_mfu: 0.00 | epoch: 1 pq: 17 rg: 50 | total time: 485.92m | eta: 335.4m
step 01496/02520 (59.37%) | loss: 2.938944 | lrm: 0.64 | dt: 20892.24ms | tok/sec: 25,094 | bf16_mfu: 0.00 | epoch: 1 pq: 17 rg: 51 | total time: 486.27m | eta: 335.1m
step 01497/02520 (59.40%) | loss: 2.925940 | lrm: 0.64 | dt: 18572.25ms | tok/sec: 28,229 | bf16_mfu: 0.00 | epoch: 1 pq: 17 rg: 52 | total time: 486.58m | eta: 334.7m
step 01498/02520 (59.44%) | loss: 2.921768 | lrm: 0.64 | dt: 18563.29ms | tok/sec: 28,243 | bf16_mfu: 0.00 | epoch: 1 pq: 17 rg: 53 | total time: 486.89m | eta: 334.4m
step 01499/02520 (59.48%) | loss: 2.897302 | lrm: 0.64 | dt: 20831.05ms | tok/sec: 25,168 | bf16_mfu: 0.00 | epoch: 1 pq: 17 rg: 54 | total time: 487.23m | eta: 334.1m
Step 01500 | Validation bpb: 0.900511
<|bos|>The capital of France is the capital of the French Republic. The capital of the French Republic is the capital
<|bos|>The chemical symbol of gold is 18. It is a soft, silvery-white metal that is found in the
<|bos|>If yesterday was Friday, then tomorrow will be Friday. I'm not sure if I'm going to be able to get a
<|bos|>The opposite of hot is cold. The opposite of cold is hot. The opposite of cold is hot.
<|bos|>The planets of the solar system are: the sun, the moon, the stars, the planets, the stars, the
<|bos|>My favorite color is red. I like it because it's the most common color in the world.
<|bos|>If 5*x + 3 = 13, then x is 5*x + 3 = 13. If 5*x
2026-09-25 03:16:15,280 - nanochat.checkpoint_manager - [32m[1mINFO[0m - Saved model parameters to: /home/wesley/.cache/nanochat/base_checkpoints/d12/model_001500.pt
2026-09-25 03:16:15,280 - nanochat.checkpoint_manager - [32m[1mINFO[0m - Saved metadata to: /home/wesley/.cache/nanochat/base_checkpoints/d12/meta_001500.json
2026-09-25 03:16:17,061 - nanochat.checkpoint_manager - [32m[1mINFO[0m - Saved optimizer state to: /home/wesley/.cache/nanochat/base_checkpoints/d12/optim_001500_rank0.pt
step 01500/02520 (59.52%) | loss: 2.906610 | lrm: 0.64 | dt: 21025.76ms | tok/sec: 24,935 | bf16_mfu: 0.00 | epoch: 1 pq: 17 rg: 55 | total time: 487.58m | eta: 333.8m
step 01501/02520 (59.56%) | loss: 2.899888 | lrm: 0.64 | dt: 18462.26ms | tok/sec: 28,397 | bf16_mfu: 0.00 | epoch: 1 pq: 17 rg: 56 | total time: 487.89m | eta: 333.4m
step 01502/02520 (59.60%) | loss: 2.888904 | lrm: 0.64 | dt: 18653.81ms | tok/sec: 28,106 | bf16_mfu: 0.00 | epoch: 1 pq: 17 rg: 57 | total time: 488.20m | eta: 333.1m
step 01503/02520 (59.64%) | loss: 2.894852 | lrm: 0.64 | dt: 20825.92ms | tok/sec: 25,174 | bf16_mfu: 0.00 | epoch: 1 pq: 17 rg: 58 | total time: 488.55m | eta: 332.8m
step 01504/02520 (59.68%) | loss: 2.917447 | lrm: 0.64 | dt: 18534.49ms | tok/sec: 28,287 | bf16_mfu: 0.00 | epoch: 1 pq: 17 rg: 59 | total time: 488.86m | eta: 332.5m
step 01505/02520 (59.72%) | loss: 2.875939 | lrm: 0.64 | dt: 18669.66ms | tok/sec: 28,082 | bf16_mfu: 0.00 | epoch: 1 pq: 17 rg: 60 | total time: 489.17m | eta: 332.1m
step 01506/02520 (59.76%) | loss: 2.878072 | lrm: 0.64 | dt: 20859.44ms | tok/sec: 25,134 | bf16_mfu: 0.00 | epoch: 1 pq: 17 rg: 61 | total time: 489.52m | eta: 331.8m
step 01507/02520 (59.80%) | loss: 2.871198 | lrm: 0.64 | dt: 18488.19ms | tok/sec: 28,357 | bf16_mfu: 0.00 | epoch: 1 pq: 17 rg: 62 | total time: 489.83m | eta: 331.5m
step 01508/02520 (59.84%) | loss: 2.871054 | lrm: 0.64 | dt: 20805.35ms | tok/sec: 25,199 | bf16_mfu: 0.00 | epoch: 1 pq: 17 rg: 63 | total time: 490.17m | eta: 331.1m
step 01509/02520 (59.88%) | loss: 2.874854 | lrm: 0.64 | dt: 18762.03ms | tok/sec: 27,944 | bf16_mfu: 0.00 | epoch: 1 pq: 17 rg: 64 | total time: 490.49m | eta: 330.8m
step 01510/02520 (59.92%) | loss: 2.870825 | lrm: 0.64 | dt: 18445.44ms | tok/sec: 28,423 | bf16_mfu: 0.00 | epoch: 1 pq: 17 rg: 65 | total time: 490.79m | eta: 330.5m
step 01511/02520 (59.96%) | loss: 2.894531 | lrm: 0.64 | dt: 20827.57ms | tok/sec: 25,172 | bf16_mfu: 0.00 | epoch: 1 pq: 17 rg: 66 | total time: 491.14m | eta: 330.2m
step 01512/02520 (60.00%) | loss: 2.887822 | lrm: 0.63 | dt: 18743.11ms | tok/sec: 27,972 | bf16_mfu: 0.00 | epoch: 1 pq: 17 rg: 67 | total time: 491.45m | eta: 329.8m
step 01513/02520 (60.04%) | loss: 2.895577 | lrm: 0.63 | dt: 18465.13ms | tok/sec: 28,393 | bf16_mfu: 0.00 | epoch: 1 pq: 17 rg: 68 | total time: 491.76m | eta: 329.5m
step 01514/02520 (60.08%) | loss: 2.904068 | lrm: 0.63 | dt: 20829.69ms | tok/sec: 25,170 | bf16_mfu: 0.00 | epoch: 1 pq: 17 rg: 69 | total time: 492.11m | eta: 329.2m
step 01515/02520 (60.12%) | loss: 2.909611 | lrm: 0.63 | dt: 18581.61ms | tok/sec: 28,215 | bf16_mfu: 0.00 | epoch: 1 pq: 17 rg: 70 | total time: 492.42m | eta: 328.8m
step 01516/02520 (60.16%) | loss: 2.905293 | lrm: 0.63 | dt: 18617.85ms | tok/sec: 28,160 | bf16_mfu: 0.00 | epoch: 1 pq: 17 rg: 71 | total time: 492.73m | eta: 328.5m
step 01517/02520 (60.20%) | loss: 2.916035 | lrm: 0.63 | dt: 20852.97ms | tok/sec: 25,142 | bf16_mfu: 0.00 | epoch: 1 pq: 17 rg: 72 | total time: 493.07m | eta: 328.2m
step 01518/02520 (60.24%) | loss: 2.913830 | lrm: 0.63 | dt: 18522.36ms | tok/sec: 28,305 | bf16_mfu: 0.00 | epoch: 1 pq: 17 rg: 73 | total time: 493.38m | eta: 327.8m
step 01519/02520 (60.28%) | loss: 2.899898 | lrm: 0.63 | dt: 18651.15ms | tok/sec: 28,110 | bf16_mfu: 0.00 | epoch: 1 pq: 17 rg: 74 | total time: 493.69m | eta: 327.5m
step 01520/02520 (60.32%) | loss: 2.918122 | lrm: 0.63 | dt: 20919.36ms | tok/sec: 25,062 | bf16_mfu: 0.00 | epoch: 1 pq: 17 rg: 75 | total time: 494.04m | eta: 327.2m
step 01521/02520 (60.36%) | loss: 2.930490 | lrm: 0.63 | dt: 18445.20ms | tok/sec: 28,424 | bf16_mfu: 0.00 | epoch: 1 pq: 17 rg: 76 | total time: 494.35m | eta: 326.8m
step 01522/02520 (60.40%) | loss: 2.924318 | lrm: 0.63 | dt: 20815.81ms | tok/sec: 25,187 | bf16_mfu: 0.00 | epoch: 1 pq: 17 rg: 77 | total time: 494.70m | eta: 326.5m
step 01523/02520 (60.44%) | loss: 2.927788 | lrm: 0.63 | dt: 18619.32ms | tok/sec: 28,158 | bf16_mfu: 0.00 | epoch: 1 pq: 17 rg: 77 | total time: 495.01m | eta: 326.2m
step 01524/02520 (60.48%) | loss: 2.927111 | lrm: 0.63 | dt: 18593.36ms | tok/sec: 28,197 | bf16_mfu: 0.00 | epoch: 1 pq: 17 rg: 78 | total time: 495.32m | eta: 325.8m
step 01525/02520 (60.52%) | loss: 2.922187 | lrm: 0.63 | dt: 20835.65ms | tok/sec: 25,163 | bf16_mfu: 0.00 | epoch: 1 pq: 17 rg: 79 | total time: 495.66m | eta: 325.5m
step 01526/02520 (60.56%) | loss: 2.932328 | lrm: 0.63 | dt: 18594.92ms | tok/sec: 28,195 | bf16_mfu: 0.00 | epoch: 1 pq: 17 rg: 80 | total time: 495.97m | eta: 325.2m
step 01527/02520 (60.60%) | loss: 2.938492 | lrm: 0.63 | dt: 18618.90ms | tok/sec: 28,158 | bf16_mfu: 0.00 | epoch: 1 pq: 17 rg: 81 | total time: 496.28m | eta: 324.9m
step 01528/02520 (60.63%) | loss: 2.939952 | lrm: 0.63 | dt: 20804.67ms | tok/sec: 25,200 | bf16_mfu: 0.00 | epoch: 1 pq: 17 rg: 82 | total time: 496.63m | eta: 324.5m
step 01529/02520 (60.67%) | loss: 2.954685 | lrm: 0.62 | dt: 18626.44ms | tok/sec: 28,147 | bf16_mfu: 0.00 | epoch: 1 pq: 18 rg: 0 | total time: 496.94m | eta: 324.2m
step 01530/02520 (60.71%) | loss: 2.948581 | lrm: 0.62 | dt: 18560.60ms | tok/sec: 28,247 | bf16_mfu: 0.00 | epoch: 1 pq: 18 rg: 1 | total time: 497.25m | eta: 323.9m
step 01531/02520 (60.75%) | loss: 2.949642 | lrm: 0.62 | dt: 20844.45ms | tok/sec: 25,152 | bf16_mfu: 0.00 | epoch: 1 pq: 18 rg: 2 | total time: 497.60m | eta: 323.6m
step 01532/02520 (60.79%) | loss: 2.958322 | lrm: 0.62 | dt: 18621.80ms | tok/sec: 28,154 | bf16_mfu: 0.00 | epoch: 1 pq: 18 rg: 3 | total time: 497.91m | eta: 323.2m
step 01533/02520 (60.83%) | loss: 2.968766 | lrm: 0.62 | dt: 18543.13ms | tok/sec: 28,273 | bf16_mfu: 0.00 | epoch: 1 pq: 18 rg: 4 | total time: 498.22m | eta: 322.9m
step 01534/02520 (60.87%) | loss: 2.969540 | lrm: 0.62 | dt: 20832.88ms | tok/sec: 25,166 | bf16_mfu: 0.00 | epoch: 1 pq: 18 rg: 5 | total time: 498.57m | eta: 322.6m
step 01535/02520 (60.91%) | loss: 2.953791 | lrm: 0.62 | dt: 18556.46ms | tok/sec: 28,253 | bf16_mfu: 0.00 | epoch: 1 pq: 18 rg: 6 | total time: 498.87m | eta: 322.2m
step 01536/02520 (60.95%) | loss: 2.978334 | lrm: 0.62 | dt: 20807.14ms | tok/sec: 25,197 | bf16_mfu: 0.00 | epoch: 1 pq: 18 rg: 7 | total time: 499.22m | eta: 321.9m
step 01537/02520 (60.99%) | loss: 2.987213 | lrm: 0.62 | dt: 18685.83ms | tok/sec: 28,058 | bf16_mfu: 0.00 | epoch: 1 pq: 18 rg: 8 | total time: 499.53m | eta: 321.6m
step 01538/02520 (61.03%) | loss: 2.967006 | lrm: 0.62 | dt: 18506.63ms | tok/sec: 28,329 | bf16_mfu: 0.00 | epoch: 1 pq: 18 rg: 9 | total time: 499.84m | eta: 321.2m
step 01539/02520 (61.07%) | loss: 2.980705 | lrm: 0.62 | dt: 20813.19ms | tok/sec: 25,190 | bf16_mfu: 0.00 | epoch: 1 pq: 18 rg: 10 | total time: 500.19m | eta: 320.9m
step 01540/02520 (61.11%) | loss: 2.974456 | lrm: 0.62 | dt: 18652.06ms | tok/sec: 28,108 | bf16_mfu: 0.00 | epoch: 1 pq: 18 rg: 11 | total time: 500.50m | eta: 320.6m
step 01541/02520 (61.15%) | loss: 2.980735 | lrm: 0.62 | dt: 18564.25ms | tok/sec: 28,241 | bf16_mfu: 0.00 | epoch: 1 pq: 18 rg: 12 | total time: 500.81m | eta: 320.2m
step 01542/02520 (61.19%) | loss: 2.995601 | lrm: 0.62 | dt: 20850.88ms | tok/sec: 25,144 | bf16_mfu: 0.00 | epoch: 1 pq: 18 rg: 13 | total time: 501.16m | eta: 319.9m
step 01543/02520 (61.23%) | loss: 3.013669 | lrm: 0.62 | dt: 18579.38ms | tok/sec: 28,218 | bf16_mfu: 0.00 | epoch: 1 pq: 18 rg: 14 | total time: 501.47m | eta: 319.6m
step 01544/02520 (61.27%) | loss: 2.992115 | lrm: 0.62 | dt: 18616.95ms | tok/sec: 28,161 | bf16_mfu: 0.00 | epoch: 1 pq: 18 rg: 15 | total time: 501.78m | eta: 319.3m
step 01545/02520 (61.31%) | loss: 2.996395 | lrm: 0.62 | dt: 20924.54ms | tok/sec: 25,056 | bf16_mfu: 0.00 | epoch: 1 pq: 18 rg: 16 | total time: 502.12m | eta: 318.9m
step 01546/02520 (61.35%) | loss: 2.985766 | lrm: 0.61 | dt: 18430.65ms | tok/sec: 28,446 | bf16_mfu: 0.00 | epoch: 1 pq: 18 rg: 17 | total time: 502.43m | eta: 318.6m
step 01547/02520 (61.39%) | loss: 2.993623 | lrm: 0.61 | dt: 18638.01ms | tok/sec: 28,130 | bf16_mfu: 0.00 | epoch: 1 pq: 18 rg: 18 | total time: 502.74m | eta: 318.3m
step 01548/02520 (61.43%) | loss: 3.003882 | lrm: 0.61 | dt: 20787.83ms | tok/sec: 25,220 | bf16_mfu: 0.00 | epoch: 1 pq: 18 rg: 19 | total time: 503.09m | eta: 317.9m
step 01549/02520 (61.47%) | loss: 2.996069 | lrm: 0.61 | dt: 18637.26ms | tok/sec: 28,131 | bf16_mfu: 0.00 | epoch: 1 pq: 18 rg: 20 | total time: 503.40m | eta: 317.6m
step 01550/02520 (61.51%) | loss: 2.993385 | lrm: 0.61 | dt: 18609.61ms | tok/sec: 28,172 | bf16_mfu: 0.00 | epoch: 1 pq: 18 rg: 21 | total time: 503.71m | eta: 317.3m
step 01551/02520 (61.55%) | loss: 2.974097 | lrm: 0.61 | dt: 20821.24ms | tok/sec: 25,180 | bf16_mfu: 0.00 | epoch: 1 pq: 18 rg: 22 | total time: 504.06m | eta: 317.0m
step 01552/02520 (61.59%) | loss: 2.975022 | lrm: 0.61 | dt: 18606.26ms | tok/sec: 28,178 | bf16_mfu: 0.00 | epoch: 1 pq: 18 rg: 22 | total time: 504.37m | eta: 316.6m
step 01553/02520 (61.63%) | loss: 2.952347 | lrm: 0.61 | dt: 20792.81ms | tok/sec: 25,214 | bf16_mfu: 0.00 | epoch: 1 pq: 18 rg: 23 | total time: 504.71m | eta: 316.3m
step 01554/02520 (61.67%) | loss: 2.957562 | lrm: 0.61 | dt: 18641.71ms | tok/sec: 28,124 | bf16_mfu: 0.00 | epoch: 1 pq: 18 rg: 24 | total time: 505.02m | eta: 316.0m
step 01555/02520 (61.71%) | loss: 2.961311 | lrm: 0.61 | dt: 18533.84ms | tok/sec: 28,288 | bf16_mfu: 0.00 | epoch: 1 pq: 18 rg: 25 | total time: 505.33m | eta: 315.6m
step 01556/02520 (61.75%) | loss: 2.971208 | lrm: 0.61 | dt: 20816.57ms | tok/sec: 25,186 | bf16_mfu: 0.00 | epoch: 1 pq: 18 rg: 26 | total time: 505.68m | eta: 315.3m
step 01557/02520 (61.79%) | loss: 2.962524 | lrm: 0.61 | dt: 18635.51ms | tok/sec: 28,133 | bf16_mfu: 0.00 | epoch: 1 pq: 18 rg: 27 | total time: 505.99m | eta: 315.0m
step 01558/02520 (61.83%) | loss: 2.931372 | lrm: 0.61 | dt: 18546.44ms | tok/sec: 28,268 | bf16_mfu: 0.00 | epoch: 1 pq: 18 rg: 28 | total time: 506.30m | eta: 314.6m
step 01559/02520 (61.87%) | loss: 2.939926 | lrm: 0.61 | dt: 20835.65ms | tok/sec: 25,163 | bf16_mfu: 0.00 | epoch: 1 pq: 18 rg: 29 | total time: 506.65m | eta: 314.3m
step 01560/02520 (61.90%) | loss: 2.943816 | lrm: 0.61 | dt: 18682.40ms | tok/sec: 28,063 | bf16_mfu: 0.00 | epoch: 1 pq: 18 rg: 30 | total time: 506.96m | eta: 314.0m
step 01561/02520 (61.94%) | loss: 2.945956 | lrm: 0.61 | dt: 18514.44ms | tok/sec: 28,317 | bf16_mfu: 0.00 | epoch: 1 pq: 18 rg: 31 | total time: 507.27m | eta: 313.6m
step 01562/02520 (61.98%) | loss: 2.928090 | lrm: 0.61 | dt: 20839.38ms | tok/sec: 25,158 | bf16_mfu: 0.00 | epoch: 1 pq: 18 rg: 32 | total time: 507.61m | eta: 313.3m
step 01563/02520 (62.02%) | loss: 2.953623 | lrm: 0.61 | dt: 18566.76ms | tok/sec: 28,237 | bf16_mfu: 0.00 | epoch: 1 pq: 18 rg: 33 | total time: 507.92m | eta: 313.0m
step 01564/02520 (62.06%) | loss: 2.968695 | lrm: 0.60 | dt: 18604.32ms | tok/sec: 28,180 | bf16_mfu: 0.00 | epoch: 1 pq: 18 rg: 34 | total time: 508.23m | eta: 312.7m
step 01565/02520 (62.10%) | loss: 2.971614 | lrm: 0.60 | dt: 20899.83ms | tok/sec: 25,085 | bf16_mfu: 0.00 | epoch: 1 pq: 18 rg: 35 | total time: 508.58m | eta: 312.3m
step 01566/02520 (62.14%) | loss: 2.966204 | lrm: 0.60 | dt: 18465.45ms | tok/sec: 28,392 | bf16_mfu: 0.00 | epoch: 1 pq: 18 rg: 36 | total time: 508.89m | eta: 312.0m
step 01567/02520 (62.18%) | loss: 2.979423 | lrm: 0.60 | dt: 20831.88ms | tok/sec: 25,167 | bf16_mfu: 0.00 | epoch: 1 pq: 18 rg: 37 | total time: 509.24m | eta: 311.7m
step 01568/02520 (62.22%) | loss: 2.980644 | lrm: 0.60 | dt: 18701.45ms | tok/sec: 28,034 | bf16_mfu: 0.00 | epoch: 1 pq: 18 rg: 38 | total time: 509.55m | eta: 311.4m
step 01569/02520 (62.26%) | loss: 2.981137 | lrm: 0.60 | dt: 18485.51ms | tok/sec: 28,362 | bf16_mfu: 0.00 | epoch: 1 pq: 18 rg: 39 | total time: 509.86m | eta: 311.0m
step 01570/02520 (62.30%) | loss: 2.978812 | lrm: 0.60 | dt: 20852.15ms | tok/sec: 25,143 | bf16_mfu: 0.00 | epoch: 1 pq: 18 rg: 40 | total time: 510.20m | eta: 310.7m
step 01571/02520 (62.34%) | loss: 2.974666 | lrm: 0.60 | dt: 18648.94ms | tok/sec: 28,113 | bf16_mfu: 0.00 | epoch: 1 pq: 18 rg: 41 | total time: 510.52m | eta: 310.4m
step 01572/02520 (62.38%) | loss: 2.987309 | lrm: 0.60 | dt: 18518.75ms | tok/sec: 28,311 | bf16_mfu: 0.00 | epoch: 1 pq: 18 rg: 42 | total time: 510.82m | eta: 310.0m
step 01573/02520 (62.42%) | loss: 2.971770 | lrm: 0.60 | dt: 20847.51ms | tok/sec: 25,148 | bf16_mfu: 0.00 | epoch: 1 pq: 18 rg: 43 | total time: 511.17m | eta: 309.7m
step 01574/02520 (62.46%) | loss: 2.959424 | lrm: 0.60 | dt: 18621.94ms | tok/sec: 28,154 | bf16_mfu: 0.00 | epoch: 1 pq: 18 rg: 44 | total time: 511.48m | eta: 309.4m
step 01575/02520 (62.50%) | loss: 2.964265 | lrm: 0.60 | dt: 18546.36ms | tok/sec: 28,269 | bf16_mfu: 0.00 | epoch: 1 pq: 18 rg: 45 | total time: 511.79m | eta: 309.0m
step 01576/02520 (62.54%) | loss: 2.965500 | lrm: 0.60 | dt: 20839.00ms | tok/sec: 25,158 | bf16_mfu: 0.00 | epoch: 1 pq: 18 rg: 46 | total time: 512.14m | eta: 308.7m
step 01577/02520 (62.58%) | loss: 2.941011 | lrm: 0.60 | dt: 18593.90ms | tok/sec: 28,196 | bf16_mfu: 0.00 | epoch: 1 pq: 18 rg: 47 | total time: 512.45m | eta: 308.4m
step 01578/02520 (62.62%) | loss: 2.921885 | lrm: 0.60 | dt: 18600.66ms | tok/sec: 28,186 | bf16_mfu: 0.00 | epoch: 1 pq: 18 rg: 48 | total time: 512.76m | eta: 308.0m
step 01579/02520 (62.66%) | loss: 2.914301 | lrm: 0.60 | dt: 20870.56ms | tok/sec: 25,120 | bf16_mfu: 0.00 | epoch: 1 pq: 18 rg: 49 | total time: 513.11m | eta: 307.7m
step 01580/02520 (62.70%) | loss: 2.917940 | lrm: 0.60 | dt: 18491.53ms | tok/sec: 28,352 | bf16_mfu: 0.00 | epoch: 1 pq: 18 rg: 50 | total time: 513.41m | eta: 307.4m
step 01581/02520 (62.74%) | loss: 2.922451 | lrm: 0.59 | dt: 18664.79ms | tok/sec: 28,089 | bf16_mfu: 0.00 | epoch: 1 pq: 18 rg: 51 | total time: 513.73m | eta: 307.1m
step 01582/02520 (62.78%) | loss: 2.930034 | lrm: 0.59 | dt: 20882.50ms | tok/sec: 25,106 | bf16_mfu: 0.00 | epoch: 1 pq: 18 rg: 52 | total time: 514.07m | eta: 306.7m
step 01583/02520 (62.82%) | loss: 2.936033 | lrm: 0.59 | dt: 18465.25ms | tok/sec: 28,393 | bf16_mfu: 0.00 | epoch: 1 pq: 18 rg: 53 | total time: 514.38m | eta: 306.4m
step 01584/02520 (62.86%) | loss: 2.951283 | lrm: 0.59 | dt: 20852.10ms | tok/sec: 25,143 | bf16_mfu: 0.00 | epoch: 1 pq: 18 rg: 54 | total time: 514.73m | eta: 306.1m
step 01585/02520 (62.90%) | loss: 2.950274 | lrm: 0.59 | dt: 18725.71ms | tok/sec: 27,998 | bf16_mfu: 0.00 | epoch: 1 pq: 18 rg: 55 | total time: 515.04m | eta: 305.8m
step 01586/02520 (62.94%) | loss: 2.946980 | lrm: 0.59 | dt: 18442.66ms | tok/sec: 28,428 | bf16_mfu: 0.00 | epoch: 1 pq: 18 rg: 56 | total time: 515.35m | eta: 305.4m
step 01587/02520 (62.98%) | loss: 2.952105 | lrm: 0.59 | dt: 20858.72ms | tok/sec: 25,135 | bf16_mfu: 0.00 | epoch: 1 pq: 18 rg: 57 | total time: 515.70m | eta: 305.1m
step 01588/02520 (63.02%) | loss: 2.967195 | lrm: 0.59 | dt: 18656.76ms | tok/sec: 28,101 | bf16_mfu: 0.00 | epoch: 1 pq: 18 rg: 58 | total time: 516.01m | eta: 304.8m
step 01589/02520 (63.06%) | loss: 2.957758 | lrm: 0.59 | dt: 18511.37ms | tok/sec: 28,322 | bf16_mfu: 0.00 | epoch: 1 pq: 18 rg: 59 | total time: 516.31m | eta: 304.4m
step 01590/02520 (63.10%) | loss: 2.974909 | lrm: 0.59 | dt: 20842.74ms | tok/sec: 25,154 | bf16_mfu: 0.00 | epoch: 1 pq: 18 rg: 60 | total time: 516.66m | eta: 304.1m
step 01591/02520 (63.13%) | loss: 2.970064 | lrm: 0.59 | dt: 18592.77ms | tok/sec: 28,198 | bf16_mfu: 0.00 | epoch: 1 pq: 18 rg: 61 | total time: 516.97m | eta: 303.8m
step 01592/02520 (63.17%) | loss: 2.992689 | lrm: 0.59 | dt: 18603.06ms | tok/sec: 28,182 | bf16_mfu: 0.00 | epoch: 1 pq: 18 rg: 62 | total time: 517.28m | eta: 303.4m
step 01593/02520 (63.21%) | loss: 2.994613 | lrm: 0.59 | dt: 20846.22ms | tok/sec: 25,150 | bf16_mfu: 0.00 | epoch: 1 pq: 18 rg: 62 | total time: 517.63m | eta: 303.1m
step 01594/02520 (63.25%) | loss: 2.956928 | lrm: 0.59 | dt: 18496.82ms | tok/sec: 28,344 | bf16_mfu: 0.00 | epoch: 1 pq: 18 rg: 63 | total time: 517.94m | eta: 302.8m
step 01595/02520 (63.29%) | loss: 2.947642 | lrm: 0.59 | dt: 18671.82ms | tok/sec: 28,079 | bf16_mfu: 0.00 | epoch: 1 pq: 18 rg: 64 | total time: 518.25m | eta: 302.4m
step 01596/02520 (63.33%) | loss: 2.969714 | lrm: 0.59 | dt: 20804.20ms | tok/sec: 25,201 | bf16_mfu: 0.00 | epoch: 1 pq: 18 rg: 65 | total time: 518.60m | eta: 302.1m
step 01597/02520 (63.37%) | loss: 2.962356 | lrm: 0.59 | dt: 18532.50ms | tok/sec: 28,290 | bf16_mfu: 0.00 | epoch: 1 pq: 18 rg: 66 | total time: 518.90m | eta: 301.8m
step 01598/02520 (63.41%) | loss: 2.952495 | lrm: 0.58 | dt: 20877.54ms | tok/sec: 25,112 | bf16_mfu: 0.00 | epoch: 1 pq: 18 rg: 67 | total time: 519.25m | eta: 301.5m
step 01599/02520 (63.45%) | loss: 2.958058 | lrm: 0.58 | dt: 18570.51ms | tok/sec: 28,232 | bf16_mfu: 0.00 | epoch: 1 pq: 18 rg: 68 | total time: 519.56m | eta: 301.1m
step 01600/02520 (63.49%) | loss: 2.992751 | lrm: 0.58 | dt: 18600.98ms | tok/sec: 28,186 | bf16_mfu: 0.00 | epoch: 1 pq: 18 rg: 69 | total time: 519.87m | eta: 300.8m
step 01601/02520 (63.53%) | loss: 3.002993 | lrm: 0.58 | dt: 20854.49ms | tok/sec: 25,140 | bf16_mfu: 0.00 | epoch: 1 pq: 18 rg: 70 | total time: 520.22m | eta: 300.5m
step 01602/02520 (63.57%) | loss: 2.988695 | lrm: 0.58 | dt: 18545.12ms | tok/sec: 28,270 | bf16_mfu: 0.00 | epoch: 1 pq: 18 rg: 71 | total time: 520.53m | eta: 300.2m
step 01603/02520 (63.61%) | loss: 2.981581 | lrm: 0.58 | dt: 18635.91ms | tok/sec: 28,133 | bf16_mfu: 0.00 | epoch: 1 pq: 18 rg: 72 | total time: 520.84m | eta: 299.8m
step 01604/02520 (63.65%) | loss: 2.957694 | lrm: 0.58 | dt: 20868.87ms | tok/sec: 25,122 | bf16_mfu: 0.00 | epoch: 1 pq: 18 rg: 73 | total time: 521.19m | eta: 299.5m
step 01605/02520 (63.69%) | loss: 2.960815 | lrm: 0.58 | dt: 18471.47ms | tok/sec: 28,383 | bf16_mfu: 0.00 | epoch: 1 pq: 18 rg: 74 | total time: 521.50m | eta: 299.2m
step 01606/02520 (63.73%) | loss: 2.956254 | lrm: 0.58 | dt: 18692.22ms | tok/sec: 28,048 | bf16_mfu: 0.00 | epoch: 1 pq: 18 rg: 75 | total time: 521.81m | eta: 298.8m
step 01607/02520 (63.77%) | loss: 2.935675 | lrm: 0.58 | dt: 20830.05ms | tok/sec: 25,169 | bf16_mfu: 0.00 | epoch: 1 pq: 18 rg: 76 | total time: 522.15m | eta: 298.5m
step 01608/02520 (63.81%) | loss: 2.904867 | lrm: 0.58 | dt: 18510.62ms | tok/sec: 28,323 | bf16_mfu: 0.00 | epoch: 1 pq: 18 rg: 77 | total time: 522.46m | eta: 298.2m
step 01609/02520 (63.85%) | loss: 2.900320 | lrm: 0.58 | dt: 18678.48ms | tok/sec: 28,069 | bf16_mfu: 0.00 | epoch: 1 pq: 18 rg: 78 | total time: 522.77m | eta: 297.8m
step 01610/02520 (63.89%) | loss: 2.912709 | lrm: 0.58 | dt: 20807.49ms | tok/sec: 25,197 | bf16_mfu: 0.00 | epoch: 1 pq: 18 rg: 79 | total time: 523.12m | eta: 297.5m
step 01611/02520 (63.93%) | loss: 2.922899 | lrm: 0.58 | dt: 18521.03ms | tok/sec: 28,307 | bf16_mfu: 0.00 | epoch: 1 pq: 18 rg: 80 | total time: 523.43m | eta: 297.2m
step 01612/02520 (63.97%) | loss: 2.940844 | lrm: 0.58 | dt: 18688.32ms | tok/sec: 28,054 | bf16_mfu: 0.00 | epoch: 1 pq: 18 rg: 81 | total time: 523.74m | eta: 296.9m
step 01613/02520 (64.01%) | loss: 2.959364 | lrm: 0.58 | dt: 20786.14ms | tok/sec: 25,222 | bf16_mfu: 0.00 | epoch: 1 pq: 18 rg: 82 | total time: 524.09m | eta: 296.5m
step 01614/02520 (64.05%) | loss: 2.958302 | lrm: 0.58 | dt: 18552.16ms | tok/sec: 28,260 | bf16_mfu: 0.00 | epoch: 1 pq: 19 rg: 0 | total time: 524.40m | eta: 296.2m
step 01615/02520 (64.09%) | loss: 2.986717 | lrm: 0.57 | dt: 20804.79ms | tok/sec: 25,200 | bf16_mfu: 0.00 | epoch: 1 pq: 19 rg: 1 | total time: 524.74m | eta: 295.9m
step 01616/02520 (64.13%) | loss: 2.996506 | lrm: 0.57 | dt: 18682.95ms | tok/sec: 28,062 | bf16_mfu: 0.00 | epoch: 1 pq: 19 rg: 2 | total time: 525.05m | eta: 295.5m
step 01617/02520 (64.17%) | loss: 3.000298 | lrm: 0.57 | dt: 18536.55ms | tok/sec: 28,284 | bf16_mfu: 0.00 | epoch: 1 pq: 19 rg: 3 | total time: 525.36m | eta: 295.2m
step 01618/02520 (64.21%) | loss: 2.998841 | lrm: 0.57 | dt: 20780.38ms | tok/sec: 25,229 | bf16_mfu: 0.00 | epoch: 1 pq: 19 rg: 4 | total time: 525.71m | eta: 294.9m
step 01619/02520 (64.25%) | loss: 3.008176 | lrm: 0.57 | dt: 18705.55ms | tok/sec: 28,028 | bf16_mfu: 0.00 | epoch: 1 pq: 19 rg: 5 | total time: 526.02m | eta: 294.6m
step 01620/02520 (64.29%) | loss: 2.996288 | lrm: 0.57 | dt: 18547.66ms | tok/sec: 28,267 | bf16_mfu: 0.00 | epoch: 1 pq: 19 rg: 6 | total time: 526.33m | eta: 294.2m
step 01621/02520 (64.33%) | loss: 3.005532 | lrm: 0.57 | dt: 20814.65ms | tok/sec: 25,188 | bf16_mfu: 0.00 | epoch: 1 pq: 19 rg: 7 | total time: 526.68m | eta: 293.9m
step 01622/02520 (64.37%) | loss: 2.994798 | lrm: 0.57 | dt: 18632.12ms | tok/sec: 28,138 | bf16_mfu: 0.00 | epoch: 1 pq: 19 rg: 8 | total time: 526.99m | eta: 293.6m
step 01623/02520 (64.40%) | loss: 3.020506 | lrm: 0.57 | dt: 18599.07ms | tok/sec: 28,188 | bf16_mfu: 0.00 | epoch: 1 pq: 19 rg: 9 | total time: 527.30m | eta: 293.2m
step 01624/02520 (64.44%) | loss: 3.004673 | lrm: 0.57 | dt: 20828.26ms | tok/sec: 25,171 | bf16_mfu: 0.00 | epoch: 1 pq: 19 rg: 10 | total time: 527.65m | eta: 292.9m
step 01625/02520 (64.48%) | loss: 3.014643 | lrm: 0.57 | dt: 18556.45ms | tok/sec: 28,253 | bf16_mfu: 0.00 | epoch: 1 pq: 19 rg: 11 | total time: 527.95m | eta: 292.6m
step 01626/02520 (64.52%) | loss: 3.004164 | lrm: 0.57 | dt: 18632.19ms | tok/sec: 28,138 | bf16_mfu: 0.00 | epoch: 1 pq: 19 rg: 12 | total time: 528.27m | eta: 292.2m
step 01627/02520 (64.56%) | loss: 2.954636 | lrm: 0.57 | dt: 20811.42ms | tok/sec: 25,192 | bf16_mfu: 0.00 | epoch: 1 pq: 19 rg: 13 | total time: 528.61m | eta: 291.9m
step 01628/02520 (64.60%) | loss: 2.938437 | lrm: 0.57 | dt: 18538.91ms | tok/sec: 28,280 | bf16_mfu: 0.00 | epoch: 1 pq: 19 rg: 14 | total time: 528.92m | eta: 291.6m
step 01629/02520 (64.64%) | loss: 2.926395 | lrm: 0.57 | dt: 20896.57ms | tok/sec: 25,089 | bf16_mfu: 0.00 | epoch: 1 pq: 19 rg: 15 | total time: 529.27m | eta: 291.3m
step 01630/02520 (64.68%) | loss: 2.942946 | lrm: 0.57 | dt: 18555.60ms | tok/sec: 28,254 | bf16_mfu: 0.00 | epoch: 1 pq: 19 rg: 16 | total time: 529.58m | eta: 290.9m
step 01631/02520 (64.72%) | loss: 2.938193 | lrm: 0.57 | dt: 18567.15ms | tok/sec: 28,237 | bf16_mfu: 0.00 | epoch: 1 pq: 19 rg: 17 | total time: 529.89m | eta: 290.6m
step 01632/02520 (64.76%) | loss: 2.921468 | lrm: 0.57 | dt: 20910.81ms | tok/sec: 25,072 | bf16_mfu: 0.00 | epoch: 1 pq: 19 rg: 17 | total time: 530.24m | eta: 290.3m
step 01633/02520 (64.80%) | loss: 2.926795 | lrm: 0.56 | dt: 18477.96ms | tok/sec: 28,373 | bf16_mfu: 0.00 | epoch: 1 pq: 19 rg: 18 | total time: 530.54m | eta: 290.0m
step 01634/02520 (64.84%) | loss: 2.926980 | lrm: 0.56 | dt: 18637.14ms | tok/sec: 28,131 | bf16_mfu: 0.00 | epoch: 1 pq: 19 rg: 19 | total time: 530.85m | eta: 289.6m
step 01635/02520 (64.88%) | loss: 2.896345 | lrm: 0.56 | dt: 20891.91ms | tok/sec: 25,095 | bf16_mfu: 0.00 | epoch: 1 pq: 19 rg: 20 | total time: 531.20m | eta: 289.3m
step 01636/02520 (64.92%) | loss: 2.902932 | lrm: 0.56 | dt: 18497.77ms | tok/sec: 28,343 | bf16_mfu: 0.00 | epoch: 1 pq: 19 rg: 21 | total time: 531.51m | eta: 289.0m
step 01637/02520 (64.96%) | loss: 2.906264 | lrm: 0.56 | dt: 18655.33ms | tok/sec: 28,103 | bf16_mfu: 0.00 | epoch: 1 pq: 19 rg: 22 | total time: 531.82m | eta: 288.6m
step 01638/02520 (65.00%) | loss: 2.937496 | lrm: 0.56 | dt: 20882.63ms | tok/sec: 25,106 | bf16_mfu: 0.00 | epoch: 1 pq: 19 rg: 23 | total time: 532.17m | eta: 288.3m
step 01639/02520 (65.04%) | loss: 2.949630 | lrm: 0.56 | dt: 18492.30ms | tok/sec: 28,351 | bf16_mfu: 0.00 | epoch: 1 pq: 19 rg: 24 | total time: 532.48m | eta: 288.0m
step 01640/02520 (65.08%) | loss: 2.953620 | lrm: 0.56 | dt: 18659.73ms | tok/sec: 28,097 | bf16_mfu: 0.00 | epoch: 1 pq: 19 rg: 25 | total time: 532.79m | eta: 287.6m
step 01641/02520 (65.12%) | loss: 2.951364 | lrm: 0.56 | dt: 20881.47ms | tok/sec: 25,107 | bf16_mfu: 0.00 | epoch: 1 pq: 19 rg: 26 | total time: 533.14m | eta: 287.3m
step 01642/02520 (65.16%) | loss: 2.947673 | lrm: 0.56 | dt: 18490.05ms | tok/sec: 28,355 | bf16_mfu: 0.00 | epoch: 1 pq: 19 rg: 27 | total time: 533.45m | eta: 287.0m
step 01643/02520 (65.20%) | loss: 2.957461 | lrm: 0.56 | dt: 20845.02ms | tok/sec: 25,151 | bf16_mfu: 0.00 | epoch: 1 pq: 19 rg: 28 | total time: 533.79m | eta: 286.7m
step 01644/02520 (65.24%) | loss: 2.943739 | lrm: 0.56 | dt: 18678.40ms | tok/sec: 28,069 | bf16_mfu: 0.00 | epoch: 1 pq: 19 rg: 29 | total time: 534.10m | eta: 286.3m
step 01645/02520 (65.28%) | loss: 2.910683 | lrm: 0.56 | dt: 18502.50ms | tok/sec: 28,336 | bf16_mfu: 0.00 | epoch: 1 pq: 19 rg: 30 | total time: 534.41m | eta: 286.0m
step 01646/02520 (65.32%) | loss: 2.900965 | lrm: 0.56 | dt: 20840.21ms | tok/sec: 25,157 | bf16_mfu: 0.00 | epoch: 1 pq: 19 rg: 31 | total time: 534.76m | eta: 285.7m
step 01647/02520 (65.36%) | loss: 2.886462 | lrm: 0.56 | dt: 18686.81ms | tok/sec: 28,056 | bf16_mfu: 0.00 | epoch: 1 pq: 19 rg: 32 | total time: 535.07m | eta: 285.3m
step 01648/02520 (65.40%) | loss: 2.893078 | lrm: 0.56 | dt: 18496.08ms | tok/sec: 28,345 | bf16_mfu: 0.00 | epoch: 1 pq: 19 rg: 33 | total time: 535.38m | eta: 285.0m
step 01649/02520 (65.44%) | loss: 2.911026 | lrm: 0.56 | dt: 20844.94ms | tok/sec: 25,151 | bf16_mfu: 0.00 | epoch: 1 pq: 19 rg: 34 | total time: 535.73m | eta: 284.7m
step 01650/02520 (65.48%) | loss: 2.924185 | lrm: 0.55 | dt: 18606.69ms | tok/sec: 28,177 | bf16_mfu: 0.00 | epoch: 1 pq: 19 rg: 35 | total time: 536.04m | eta: 284.4m
step 01651/02520 (65.52%) | loss: 2.934594 | lrm: 0.55 | dt: 18583.36ms | tok/sec: 28,212 | bf16_mfu: 0.00 | epoch: 1 pq: 19 rg: 36 | total time: 536.35m | eta: 284.0m
step 01652/02520 (65.56%) | loss: 2.934352 | lrm: 0.55 | dt: 20844.29ms | tok/sec: 25,152 | bf16_mfu: 0.00 | epoch: 1 pq: 19 rg: 37 | total time: 536.69m | eta: 283.7m
step 01653/02520 (65.60%) | loss: 2.940684 | lrm: 0.55 | dt: 18574.47ms | tok/sec: 28,226 | bf16_mfu: 0.00 | epoch: 1 pq: 19 rg: 38 | total time: 537.00m | eta: 283.4m
step 01654/02520 (65.63%) | loss: 2.936913 | lrm: 0.55 | dt: 18620.88ms | tok/sec: 28,155 | bf16_mfu: 0.00 | epoch: 1 pq: 19 rg: 39 | total time: 537.31m | eta: 283.0m
step 01655/02520 (65.67%) | loss: 2.926543 | lrm: 0.55 | dt: 20851.31ms | tok/sec: 25,144 | bf16_mfu: 0.00 | epoch: 1 pq: 19 rg: 40 | total time: 537.66m | eta: 282.7m
step 01656/02520 (65.71%) | loss: 2.928161 | lrm: 0.55 | dt: 18572.79ms | tok/sec: 28,228 | bf16_mfu: 0.00 | epoch: 1 pq: 19 rg: 41 | total time: 537.97m | eta: 282.4m
step 01657/02520 (65.75%) | loss: 2.923212 | lrm: 0.55 | dt: 18599.30ms | tok/sec: 28,188 | bf16_mfu: 0.00 | epoch: 1 pq: 19 rg: 42 | total time: 538.28m | eta: 282.1m
step 01658/02520 (65.79%) | loss: 2.917982 | lrm: 0.55 | dt: 20842.10ms | tok/sec: 25,155 | bf16_mfu: 0.00 | epoch: 1 pq: 19 rg: 43 | total time: 538.63m | eta: 281.7m
step 01659/02520 (65.83%) | loss: 2.931881 | lrm: 0.55 | dt: 18539.66ms | tok/sec: 28,279 | bf16_mfu: 0.00 | epoch: 1 pq: 19 rg: 44 | total time: 538.94m | eta: 281.4m
step 01660/02520 (65.87%) | loss: 2.969802 | lrm: 0.55 | dt: 20975.51ms | tok/sec: 24,995 | bf16_mfu: 0.00 | epoch: 1 pq: 19 rg: 45 | total time: 539.29m | eta: 281.1m
step 01661/02520 (65.91%) | loss: 2.988133 | lrm: 0.55 | dt: 18456.77ms | tok/sec: 28,406 | bf16_mfu: 0.00 | epoch: 1 pq: 19 rg: 45 | total time: 539.60m | eta: 280.7m
step 01662/02520 (65.95%) | loss: 2.966017 | lrm: 0.55 | dt: 18595.59ms | tok/sec: 28,194 | bf16_mfu: 0.00 | epoch: 1 pq: 19 rg: 46 | total time: 539.91m | eta: 280.4m
step 01663/02520 (65.99%) | loss: 2.964311 | lrm: 0.55 | dt: 20934.07ms | tok/sec: 25,044 | bf16_mfu: 0.00 | epoch: 1 pq: 19 rg: 47 | total time: 540.25m | eta: 280.1m
step 01664/02520 (66.03%) | loss: 2.973292 | lrm: 0.55 | dt: 18522.59ms | tok/sec: 28,305 | bf16_mfu: 0.00 | epoch: 1 pq: 19 rg: 48 | total time: 540.56m | eta: 279.8m
step 01665/02520 (66.07%) | loss: 2.953633 | lrm: 0.55 | dt: 18591.75ms | tok/sec: 28,200 | bf16_mfu: 0.00 | epoch: 1 pq: 19 rg: 49 | total time: 540.87m | eta: 279.4m
step 01666/02520 (66.11%) | loss: 2.942960 | lrm: 0.55 | dt: 20979.97ms | tok/sec: 24,989 | bf16_mfu: 0.00 | epoch: 1 pq: 19 rg: 50 | total time: 541.22m | eta: 279.1m
step 01667/02520 (66.15%) | loss: 2.923672 | lrm: 0.54 | dt: 18391.58ms | tok/sec: 28,506 | bf16_mfu: 0.00 | epoch: 1 pq: 19 rg: 51 | total time: 541.53m | eta: 278.8m
step 01668/02520 (66.19%) | loss: 2.927468 | lrm: 0.54 | dt: 18666.53ms | tok/sec: 28,087 | bf16_mfu: 0.00 | epoch: 1 pq: 19 rg: 52 | total time: 541.84m | eta: 278.4m
step 01669/02520 (66.23%) | loss: 2.920477 | lrm: 0.54 | dt: 20914.21ms | tok/sec: 25,068 | bf16_mfu: 0.00 | epoch: 1 pq: 19 rg: 53 | total time: 542.19m | eta: 278.1m
step 01670/02520 (66.27%) | loss: 2.941585 | lrm: 0.54 | dt: 20643.65ms | tok/sec: 25,397 | bf16_mfu: 0.00 | epoch: 1 pq: 19 rg: 54 | total time: 542.53m | eta: 277.8m
step 01671/02520 (66.31%) | loss: 2.941375 | lrm: 0.54 | dt: 17341.26ms | tok/sec: 30,233 | bf16_mfu: 0.00 | epoch: 1 pq: 19 rg: 55 | total time: 542.82m | eta: 277.5m
step 01672/02520 (66.35%) | loss: 2.934451 | lrm: 0.54 | dt: 18870.68ms | tok/sec: 27,783 | bf16_mfu: 0.00 | epoch: 1 pq: 19 rg: 56 | total time: 543.14m | eta: 277.1m
step 01673/02520 (66.39%) | loss: 2.942685 | lrm: 0.54 | dt: 20816.58ms | tok/sec: 25,186 | bf16_mfu: 0.00 | epoch: 1 pq: 19 rg: 57 | total time: 543.48m | eta: 276.8m
step 01674/02520 (66.43%) | loss: 2.954135 | lrm: 0.54 | dt: 18575.49ms | tok/sec: 28,224 | bf16_mfu: 0.00 | epoch: 1 pq: 19 rg: 58 | total time: 543.79m | eta: 276.5m
step 01675/02520 (66.47%) | loss: 2.964969 | lrm: 0.54 | dt: 18603.58ms | tok/sec: 28,182 | bf16_mfu: 0.00 | epoch: 1 pq: 19 rg: 59 | total time: 544.10m | eta: 276.1m
step 01676/02520 (66.51%) | loss: 2.958372 | lrm: 0.54 | dt: 20813.85ms | tok/sec: 25,189 | bf16_mfu: 0.00 | epoch: 1 pq: 19 rg: 60 | total time: 544.45m | eta: 275.8m
step 01677/02520 (66.55%) | loss: 2.945045 | lrm: 0.54 | dt: 18578.40ms | tok/sec: 28,220 | bf16_mfu: 0.00 | epoch: 1 pq: 19 rg: 61 | total time: 544.76m | eta: 275.5m
step 01678/02520 (66.59%) | loss: 2.959885 | lrm: 0.54 | dt: 18565.98ms | tok/sec: 28,239 | bf16_mfu: 0.00 | epoch: 1 pq: 19 rg: 62 | total time: 545.07m | eta: 275.1m
step 01679/02520 (66.63%) | loss: 2.949977 | lrm: 0.54 | dt: 20738.79ms | tok/sec: 25,280 | bf16_mfu: 0.00 | epoch: 1 pq: 19 rg: 63 | total time: 545.41m | eta: 274.8m
step 01680/02520 (66.67%) | loss: 2.944506 | lrm: 0.54 | dt: 18668.87ms | tok/sec: 28,083 | bf16_mfu: 0.00 | epoch: 1 pq: 19 rg: 64 | total time: 545.73m | eta: 274.5m
step 01681/02520 (66.71%) | loss: 2.953506 | lrm: 0.54 | dt: 18678.35ms | tok/sec: 28,069 | bf16_mfu: 0.00 | epoch: 1 pq: 19 rg: 65 | total time: 546.04m | eta: 274.2m
step 01682/02520 (66.75%) | loss: 2.957396 | lrm: 0.54 | dt: 20921.94ms | tok/sec: 25,059 | bf16_mfu: 0.00 | epoch: 1 pq: 19 rg: 66 | total time: 546.39m | eta: 273.8m
step 01683/02520 (66.79%) | loss: 2.952932 | lrm: 0.54 | dt: 18413.64ms | tok/sec: 28,472 | bf16_mfu: 0.00 | epoch: 1 pq: 19 rg: 67 | total time: 546.69m | eta: 273.5m
step 01684/02520 (66.83%) | loss: 2.969824 | lrm: 0.53 | dt: 20815.65ms | tok/sec: 25,187 | bf16_mfu: 0.00 | epoch: 1 pq: 19 rg: 68 | total time: 547.04m | eta: 273.2m
step 01685/02520 (66.87%) | loss: 2.984490 | lrm: 0.53 | dt: 18779.44ms | tok/sec: 27,918 | bf16_mfu: 0.00 | epoch: 1 pq: 19 rg: 69 | total time: 547.35m | eta: 272.9m
step 01686/02520 (66.90%) | loss: 3.005051 | lrm: 0.53 | dt: 18445.53ms | tok/sec: 28,423 | bf16_mfu: 0.00 | epoch: 1 pq: 19 rg: 70 | total time: 547.66m | eta: 272.5m
step 01687/02520 (66.94%) | loss: 2.984819 | lrm: 0.53 | dt: 20823.31ms | tok/sec: 25,177 | bf16_mfu: 0.00 | epoch: 1 pq: 19 rg: 71 | total time: 548.01m | eta: 272.2m
step 01688/02520 (66.98%) | loss: 2.974716 | lrm: 0.53 | dt: 18630.77ms | tok/sec: 28,140 | bf16_mfu: 0.00 | epoch: 1 pq: 19 rg: 72 | total time: 548.32m | eta: 271.9m
step 01689/02520 (67.02%) | loss: 2.984544 | lrm: 0.53 | dt: 18551.13ms | tok/sec: 28,261 | bf16_mfu: 0.00 | epoch: 1 pq: 19 rg: 73 | total time: 548.63m | eta: 271.5m
step 01690/02520 (67.06%) | loss: 2.980815 | lrm: 0.53 | dt: 20824.81ms | tok/sec: 25,176 | bf16_mfu: 0.00 | epoch: 1 pq: 19 rg: 74 | total time: 548.97m | eta: 271.2m
step 01691/02520 (67.10%) | loss: 2.966733 | lrm: 0.53 | dt: 18629.96ms | tok/sec: 28,142 | bf16_mfu: 0.00 | epoch: 1 pq: 19 rg: 74 | total time: 549.28m | eta: 270.9m
step 01692/02520 (67.14%) | loss: 2.963014 | lrm: 0.53 | dt: 18580.10ms | tok/sec: 28,217 | bf16_mfu: 0.00 | epoch: 1 pq: 19 rg: 75 | total time: 549.59m | eta: 270.5m
step 01693/02520 (67.18%) | loss: 2.964855 | lrm: 0.53 | dt: 20811.70ms | tok/sec: 25,191 | bf16_mfu: 0.00 | epoch: 1 pq: 19 rg: 76 | total time: 549.94m | eta: 270.2m
step 01694/02520 (67.22%) | loss: 2.938520 | lrm: 0.53 | dt: 18636.67ms | tok/sec: 28,132 | bf16_mfu: 0.00 | epoch: 1 pq: 19 rg: 77 | total time: 550.25m | eta: 269.9m
step 01695/02520 (67.26%) | loss: 2.935640 | lrm: 0.53 | dt: 18589.64ms | tok/sec: 28,203 | bf16_mfu: 0.00 | epoch: 1 pq: 19 rg: 78 | total time: 550.56m | eta: 269.6m
step 01696/02520 (67.30%) | loss: 2.973220 | lrm: 0.53 | dt: 20861.51ms | tok/sec: 25,131 | bf16_mfu: 0.00 | epoch: 1 pq: 19 rg: 79 | total time: 550.91m | eta: 269.2m
step 01697/02520 (67.34%) | loss: 2.958225 | lrm: 0.53 | dt: 18484.80ms | tok/sec: 28,363 | bf16_mfu: 0.00 | epoch: 1 pq: 19 rg: 80 | total time: 551.22m | eta: 268.9m
step 01698/02520 (67.38%) | loss: 2.954700 | lrm: 0.53 | dt: 20888.19ms | tok/sec: 25,099 | bf16_mfu: 0.00 | epoch: 1 pq: 19 rg: 81 | total time: 551.56m | eta: 268.6m
step 01699/02520 (67.42%) | loss: 2.966315 | lrm: 0.53 | dt: 18599.50ms | tok/sec: 28,188 | bf16_mfu: 0.00 | epoch: 1 pq: 20 rg: 0 | total time: 551.87m | eta: 268.3m
step 01700/02520 (67.46%) | loss: 2.978967 | lrm: 0.53 | dt: 18583.41ms | tok/sec: 28,212 | bf16_mfu: 0.00 | epoch: 1 pq: 20 rg: 1 | total time: 552.18m | eta: 267.9m
step 01701/02520 (67.50%) | loss: 2.982927 | lrm: 0.53 | dt: 20930.73ms | tok/sec: 25,048 | bf16_mfu: 0.00 | epoch: 1 pq: 20 rg: 2 | total time: 552.53m | eta: 267.6m
step 01702/02520 (67.54%) | loss: 2.975557 | lrm: 0.52 | dt: 18487.40ms | tok/sec: 28,359 | bf16_mfu: 0.00 | epoch: 1 pq: 20 rg: 3 | total time: 552.84m | eta: 267.3m
step 01703/02520 (67.58%) | loss: 2.965775 | lrm: 0.52 | dt: 18611.26ms | tok/sec: 28,170 | bf16_mfu: 0.00 | epoch: 1 pq: 20 rg: 4 | total time: 553.15m | eta: 266.9m
step 01704/02520 (67.62%) | loss: 2.938346 | lrm: 0.52 | dt: 20949.90ms | tok/sec: 25,025 | bf16_mfu: 0.00 | epoch: 1 pq: 20 rg: 5 | total time: 553.50m | eta: 266.6m
step 01705/02520 (67.66%) | loss: 2.940355 | lrm: 0.52 | dt: 18454.66ms | tok/sec: 28,409 | bf16_mfu: 0.00 | epoch: 1 pq: 20 rg: 6 | total time: 553.81m | eta: 266.3m
step 01706/02520 (67.70%) | loss: 2.912904 | lrm: 0.52 | dt: 18631.89ms | tok/sec: 28,139 | bf16_mfu: 0.00 | epoch: 1 pq: 20 rg: 7 | total time: 554.12m | eta: 266.0m
step 01707/02520 (67.74%) | loss: 2.902881 | lrm: 0.52 | dt: 20859.84ms | tok/sec: 25,133 | bf16_mfu: 0.00 | epoch: 1 pq: 20 rg: 8 | total time: 554.47m | eta: 265.6m
step 01708/02520 (67.78%) | loss: 2.891080 | lrm: 0.52 | dt: 18521.40ms | tok/sec: 28,307 | bf16_mfu: 0.00 | epoch: 1 pq: 20 rg: 9 | total time: 554.78m | eta: 265.3m
step 01709/02520 (67.82%) | loss: 2.874261 | lrm: 0.52 | dt: 18632.03ms | tok/sec: 28,139 | bf16_mfu: 0.00 | epoch: 1 pq: 20 rg: 10 | total time: 555.09m | eta: 265.0m
step 01710/02520 (67.86%) | loss: 2.893380 | lrm: 0.52 | dt: 20886.15ms | tok/sec: 25,102 | bf16_mfu: 0.00 | epoch: 1 pq: 20 rg: 11 | total time: 555.43m | eta: 264.6m
step 01711/02520 (67.90%) | loss: 2.902063 | lrm: 0.52 | dt: 18471.70ms | tok/sec: 28,383 | bf16_mfu: 0.00 | epoch: 1 pq: 20 rg: 12 | total time: 555.74m | eta: 264.3m
step 01712/02520 (67.94%) | loss: 2.915189 | lrm: 0.52 | dt: 18657.84ms | tok/sec: 28,100 | bf16_mfu: 0.00 | epoch: 1 pq: 20 rg: 13 | total time: 556.05m | eta: 264.0m
step 01713/02520 (67.98%) | loss: 2.930782 | lrm: 0.52 | dt: 20817.12ms | tok/sec: 25,185 | bf16_mfu: 0.00 | epoch: 1 pq: 20 rg: 14 | total time: 556.40m | eta: 263.7m
step 01714/02520 (68.02%) | loss: 2.918940 | lrm: 0.52 | dt: 18567.15ms | tok/sec: 28,237 | bf16_mfu: 0.00 | epoch: 1 pq: 20 rg: 15 | total time: 556.71m | eta: 263.3m
step 01715/02520 (68.06%) | loss: 2.898246 | lrm: 0.52 | dt: 20867.88ms | tok/sec: 25,124 | bf16_mfu: 0.00 | epoch: 1 pq: 20 rg: 16 | total time: 557.06m | eta: 263.0m
step 01716/02520 (68.10%) | loss: 2.885939 | lrm: 0.52 | dt: 18590.69ms | tok/sec: 28,201 | bf16_mfu: 0.00 | epoch: 1 pq: 20 rg: 17 | total time: 557.37m | eta: 262.7m
step 01717/02520 (68.13%) | loss: 2.891232 | lrm: 0.52 | dt: 18549.80ms | tok/sec: 28,263 | bf16_mfu: 0.00 | epoch: 1 pq: 20 rg: 17 | total time: 557.68m | eta: 262.3m
step 01718/02520 (68.17%) | loss: 2.900990 | lrm: 0.52 | dt: 20845.72ms | tok/sec: 25,150 | bf16_mfu: 0.00 | epoch: 1 pq: 20 rg: 18 | total time: 558.02m | eta: 262.0m
step 01719/02520 (68.21%) | loss: 2.882699 | lrm: 0.51 | dt: 18536.48ms | tok/sec: 28,284 | bf16_mfu: 0.00 | epoch: 1 pq: 20 rg: 19 | total time: 558.33m | eta: 261.7m
step 01720/02520 (68.25%) | loss: 2.868650 | lrm: 0.51 | dt: 18628.56ms | tok/sec: 28,144 | bf16_mfu: 0.00 | epoch: 1 pq: 20 rg: 20 | total time: 558.64m | eta: 261.4m
step 01721/02520 (68.29%) | loss: 2.867868 | lrm: 0.51 | dt: 20857.61ms | tok/sec: 25,136 | bf16_mfu: 0.00 | epoch: 1 pq: 20 rg: 21 | total time: 558.99m | eta: 261.0m
step 01722/02520 (68.33%) | loss: 2.885978 | lrm: 0.51 | dt: 18490.29ms | tok/sec: 28,354 | bf16_mfu: 0.00 | epoch: 1 pq: 20 rg: 22 | total time: 559.30m | eta: 260.7m
step 01723/02520 (68.37%) | loss: 2.884025 | lrm: 0.51 | dt: 18688.23ms | tok/sec: 28,054 | bf16_mfu: 0.00 | epoch: 1 pq: 20 rg: 23 | total time: 559.61m | eta: 260.4m
step 01724/02520 (68.41%) | loss: 2.885772 | lrm: 0.51 | dt: 20844.82ms | tok/sec: 25,151 | bf16_mfu: 0.00 | epoch: 1 pq: 20 rg: 24 | total time: 559.96m | eta: 260.1m
step 01725/02520 (68.45%) | loss: 2.874339 | lrm: 0.51 | dt: 18528.13ms | tok/sec: 28,296 | bf16_mfu: 0.00 | epoch: 1 pq: 20 rg: 25 | total time: 560.27m | eta: 259.7m
step 01726/02520 (68.49%) | loss: 2.894544 | lrm: 0.51 | dt: 18655.36ms | tok/sec: 28,103 | bf16_mfu: 0.00 | epoch: 1 pq: 20 rg: 26 | total time: 560.58m | eta: 259.4m
step 01727/02520 (68.53%) | loss: 2.903883 | lrm: 0.51 | dt: 20857.30ms | tok/sec: 25,136 | bf16_mfu: 0.00 | epoch: 1 pq: 20 rg: 27 | total time: 560.92m | eta: 259.1m
step 01728/02520 (68.57%) | loss: 2.923172 | lrm: 0.51 | dt: 18511.68ms | tok/sec: 28,322 | bf16_mfu: 0.00 | epoch: 1 pq: 20 rg: 28 | total time: 561.23m | eta: 258.7m
step 01729/02520 (68.61%) | loss: 2.945425 | lrm: 0.51 | dt: 18658.08ms | tok/sec: 28,099 | bf16_mfu: 0.00 | epoch: 1 pq: 20 rg: 29 | total time: 561.54m | eta: 258.4m
step 01730/02520 (68.65%) | loss: 2.942351 | lrm: 0.51 | dt: 20858.29ms | tok/sec: 25,135 | bf16_mfu: 0.00 | epoch: 1 pq: 20 rg: 30 | total time: 561.89m | eta: 258.1m
step 01731/02520 (68.69%) | loss: 2.945600 | lrm: 0.51 | dt: 18499.58ms | tok/sec: 28,340 | bf16_mfu: 0.00 | epoch: 1 pq: 20 rg: 31 | total time: 562.20m | eta: 257.7m
step 01732/02520 (68.73%) | loss: 2.939387 | lrm: 0.51 | dt: 20939.17ms | tok/sec: 25,038 | bf16_mfu: 0.00 | epoch: 1 pq: 20 rg: 32 | total time: 562.55m | eta: 257.4m
step 01733/02520 (68.77%) | loss: 2.901659 | lrm: 0.51 | dt: 18607.79ms | tok/sec: 28,175 | bf16_mfu: 0.00 | epoch: 1 pq: 20 rg: 33 | total time: 562.86m | eta: 257.1m
step 01734/02520 (68.81%) | loss: 2.908750 | lrm: 0.51 | dt: 18484.27ms | tok/sec: 28,364 | bf16_mfu: 0.00 | epoch: 1 pq: 20 rg: 34 | total time: 563.17m | eta: 256.8m
step 01735/02520 (68.85%) | loss: 2.912011 | lrm: 0.51 | dt: 20874.36ms | tok/sec: 25,116 | bf16_mfu: 0.00 | epoch: 1 pq: 20 rg: 35 | total time: 563.52m | eta: 256.4m
step 01736/02520 (68.89%) | loss: 2.912836 | lrm: 0.50 | dt: 18641.71ms | tok/sec: 28,124 | bf16_mfu: 0.00 | epoch: 1 pq: 20 rg: 36 | total time: 563.83m | eta: 256.1m
step 01737/02520 (68.93%) | loss: 2.925503 | lrm: 0.50 | dt: 18519.43ms | tok/sec: 28,310 | bf16_mfu: 0.00 | epoch: 1 pq: 20 rg: 37 | total time: 564.13m | eta: 255.8m
step 01738/02520 (68.97%) | loss: 2.939045 | lrm: 0.50 | dt: 20869.47ms | tok/sec: 25,122 | bf16_mfu: 0.00 | epoch: 1 pq: 20 rg: 38 | total time: 564.48m | eta: 255.5m
step 01739/02520 (69.01%) | loss: 2.946797 | lrm: 0.50 | dt: 18569.99ms | tok/sec: 28,233 | bf16_mfu: 0.00 | epoch: 1 pq: 20 rg: 39 | total time: 564.79m | eta: 255.1m
step 01740/02520 (69.05%) | loss: 2.977913 | lrm: 0.50 | dt: 18588.48ms | tok/sec: 28,204 | bf16_mfu: 0.00 | epoch: 1 pq: 20 rg: 40 | total time: 565.10m | eta: 254.8m
step 01741/02520 (69.09%) | loss: 2.978083 | lrm: 0.50 | dt: 20868.44ms | tok/sec: 25,123 | bf16_mfu: 0.00 | epoch: 1 pq: 20 rg: 41 | total time: 565.45m | eta: 254.5m
step 01742/02520 (69.13%) | loss: 2.964657 | lrm: 0.50 | dt: 18495.03ms | tok/sec: 28,347 | bf16_mfu: 0.00 | epoch: 1 pq: 20 rg: 42 | total time: 565.76m | eta: 254.1m
step 01743/02520 (69.17%) | loss: 2.946529 | lrm: 0.50 | dt: 18664.68ms | tok/sec: 28,089 | bf16_mfu: 0.00 | epoch: 1 pq: 20 rg: 43 | total time: 566.07m | eta: 253.8m
step 01744/02520 (69.21%) | loss: 2.960174 | lrm: 0.50 | dt: 20800.50ms | tok/sec: 25,205 | bf16_mfu: 0.00 | epoch: 1 pq: 20 rg: 44 | total time: 566.42m | eta: 253.5m
step 01745/02520 (69.25%) | loss: 2.960518 | lrm: 0.50 | dt: 18552.41ms | tok/sec: 28,259 | bf16_mfu: 0.00 | epoch: 1 pq: 20 rg: 45 | total time: 566.72m | eta: 253.1m
step 01746/02520 (69.29%) | loss: 2.959336 | lrm: 0.50 | dt: 20910.96ms | tok/sec: 25,072 | bf16_mfu: 0.00 | epoch: 1 pq: 20 rg: 46 | total time: 567.07m | eta: 252.8m
step 01747/02520 (69.33%) | loss: 2.954218 | lrm: 0.50 | dt: 18549.72ms | tok/sec: 28,263 | bf16_mfu: 0.00 | epoch: 1 pq: 20 rg: 47 | total time: 567.38m | eta: 252.5m
step 01748/02520 (69.37%) | loss: 2.958603 | lrm: 0.50 | dt: 18574.28ms | tok/sec: 28,226 | bf16_mfu: 0.00 | epoch: 1 pq: 20 rg: 48 | total time: 567.69m | eta: 252.2m
step 01749/02520 (69.40%) | loss: 2.943493 | lrm: 0.50 | dt: 20883.53ms | tok/sec: 25,105 | bf16_mfu: 0.00 | epoch: 1 pq: 20 rg: 49 | total time: 568.04m | eta: 251.8m
2026-09-25 04:37:06,582 - nanochat.checkpoint_manager - [32m[1mINFO[0m - Saved model parameters to: /home/wesley/.cache/nanochat/base_checkpoints/d12/model_001750.pt
2026-09-25 04:37:06,582 - nanochat.checkpoint_manager - [32m[1mINFO[0m - Saved metadata to: /home/wesley/.cache/nanochat/base_checkpoints/d12/meta_001750.json
2026-09-25 04:37:06,120 - nanochat.checkpoint_manager - [32m[1mINFO[0m - Saved optimizer state to: /home/wesley/.cache/nanochat/base_checkpoints/d12/optim_001750_rank0.pt
step 01750/02520 (69.44%) | loss: 2.945594 | lrm: 0.50 | dt: 20966.39ms | tok/sec: 25,006 | bf16_mfu: 0.00 | epoch: 1 pq: 20 rg: 50 | total time: 568.39m | eta: 251.5m
step 01751/02520 (69.48%) | loss: 2.916007 | lrm: 0.50 | dt: 18429.42ms | tok/sec: 28,448 | bf16_mfu: 0.00 | epoch: 1 pq: 20 rg: 51 | total time: 568.70m | eta: 251.2m
step 01752/02520 (69.52%) | loss: 2.911574 | lrm: 0.50 | dt: 20970.09ms | tok/sec: 25,001 | bf16_mfu: 0.00 | epoch: 1 pq: 20 rg: 52 | total time: 569.05m | eta: 250.9m
step 01753/02520 (69.56%) | loss: 2.895357 | lrm: 0.49 | dt: 18508.55ms | tok/sec: 28,326 | bf16_mfu: 0.00 | epoch: 1 pq: 20 rg: 53 | total time: 569.35m | eta: 250.5m
step 01754/02520 (69.60%) | loss: 2.897528 | lrm: 0.49 | dt: 18567.64ms | tok/sec: 28,236 | bf16_mfu: 0.00 | epoch: 1 pq: 20 rg: 54 | total time: 569.66m | eta: 250.2m
step 01755/02520 (69.64%) | loss: 2.900978 | lrm: 0.49 | dt: 21003.33ms | tok/sec: 24,962 | bf16_mfu: 0.00 | epoch: 1 pq: 20 rg: 55 | total time: 570.01m | eta: 249.9m
step 01756/02520 (69.68%) | loss: 2.896247 | lrm: 0.49 | dt: 18459.75ms | tok/sec: 28,401 | bf16_mfu: 0.00 | epoch: 1 pq: 20 rg: 56 | total time: 570.32m | eta: 249.6m
step 01757/02520 (69.72%) | loss: 2.881021 | lrm: 0.49 | dt: 18593.03ms | tok/sec: 28,198 | bf16_mfu: 0.00 | epoch: 1 pq: 20 rg: 57 | total time: 570.63m | eta: 249.2m
step 01758/02520 (69.76%) | loss: 2.894588 | lrm: 0.49 | dt: 21008.85ms | tok/sec: 24,955 | bf16_mfu: 0.00 | epoch: 1 pq: 20 rg: 58 | total time: 570.98m | eta: 248.9m
step 01759/02520 (69.80%) | loss: 2.910356 | lrm: 0.49 | dt: 18404.78ms | tok/sec: 28,486 | bf16_mfu: 0.00 | epoch: 1 pq: 20 rg: 59 | total time: 571.29m | eta: 248.6m
step 01760/02520 (69.84%) | loss: 2.919932 | lrm: 0.49 | dt: 18622.95ms | tok/sec: 28,152 | bf16_mfu: 0.00 | epoch: 1 pq: 20 rg: 60 | total time: 571.60m | eta: 248.2m
step 01761/02520 (69.88%) | loss: 2.907983 | lrm: 0.49 | dt: 20996.80ms | tok/sec: 24,969 | bf16_mfu: 0.00 | epoch: 1 pq: 20 rg: 60 | total time: 571.95m | eta: 247.9m
step 01762/02520 (69.92%) | loss: 2.882487 | lrm: 0.49 | dt: 18412.09ms | tok/sec: 28,475 | bf16_mfu: 0.00 | epoch: 1 pq: 20 rg: 61 | total time: 572.26m | eta: 247.6m
step 01763/02520 (69.96%) | loss: 2.880084 | lrm: 0.49 | dt: 18626.99ms | tok/sec: 28,146 | bf16_mfu: 0.00 | epoch: 1 pq: 20 rg: 62 | total time: 572.57m | eta: 247.3m
step 01764/02520 (70.00%) | loss: 2.874673 | lrm: 0.49 | dt: 20957.01ms | tok/sec: 25,017 | bf16_mfu: 0.00 | epoch: 1 pq: 20 rg: 63 | total time: 572.92m | eta: 246.9m
step 01765/02520 (70.04%) | loss: 2.871058 | lrm: 0.49 | dt: 18417.54ms | tok/sec: 28,466 | bf16_mfu: 0.00 | epoch: 1 pq: 20 rg: 64 | total time: 573.22m | eta: 246.6m
step 01766/02520 (70.08%) | loss: 2.877583 | lrm: 0.49 | dt: 18685.97ms | tok/sec: 28,057 | bf16_mfu: 0.00 | epoch: 1 pq: 20 rg: 65 | total time: 573.53m | eta: 246.3m
step 01767/02520 (70.12%) | loss: 2.888299 | lrm: 0.49 | dt: 20958.74ms | tok/sec: 25,015 | bf16_mfu: 0.00 | epoch: 1 pq: 20 rg: 66 | total time: 573.88m | eta: 246.0m
step 01768/02520 (70.16%) | loss: 2.899092 | lrm: 0.49 | dt: 18399.42ms | tok/sec: 28,494 | bf16_mfu: 0.00 | epoch: 1 pq: 20 rg: 67 | total time: 574.19m | eta: 245.6m
step 01769/02520 (70.20%) | loss: 2.895158 | lrm: 0.49 | dt: 20919.79ms | tok/sec: 25,061 | bf16_mfu: 0.00 | epoch: 1 pq: 20 rg: 68 | total time: 574.54m | eta: 245.3m
step 01770/02520 (70.24%) | loss: 2.879814 | lrm: 0.48 | dt: 18699.19ms | tok/sec: 28,038 | bf16_mfu: 0.00 | epoch: 1 pq: 20 rg: 69 | total time: 574.85m | eta: 245.0m
step 01771/02520 (70.28%) | loss: 2.878992 | lrm: 0.48 | dt: 18430.43ms | tok/sec: 28,446 | bf16_mfu: 0.00 | epoch: 1 pq: 20 rg: 70 | total time: 575.16m | eta: 244.6m
step 01772/02520 (70.32%) | loss: 2.905951 | lrm: 0.48 | dt: 20921.26ms | tok/sec: 25,060 | bf16_mfu: 0.00 | epoch: 1 pq: 20 rg: 71 | total time: 575.51m | eta: 244.3m
step 01773/02520 (70.36%) | loss: 2.901973 | lrm: 0.48 | dt: 18646.67ms | tok/sec: 28,116 | bf16_mfu: 0.00 | epoch: 1 pq: 20 rg: 72 | total time: 575.82m | eta: 244.0m
step 01774/02520 (70.40%) | loss: 2.885627 | lrm: 0.48 | dt: 18482.56ms | tok/sec: 28,366 | bf16_mfu: 0.00 | epoch: 1 pq: 20 rg: 73 | total time: 576.13m | eta: 243.6m
step 01775/02520 (70.44%) | loss: 2.883324 | lrm: 0.48 | dt: 20918.54ms | tok/sec: 25,063 | bf16_mfu: 0.00 | epoch: 1 pq: 20 rg: 74 | total time: 576.47m | eta: 243.3m
step 01776/02520 (70.48%) | loss: 2.896705 | lrm: 0.48 | dt: 18580.61ms | tok/sec: 28,216 | bf16_mfu: 0.00 | epoch: 1 pq: 20 rg: 75 | total time: 576.78m | eta: 243.0m
step 01777/02520 (70.52%) | loss: 2.891839 | lrm: 0.48 | dt: 18531.49ms | tok/sec: 28,291 | bf16_mfu: 0.00 | epoch: 1 pq: 20 rg: 76 | total time: 577.09m | eta: 242.7m
step 01778/02520 (70.56%) | loss: 2.871430 | lrm: 0.48 | dt: 20898.36ms | tok/sec: 25,087 | bf16_mfu: 0.00 | epoch: 1 pq: 20 rg: 77 | total time: 577.44m | eta: 242.3m
step 01779/02520 (70.60%) | loss: 2.888832 | lrm: 0.48 | dt: 18546.38ms | tok/sec: 28,269 | bf16_mfu: 0.00 | epoch: 1 pq: 20 rg: 78 | total time: 577.75m | eta: 242.0m
step 01780/02520 (70.63%) | loss: 2.910762 | lrm: 0.48 | dt: 18581.28ms | tok/sec: 28,215 | bf16_mfu: 0.00 | epoch: 1 pq: 20 rg: 79 | total time: 578.06m | eta: 241.7m
step 01781/02520 (70.67%) | loss: 2.902394 | lrm: 0.48 | dt: 20851.17ms | tok/sec: 25,144 | bf16_mfu: 0.00 | epoch: 1 pq: 20 rg: 80 | total time: 578.41m | eta: 241.4m
step 01782/02520 (70.71%) | loss: 2.888905 | lrm: 0.48 | dt: 18527.56ms | tok/sec: 28,297 | bf16_mfu: 0.00 | epoch: 1 pq: 20 rg: 81 | total time: 578.72m | eta: 241.0m
step 01783/02520 (70.75%) | loss: 2.886592 | lrm: 0.48 | dt: 18652.36ms | tok/sec: 28,108 | bf16_mfu: 0.00 | epoch: 1 pq: 20 rg: 82 | total time: 579.03m | eta: 240.7m
step 01784/02520 (70.79%) | loss: 2.901543 | lrm: 0.48 | dt: 20817.27ms | tok/sec: 25,185 | bf16_mfu: 0.00 | epoch: 1 pq: 20 rg: 83 | total time: 579.37m | eta: 240.4m
step 01785/02520 (70.83%) | loss: 2.868612 | lrm: 0.48 | dt: 18593.64ms | tok/sec: 28,197 | bf16_mfu: 0.00 | epoch: 1 pq: 21 rg: 0 | total time: 579.68m | eta: 240.0m
step 01786/02520 (70.87%) | loss: 2.854715 | lrm: 0.48 | dt: 20919.54ms | tok/sec: 25,062 | bf16_mfu: 0.00 | epoch: 1 pq: 21 rg: 1 | total time: 580.03m | eta: 239.7m
step 01787/02520 (70.91%) | loss: 2.858104 | lrm: 0.48 | dt: 18516.24ms | tok/sec: 28,315 | bf16_mfu: 0.00 | epoch: 1 pq: 21 rg: 2 | total time: 580.34m | eta: 239.4m
step 01788/02520 (70.95%) | loss: 2.856052 | lrm: 0.47 | dt: 18591.93ms | tok/sec: 28,199 | bf16_mfu: 0.00 | epoch: 1 pq: 21 rg: 3 | total time: 580.65m | eta: 239.1m
step 01789/02520 (70.99%) | loss: 2.861533 | lrm: 0.47 | dt: 20912.55ms | tok/sec: 25,070 | bf16_mfu: 0.00 | epoch: 1 pq: 21 rg: 4 | total time: 581.00m | eta: 238.7m
step 01790/02520 (71.03%) | loss: 2.854691 | lrm: 0.47 | dt: 18494.59ms | tok/sec: 28,348 | bf16_mfu: 0.00 | epoch: 1 pq: 21 rg: 5 | total time: 581.31m | eta: 238.4m
step 01791/02520 (71.07%) | loss: 2.864713 | lrm: 0.47 | dt: 18617.70ms | tok/sec: 28,160 | bf16_mfu: 0.00 | epoch: 1 pq: 21 rg: 6 | total time: 581.62m | eta: 238.1m
step 01792/02520 (71.11%) | loss: 2.880279 | lrm: 0.47 | dt: 20923.32ms | tok/sec: 25,057 | bf16_mfu: 0.00 | epoch: 1 pq: 21 rg: 7 | total time: 581.97m | eta: 237.8m
step 01793/02520 (71.15%) | loss: 2.895103 | lrm: 0.47 | dt: 18447.22ms | tok/sec: 28,420 | bf16_mfu: 0.00 | epoch: 1 pq: 21 rg: 8 | total time: 582.27m | eta: 237.4m
step 01794/02520 (71.19%) | loss: 2.921828 | lrm: 0.47 | dt: 18665.98ms | tok/sec: 28,087 | bf16_mfu: 0.00 | epoch: 1 pq: 21 rg: 9 | total time: 582.58m | eta: 237.1m
step 01795/02520 (71.23%) | loss: 2.903402 | lrm: 0.47 | dt: 20898.37ms | tok/sec: 25,087 | bf16_mfu: 0.00 | epoch: 1 pq: 21 rg: 10 | total time: 582.93m | eta: 236.8m
step 01796/02520 (71.27%) | loss: 2.908317 | lrm: 0.47 | dt: 18494.67ms | tok/sec: 28,348 | bf16_mfu: 0.00 | epoch: 1 pq: 21 rg: 11 | total time: 583.24m | eta: 236.4m
step 01797/02520 (71.31%) | loss: 2.890171 | lrm: 0.47 | dt: 18623.92ms | tok/sec: 28,151 | bf16_mfu: 0.00 | epoch: 1 pq: 21 rg: 11 | total time: 583.55m | eta: 236.1m
step 01798/02520 (71.35%) | loss: 2.909238 | lrm: 0.47 | dt: 20888.03ms | tok/sec: 25,099 | bf16_mfu: 0.00 | epoch: 1 pq: 21 rg: 13 | total time: 583.90m | eta: 235.8m
step 01799/02520 (71.39%) | loss: 2.924806 | lrm: 0.47 | dt: 18531.30ms | tok/sec: 28,292 | bf16_mfu: 0.00 | epoch: 1 pq: 21 rg: 14 | total time: 584.21m | eta: 235.4m
step 01800/02520 (71.43%) | loss: 2.906980 | lrm: 0.47 | dt: 18626.44ms | tok/sec: 28,147 | bf16_mfu: 0.00 | epoch: 1 pq: 21 rg: 14 | total time: 584.52m | eta: 235.1m
step 01801/02520 (71.47%) | loss: 2.910926 | lrm: 0.47 | dt: 20864.85ms | tok/sec: 25,127 | bf16_mfu: 0.00 | epoch: 1 pq: 21 rg: 15 | total time: 584.87m | eta: 234.8m
step 01802/02520 (71.51%) | loss: 2.943646 | lrm: 0.47 | dt: 18492.10ms | tok/sec: 28,351 | bf16_mfu: 0.00 | epoch: 1 pq: 21 rg: 16 | total time: 585.18m | eta: 234.5m
step 01803/02520 (71.55%) | loss: 2.938910 | lrm: 0.47 | dt: 21008.03ms | tok/sec: 24,956 | bf16_mfu: 0.00 | epoch: 1 pq: 21 rg: 17 | total time: 585.53m | eta: 234.1m
step 01804/02520 (71.59%) | loss: 2.914830 | lrm: 0.47 | dt: 18514.13ms | tok/sec: 28,318 | bf16_mfu: 0.00 | epoch: 1 pq: 21 rg: 18 | total time: 585.83m | eta: 233.8m
step 01805/02520 (71.63%) | loss: 2.911559 | lrm: 0.46 | dt: 18530.18ms | tok/sec: 28,293 | bf16_mfu: 0.00 | epoch: 1 pq: 21 rg: 19 | total time: 586.14m | eta: 233.5m
step 01806/02520 (71.67%) | loss: 2.892055 | lrm: 0.46 | dt: 20986.95ms | tok/sec: 24,981 | bf16_mfu: 0.00 | epoch: 1 pq: 21 rg: 20 | total time: 586.49m | eta: 233.2m
step 01807/02520 (71.71%) | loss: 2.863820 | lrm: 0.46 | dt: 18493.17ms | tok/sec: 28,350 | bf16_mfu: 0.00 | epoch: 1 pq: 21 rg: 21 | total time: 586.80m | eta: 232.8m
step 01808/02520 (71.75%) | loss: 2.862863 | lrm: 0.46 | dt: 18598.27ms | tok/sec: 28,190 | bf16_mfu: 0.00 | epoch: 1 pq: 21 rg: 22 | total time: 587.11m | eta: 232.5m
step 01809/02520 (71.79%) | loss: 2.882774 | lrm: 0.46 | dt: 20918.52ms | tok/sec: 25,063 | bf16_mfu: 0.00 | epoch: 1 pq: 21 rg: 23 | total time: 587.46m | eta: 232.2m
step 01810/02520 (71.83%) | loss: 2.878556 | lrm: 0.46 | dt: 18518.43ms | tok/sec: 28,311 | bf16_mfu: 0.00 | epoch: 1 pq: 21 rg: 24 | total time: 587.77m | eta: 231.8m
step 01811/02520 (71.87%) | loss: 2.888781 | lrm: 0.46 | dt: 18595.32ms | tok/sec: 28,194 | bf16_mfu: 0.00 | epoch: 1 pq: 21 rg: 25 | total time: 588.08m | eta: 231.5m
step 01812/02520 (71.90%) | loss: 2.870087 | lrm: 0.46 | dt: 20913.98ms | tok/sec: 25,068 | bf16_mfu: 0.00 | epoch: 1 pq: 21 rg: 26 | total time: 588.43m | eta: 231.2m
step 01813/02520 (71.94%) | loss: 2.864498 | lrm: 0.46 | dt: 18489.00ms | tok/sec: 28,356 | bf16_mfu: 0.00 | epoch: 1 pq: 21 rg: 27 | total time: 588.73m | eta: 230.9m
step 01814/02520 (71.98%) | loss: 2.867527 | lrm: 0.46 | dt: 18625.09ms | tok/sec: 28,149 | bf16_mfu: 0.00 | epoch: 1 pq: 21 rg: 28 | total time: 589.05m | eta: 230.5m
step 01815/02520 (72.02%) | loss: 2.875564 | lrm: 0.46 | dt: 20922.56ms | tok/sec: 25,058 | bf16_mfu: 0.00 | epoch: 1 pq: 21 rg: 29 | total time: 589.39m | eta: 230.2m
step 01816/02520 (72.06%) | loss: 2.862581 | lrm: 0.46 | dt: 18478.02ms | tok/sec: 28,373 | bf16_mfu: 0.00 | epoch: 1 pq: 21 rg: 30 | total time: 589.70m | eta: 229.9m
step 01817/02520 (72.10%) | loss: 2.851437 | lrm: 0.46 | dt: 18618.26ms | tok/sec: 28,159 | bf16_mfu: 0.00 | epoch: 1 pq: 21 rg: 31 | total time: 590.01m | eta: 229.5m
step 01818/02520 (72.14%) | loss: 2.858055 | lrm: 0.46 | dt: 20932.50ms | tok/sec: 25,046 | bf16_mfu: 0.00 | epoch: 1 pq: 21 rg: 32 | total time: 590.36m | eta: 229.2m
step 01819/02520 (72.18%) | loss: 2.847805 | lrm: 0.46 | dt: 18469.30ms | tok/sec: 28,386 | bf16_mfu: 0.00 | epoch: 1 pq: 21 rg: 33 | total time: 590.67m | eta: 228.9m
step 01820/02520 (72.22%) | loss: 2.874745 | lrm: 0.46 | dt: 20925.71ms | tok/sec: 25,054 | bf16_mfu: 0.00 | epoch: 1 pq: 21 rg: 34 | total time: 591.02m | eta: 228.6m
step 01821/02520 (72.26%) | loss: 2.873121 | lrm: 0.46 | dt: 18644.94ms | tok/sec: 28,119 | bf16_mfu: 0.00 | epoch: 1 pq: 21 rg: 35 | total time: 591.33m | eta: 228.2m
step 01822/02520 (72.30%) | loss: 2.869961 | lrm: 0.45 | dt: 18464.98ms | tok/sec: 28,393 | bf16_mfu: 0.00 | epoch: 1 pq: 21 rg: 36 | total time: 591.64m | eta: 227.9m
step 01823/02520 (72.34%) | loss: 2.866423 | lrm: 0.45 | dt: 20926.25ms | tok/sec: 25,054 | bf16_mfu: 0.00 | epoch: 1 pq: 21 rg: 37 | total time: 591.98m | eta: 227.6m
step 01824/02520 (72.38%) | loss: 2.881637 | lrm: 0.45 | dt: 18606.13ms | tok/sec: 28,178 | bf16_mfu: 0.00 | epoch: 1 pq: 21 rg: 38 | total time: 592.29m | eta: 227.3m
step 01825/02520 (72.42%) | loss: 2.887709 | lrm: 0.45 | dt: 18492.06ms | tok/sec: 28,352 | bf16_mfu: 0.00 | epoch: 1 pq: 21 rg: 39 | total time: 592.60m | eta: 226.9m
step 01826/02520 (72.46%) | loss: 2.870704 | lrm: 0.45 | dt: 20908.94ms | tok/sec: 25,074 | bf16_mfu: 0.00 | epoch: 1 pq: 21 rg: 40 | total time: 592.95m | eta: 226.6m
step 01827/02520 (72.50%) | loss: 2.877303 | lrm: 0.45 | dt: 18564.65ms | tok/sec: 28,241 | bf16_mfu: 0.00 | epoch: 1 pq: 21 rg: 41 | total time: 593.26m | eta: 226.3m
step 01828/02520 (72.54%) | loss: 2.900520 | lrm: 0.45 | dt: 18555.65ms | tok/sec: 28,254 | bf16_mfu: 0.00 | epoch: 1 pq: 21 rg: 42 | total time: 593.57m | eta: 225.9m
step 01829/02520 (72.58%) | loss: 2.902166 | lrm: 0.45 | dt: 20889.34ms | tok/sec: 25,098 | bf16_mfu: 0.00 | epoch: 1 pq: 21 rg: 43 | total time: 593.92m | eta: 225.6m
step 01830/02520 (72.62%) | loss: 2.888007 | lrm: 0.45 | dt: 18543.48ms | tok/sec: 28,273 | bf16_mfu: 0.00 | epoch: 1 pq: 21 rg: 44 | total time: 594.23m | eta: 225.3m
step 01831/02520 (72.66%) | loss: 2.897272 | lrm: 0.45 | dt: 18607.94ms | tok/sec: 28,175 | bf16_mfu: 0.00 | epoch: 1 pq: 21 rg: 45 | total time: 594.54m | eta: 225.0m
step 01832/02520 (72.70%) | loss: 2.920669 | lrm: 0.45 | dt: 20841.64ms | tok/sec: 25,155 | bf16_mfu: 0.00 | epoch: 1 pq: 21 rg: 46 | total time: 594.88m | eta: 224.6m
step 01833/02520 (72.74%) | loss: 2.903427 | lrm: 0.45 | dt: 18573.38ms | tok/sec: 28,227 | bf16_mfu: 0.00 | epoch: 1 pq: 21 rg: 46 | total time: 595.19m | eta: 224.3m
step 01834/02520 (72.78%) | loss: 2.891265 | lrm: 0.45 | dt: 18610.08ms | tok/sec: 28,172 | bf16_mfu: 0.00 | epoch: 1 pq: 21 rg: 47 | total time: 595.50m | eta: 224.0m
step 01835/02520 (72.82%) | loss: 2.869501 | lrm: 0.45 | dt: 20805.19ms | tok/sec: 25,199 | bf16_mfu: 0.00 | epoch: 1 pq: 21 rg: 48 | total time: 595.85m | eta: 223.6m
step 01836/02520 (72.86%) | loss: 2.891688 | lrm: 0.45 | dt: 18606.87ms | tok/sec: 28,177 | bf16_mfu: 0.00 | epoch: 1 pq: 21 rg: 49 | total time: 596.16m | eta: 223.3m
step 01837/02520 (72.90%) | loss: 2.902271 | lrm: 0.45 | dt: 20986.21ms | tok/sec: 24,982 | bf16_mfu: 0.00 | epoch: 1 pq: 21 rg: 50 | total time: 596.51m | eta: 223.0m
step 01838/02520 (72.94%) | loss: 2.904112 | lrm: 0.45 | dt: 18477.11ms | tok/sec: 28,374 | bf16_mfu: 0.00 | epoch: 1 pq: 21 rg: 51 | total time: 596.82m | eta: 222.7m
step 01839/02520 (72.98%) | loss: 2.921257 | lrm: 0.44 | dt: 18547.75ms | tok/sec: 28,266 | bf16_mfu: 0.00 | epoch: 1 pq: 21 rg: 52 | total time: 597.13m | eta: 222.3m
step 01840/02520 (73.02%) | loss: 2.927694 | lrm: 0.44 | dt: 21001.13ms | tok/sec: 24,964 | bf16_mfu: 0.00 | epoch: 1 pq: 21 rg: 53 | total time: 597.48m | eta: 222.0m
step 01841/02520 (73.06%) | loss: 2.916471 | lrm: 0.44 | dt: 18462.37ms | tok/sec: 28,397 | bf16_mfu: 0.00 | epoch: 1 pq: 21 rg: 54 | total time: 597.79m | eta: 221.7m
step 01842/02520 (73.10%) | loss: 2.942866 | lrm: 0.44 | dt: 18587.09ms | tok/sec: 28,207 | bf16_mfu: 0.00 | epoch: 1 pq: 21 rg: 55 | total time: 598.10m | eta: 221.3m
step 01843/02520 (73.13%) | loss: 2.918907 | lrm: 0.44 | dt: 20971.16ms | tok/sec: 25,000 | bf16_mfu: 0.00 | epoch: 1 pq: 21 rg: 56 | total time: 598.45m | eta: 221.0m
step 01844/02520 (73.17%) | loss: 2.926936 | lrm: 0.44 | dt: 18513.54ms | tok/sec: 28,319 | bf16_mfu: 0.00 | epoch: 1 pq: 21 rg: 57 | total time: 598.75m | eta: 220.7m
step 01845/02520 (73.21%) | loss: 2.915626 | lrm: 0.44 | dt: 18528.16ms | tok/sec: 28,296 | bf16_mfu: 0.00 | epoch: 1 pq: 21 rg: 58 | total time: 599.06m | eta: 220.4m
step 01846/02520 (73.25%) | loss: 2.905707 | lrm: 0.44 | dt: 20955.25ms | tok/sec: 25,019 | bf16_mfu: 0.00 | epoch: 1 pq: 21 rg: 59 | total time: 599.41m | eta: 220.0m
step 01847/02520 (73.29%) | loss: 2.908620 | lrm: 0.44 | dt: 18521.49ms | tok/sec: 28,307 | bf16_mfu: 0.00 | epoch: 1 pq: 21 rg: 60 | total time: 599.72m | eta: 219.7m
step 01848/02520 (73.33%) | loss: 2.900566 | lrm: 0.44 | dt: 18575.03ms | tok/sec: 28,225 | bf16_mfu: 0.00 | epoch: 1 pq: 21 rg: 61 | total time: 600.03m | eta: 219.4m
step 01849/02520 (73.37%) | loss: 2.912119 | lrm: 0.44 | dt: 20929.10ms | tok/sec: 25,050 | bf16_mfu: 0.00 | epoch: 1 pq: 21 rg: 62 | total time: 600.38m | eta: 219.1m
step 01850/02520 (73.41%) | loss: 2.913856 | lrm: 0.44 | dt: 18514.52ms | tok/sec: 28,317 | bf16_mfu: 0.00 | epoch: 1 pq: 21 rg: 63 | total time: 600.69m | eta: 218.7m
step 01851/02520 (73.45%) | loss: 2.918864 | lrm: 0.44 | dt: 18612.20ms | tok/sec: 28,169 | bf16_mfu: 0.00 | epoch: 1 pq: 21 rg: 64 | total time: 601.00m | eta: 218.4m
step 01852/02520 (73.49%) | loss: 2.918802 | lrm: 0.44 | dt: 20921.88ms | tok/sec: 25,059 | bf16_mfu: 0.00 | epoch: 1 pq: 21 rg: 65 | total time: 601.35m | eta: 218.1m
step 01853/02520 (73.53%) | loss: 2.898589 | lrm: 0.44 | dt: 18481.30ms | tok/sec: 28,368 | bf16_mfu: 0.00 | epoch: 1 pq: 21 rg: 66 | total time: 601.65m | eta: 217.7m
step 01854/02520 (73.57%) | loss: 2.905768 | lrm: 0.44 | dt: 20952.58ms | tok/sec: 25,022 | bf16_mfu: 0.00 | epoch: 1 pq: 21 rg: 67 | total time: 602.00m | eta: 217.4m
step 01855/02520 (73.61%) | loss: 2.898823 | lrm: 0.44 | dt: 18543.71ms | tok/sec: 28,273 | bf16_mfu: 0.00 | epoch: 1 pq: 21 rg: 68 | total time: 602.31m | eta: 217.1m
step 01856/02520 (73.65%) | loss: 2.896006 | lrm: 0.44 | dt: 18557.42ms | tok/sec: 28,252 | bf16_mfu: 0.00 | epoch: 1 pq: 21 rg: 69 | total time: 602.62m | eta: 216.8m
step 01857/02520 (73.69%) | loss: 2.883349 | lrm: 0.43 | dt: 20922.18ms | tok/sec: 25,058 | bf16_mfu: 0.00 | epoch: 1 pq: 21 rg: 70 | total time: 602.97m | eta: 216.4m
step 01858/02520 (73.73%) | loss: 2.892749 | lrm: 0.43 | dt: 18554.37ms | tok/sec: 28,256 | bf16_mfu: 0.00 | epoch: 1 pq: 21 rg: 71 | total time: 603.28m | eta: 216.1m
step 01859/02520 (73.77%) | loss: 2.901402 | lrm: 0.43 | dt: 18550.45ms | tok/sec: 28,262 | bf16_mfu: 0.00 | epoch: 1 pq: 21 rg: 72 | total time: 603.59m | eta: 215.8m
step 01860/02520 (73.81%) | loss: 2.901793 | lrm: 0.43 | dt: 20928.84ms | tok/sec: 25,050 | bf16_mfu: 0.00 | epoch: 1 pq: 21 rg: 73 | total time: 603.94m | eta: 215.5m
step 01861/02520 (73.85%) | loss: 2.905957 | lrm: 0.43 | dt: 18586.69ms | tok/sec: 28,207 | bf16_mfu: 0.00 | epoch: 1 pq: 21 rg: 74 | total time: 604.25m | eta: 215.1m
step 01862/02520 (73.89%) | loss: 2.908093 | lrm: 0.43 | dt: 18485.79ms | tok/sec: 28,361 | bf16_mfu: 0.00 | epoch: 1 pq: 21 rg: 75 | total time: 604.56m | eta: 214.8m
step 01863/02520 (73.93%) | loss: 2.888268 | lrm: 0.43 | dt: 20957.33ms | tok/sec: 25,016 | bf16_mfu: 0.00 | epoch: 1 pq: 21 rg: 76 | total time: 604.91m | eta: 214.5m
step 01864/02520 (73.97%) | loss: 2.896918 | lrm: 0.43 | dt: 18579.13ms | tok/sec: 28,219 | bf16_mfu: 0.00 | epoch: 1 pq: 21 rg: 76 | total time: 605.21m | eta: 214.1m
step 01865/02520 (74.01%) | loss: 2.903949 | lrm: 0.43 | dt: 18513.55ms | tok/sec: 28,319 | bf16_mfu: 0.00 | epoch: 1 pq: 21 rg: 77 | total time: 605.52m | eta: 213.8m
step 01866/02520 (74.05%) | loss: 2.920364 | lrm: 0.43 | dt: 20932.07ms | tok/sec: 25,047 | bf16_mfu: 0.00 | epoch: 1 pq: 21 rg: 78 | total time: 605.87m | eta: 213.5m
step 01867/02520 (74.09%) | loss: 2.901272 | lrm: 0.43 | dt: 18547.84ms | tok/sec: 28,266 | bf16_mfu: 0.00 | epoch: 1 pq: 21 rg: 79 | total time: 606.18m | eta: 213.2m
step 01868/02520 (74.13%) | loss: 2.885482 | lrm: 0.43 | dt: 18581.47ms | tok/sec: 28,215 | bf16_mfu: 0.00 | epoch: 1 pq: 21 rg: 80 | total time: 606.49m | eta: 212.8m
step 01869/02520 (74.17%) | loss: 2.897227 | lrm: 0.43 | dt: 20927.32ms | tok/sec: 25,052 | bf16_mfu: 0.00 | epoch: 1 pq: 21 rg: 81 | total time: 606.84m | eta: 212.5m
step 01870/02520 (74.21%) | loss: 2.884300 | lrm: 0.43 | dt: 18458.99ms | tok/sec: 28,402 | bf16_mfu: 0.00 | epoch: 1 pq: 21 rg: 82 | total time: 607.15m | eta: 212.2m
step 01871/02520 (74.25%) | loss: 2.892013 | lrm: 0.43 | dt: 18652.98ms | tok/sec: 28,107 | bf16_mfu: 0.00 | epoch: 1 pq: 22 rg: 0 | total time: 607.46m | eta: 211.8m
step 01872/02520 (74.29%) | loss: 2.908835 | lrm: 0.43 | dt: 20854.29ms | tok/sec: 25,140 | bf16_mfu: 0.00 | epoch: 1 pq: 22 rg: 1 | total time: 607.81m | eta: 211.5m
step 01873/02520 (74.33%) | loss: 2.937950 | lrm: 0.43 | dt: 18547.41ms | tok/sec: 28,267 | bf16_mfu: 0.00 | epoch: 1 pq: 22 rg: 2 | total time: 608.12m | eta: 211.2m
step 01874/02520 (74.37%) | loss: 2.904734 | lrm: 0.42 | dt: 20934.13ms | tok/sec: 25,044 | bf16_mfu: 0.00 | epoch: 1 pq: 22 rg: 3 | total time: 608.46m | eta: 210.9m
step 01875/02520 (74.40%) | loss: 2.912254 | lrm: 0.42 | dt: 18523.19ms | tok/sec: 28,304 | bf16_mfu: 0.00 | epoch: 1 pq: 22 rg: 4 | total time: 608.77m | eta: 210.5m
step 01876/02520 (74.44%) | loss: 2.918384 | lrm: 0.42 | dt: 18608.01ms | tok/sec: 28,175 | bf16_mfu: 0.00 | epoch: 1 pq: 22 rg: 5 | total time: 609.08m | eta: 210.2m
step 01877/02520 (74.48%) | loss: 2.935756 | lrm: 0.42 | dt: 20899.94ms | tok/sec: 25,085 | bf16_mfu: 0.00 | epoch: 1 pq: 22 rg: 6 | total time: 609.43m | eta: 209.9m
step 01878/02520 (74.52%) | loss: 2.916684 | lrm: 0.42 | dt: 18531.82ms | tok/sec: 28,291 | bf16_mfu: 0.00 | epoch: 1 pq: 22 rg: 7 | total time: 609.74m | eta: 209.6m
step 01879/02520 (74.56%) | loss: 2.894490 | lrm: 0.42 | dt: 18635.45ms | tok/sec: 28,133 | bf16_mfu: 0.00 | epoch: 1 pq: 22 rg: 8 | total time: 610.05m | eta: 209.2m
step 01880/02520 (74.60%) | loss: 2.884147 | lrm: 0.42 | dt: 20849.43ms | tok/sec: 25,146 | bf16_mfu: 0.00 | epoch: 1 pq: 22 rg: 9 | total time: 610.40m | eta: 208.9m
step 01881/02520 (74.64%) | loss: 2.894049 | lrm: 0.42 | dt: 18606.06ms | tok/sec: 28,178 | bf16_mfu: 0.00 | epoch: 1 pq: 22 rg: 10 | total time: 610.71m | eta: 208.6m
step 01882/02520 (74.68%) | loss: 2.888913 | lrm: 0.42 | dt: 18558.47ms | tok/sec: 28,250 | bf16_mfu: 0.00 | epoch: 1 pq: 22 rg: 11 | total time: 611.02m | eta: 208.2m
step 01883/02520 (74.72%) | loss: 2.890826 | lrm: 0.42 | dt: 20863.94ms | tok/sec: 25,128 | bf16_mfu: 0.00 | epoch: 1 pq: 22 rg: 12 | total time: 611.37m | eta: 207.9m
step 01884/02520 (74.76%) | loss: 2.900531 | lrm: 0.42 | dt: 18569.06ms | tok/sec: 28,234 | bf16_mfu: 0.00 | epoch: 1 pq: 22 rg: 13 | total time: 611.67m | eta: 207.6m
step 01885/02520 (74.80%) | loss: 2.896271 | lrm: 0.42 | dt: 18555.30ms | tok/sec: 28,255 | bf16_mfu: 0.00 | epoch: 1 pq: 22 rg: 14 | total time: 611.98m | eta: 207.3m
step 01886/02520 (74.84%) | loss: 2.906686 | lrm: 0.42 | dt: 20935.07ms | tok/sec: 25,043 | bf16_mfu: 0.00 | epoch: 1 pq: 22 rg: 15 | total time: 612.33m | eta: 206.9m
step 01887/02520 (74.88%) | loss: 2.955042 | lrm: 0.42 | dt: 18527.21ms | tok/sec: 28,298 | bf16_mfu: 0.00 | epoch: 1 pq: 22 rg: 16 | total time: 612.64m | eta: 206.6m
step 01888/02520 (74.92%) | loss: 2.962426 | lrm: 0.42 | dt: 18576.65ms | tok/sec: 28,222 | bf16_mfu: 0.00 | epoch: 1 pq: 22 rg: 17 | total time: 612.95m | eta: 206.3m
step 01889/02520 (74.96%) | loss: 2.961160 | lrm: 0.42 | dt: 20919.37ms | tok/sec: 25,062 | bf16_mfu: 0.00 | epoch: 1 pq: 22 rg: 18 | total time: 613.30m | eta: 206.0m
step 01890/02520 (75.00%) | loss: 2.944118 | lrm: 0.42 | dt: 18517.24ms | tok/sec: 28,313 | bf16_mfu: 0.00 | epoch: 1 pq: 22 rg: 19 | total time: 613.61m | eta: 205.6m
step 01891/02520 (75.04%) | loss: 2.938312 | lrm: 0.41 | dt: 20990.25ms | tok/sec: 24,977 | bf16_mfu: 0.00 | epoch: 1 pq: 22 rg: 20 | total time: 613.96m | eta: 205.3m
step 01892/02520 (75.08%) | loss: 2.937153 | lrm: 0.41 | dt: 18479.90ms | tok/sec: 28,370 | bf16_mfu: 0.00 | epoch: 1 pq: 22 rg: 21 | total time: 614.27m | eta: 205.0m
step 01893/02520 (75.12%) | loss: 2.928139 | lrm: 0.41 | dt: 18548.58ms | tok/sec: 28,265 | bf16_mfu: 0.00 | epoch: 1 pq: 22 rg: 22 | total time: 614.58m | eta: 204.6m
step 01894/02520 (75.16%) | loss: 2.916651 | lrm: 0.41 | dt: 20965.54ms | tok/sec: 25,007 | bf16_mfu: 0.00 | epoch: 1 pq: 22 rg: 23 | total time: 614.93m | eta: 204.3m
step 01895/02520 (75.20%) | loss: 2.908202 | lrm: 0.41 | dt: 18508.97ms | tok/sec: 28,326 | bf16_mfu: 0.00 | epoch: 1 pq: 22 rg: 24 | total time: 615.23m | eta: 204.0m
step 01896/02520 (75.24%) | loss: 2.903721 | lrm: 0.41 | dt: 18577.87ms | tok/sec: 28,221 | bf16_mfu: 0.00 | epoch: 1 pq: 22 rg: 25 | total time: 615.54m | eta: 203.7m
step 01897/02520 (75.28%) | loss: 2.932963 | lrm: 0.41 | dt: 20934.05ms | tok/sec: 25,044 | bf16_mfu: 0.00 | epoch: 1 pq: 22 rg: 26 | total time: 615.89m | eta: 203.3m
step 01898/02520 (75.32%) | loss: 2.940592 | lrm: 0.41 | dt: 18487.36ms | tok/sec: 28,359 | bf16_mfu: 0.00 | epoch: 1 pq: 22 rg: 27 | total time: 616.20m | eta: 203.0m
step 01899/02520 (75.36%) | loss: 2.926097 | lrm: 0.41 | dt: 18635.99ms | tok/sec: 28,133 | bf16_mfu: 0.00 | epoch: 1 pq: 22 rg: 28 | total time: 616.51m | eta: 202.7m
step 01900/02520 (75.40%) | loss: 2.919645 | lrm: 0.41 | dt: 20884.44ms | tok/sec: 25,104 | bf16_mfu: 0.00 | epoch: 1 pq: 22 rg: 29 | total time: 616.86m | eta: 202.4m
step 01901/02520 (75.44%) | loss: 2.916733 | lrm: 0.41 | dt: 18571.29ms | tok/sec: 28,231 | bf16_mfu: 0.00 | epoch: 1 pq: 22 rg: 30 | total time: 617.17m | eta: 202.0m
step 01902/02520 (75.48%) | loss: 2.920182 | lrm: 0.41 | dt: 18566.64ms | tok/sec: 28,238 | bf16_mfu: 0.00 | epoch: 1 pq: 22 rg: 31 | total time: 617.48m | eta: 201.7m
step 01903/02520 (75.52%) | loss: 2.942145 | lrm: 0.41 | dt: 20894.85ms | tok/sec: 25,091 | bf16_mfu: 0.00 | epoch: 1 pq: 22 rg: 32 | total time: 617.83m | eta: 201.4m
step 01904/02520 (75.56%) | loss: 2.941162 | lrm: 0.41 | dt: 18527.86ms | tok/sec: 28,297 | bf16_mfu: 0.00 | epoch: 1 pq: 22 rg: 33 | total time: 618.13m | eta: 201.0m
step 01905/02520 (75.60%) | loss: 2.952039 | lrm: 0.41 | dt: 18566.78ms | tok/sec: 28,237 | bf16_mfu: 0.00 | epoch: 1 pq: 22 rg: 34 | total time: 618.44m | eta: 200.7m
step 01906/02520 (75.63%) | loss: 2.918734 | lrm: 0.41 | dt: 20930.20ms | tok/sec: 25,049 | bf16_mfu: 0.00 | epoch: 1 pq: 22 rg: 34 | total time: 618.79m | eta: 200.4m
step 01907/02520 (75.67%) | loss: 2.917376 | lrm: 0.41 | dt: 18537.18ms | tok/sec: 28,283 | bf16_mfu: 0.00 | epoch: 1 pq: 22 rg: 35 | total time: 619.10m | eta: 200.1m
step 01908/02520 (75.71%) | loss: 2.925170 | lrm: 0.40 | dt: 18576.72ms | tok/sec: 28,222 | bf16_mfu: 0.00 | epoch: 1 pq: 22 rg: 36 | total time: 619.41m | eta: 199.7m
step 01909/02520 (75.75%) | loss: 2.909790 | lrm: 0.40 | dt: 20935.06ms | tok/sec: 25,043 | bf16_mfu: 0.00 | epoch: 1 pq: 22 rg: 37 | total time: 619.76m | eta: 199.4m
step 01910/02520 (75.79%) | loss: 2.931276 | lrm: 0.40 | dt: 18526.26ms | tok/sec: 28,299 | bf16_mfu: 0.00 | epoch: 1 pq: 22 rg: 38 | total time: 620.07m | eta: 199.1m
step 01911/02520 (75.83%) | loss: 2.929529 | lrm: 0.40 | dt: 21010.07ms | tok/sec: 24,954 | bf16_mfu: 0.00 | epoch: 1 pq: 22 rg: 39 | total time: 620.42m | eta: 198.8m
step 01912/02520 (75.87%) | loss: 2.905762 | lrm: 0.40 | dt: 18498.85ms | tok/sec: 28,341 | bf16_mfu: 0.00 | epoch: 1 pq: 22 rg: 40 | total time: 620.73m | eta: 198.4m
step 01913/02520 (75.91%) | loss: 2.899932 | lrm: 0.40 | dt: 18522.45ms | tok/sec: 28,305 | bf16_mfu: 0.00 | epoch: 1 pq: 22 rg: 41 | total time: 621.04m | eta: 198.1m
step 01914/02520 (75.95%) | loss: 2.893808 | lrm: 0.40 | dt: 21026.90ms | tok/sec: 24,934 | bf16_mfu: 0.00 | epoch: 1 pq: 22 rg: 42 | total time: 621.39m | eta: 197.8m
step 01915/02520 (75.99%) | loss: 2.893559 | lrm: 0.40 | dt: 18437.74ms | tok/sec: 28,435 | bf16_mfu: 0.00 | epoch: 1 pq: 22 rg: 43 | total time: 621.69m | eta: 197.4m
step 01916/02520 (76.03%) | loss: 2.891968 | lrm: 0.40 | dt: 18562.36ms | tok/sec: 28,244 | bf16_mfu: 0.00 | epoch: 1 pq: 22 rg: 44 | total time: 622.00m | eta: 197.1m
step 01917/02520 (76.07%) | loss: 2.901594 | lrm: 0.40 | dt: 21040.02ms | tok/sec: 24,918 | bf16_mfu: 0.00 | epoch: 1 pq: 22 rg: 45 | total time: 622.35m | eta: 196.8m
step 01918/02520 (76.11%) | loss: 2.881400 | lrm: 0.40 | dt: 18404.45ms | tok/sec: 28,487 | bf16_mfu: 0.00 | epoch: 1 pq: 22 rg: 46 | total time: 622.66m | eta: 196.5m
step 01919/02520 (76.15%) | loss: 2.864864 | lrm: 0.40 | dt: 18629.28ms | tok/sec: 28,143 | bf16_mfu: 0.00 | epoch: 1 pq: 22 rg: 47 | total time: 622.97m | eta: 196.1m
step 01920/02520 (76.19%) | loss: 2.870215 | lrm: 0.40 | dt: 20961.56ms | tok/sec: 25,011 | bf16_mfu: 0.00 | epoch: 1 pq: 22 rg: 48 | total time: 623.32m | eta: 195.8m
step 01921/02520 (76.23%) | loss: 2.850250 | lrm: 0.40 | dt: 18467.97ms | tok/sec: 28,389 | bf16_mfu: 0.00 | epoch: 1 pq: 22 rg: 49 | total time: 623.63m | eta: 195.5m
step 01922/02520 (76.27%) | loss: 2.850950 | lrm: 0.40 | dt: 18629.47ms | tok/sec: 28,142 | bf16_mfu: 0.00 | epoch: 1 pq: 22 rg: 50 | total time: 623.94m | eta: 195.1m
step 01923/02520 (76.31%) | loss: 2.844204 | lrm: 0.40 | dt: 20912.60ms | tok/sec: 25,070 | bf16_mfu: 0.00 | epoch: 1 pq: 22 rg: 51 | total time: 624.29m | eta: 194.8m
step 01924/02520 (76.35%) | loss: 2.862108 | lrm: 0.40 | dt: 18483.08ms | tok/sec: 28,365 | bf16_mfu: 0.00 | epoch: 1 pq: 22 rg: 52 | total time: 624.60m | eta: 194.5m
step 01925/02520 (76.39%) | loss: 2.857127 | lrm: 0.40 | dt: 18608.51ms | tok/sec: 28,174 | bf16_mfu: 0.00 | epoch: 1 pq: 22 rg: 53 | total time: 624.91m | eta: 194.2m
step 01926/02520 (76.43%) | loss: 2.882935 | lrm: 0.39 | dt: 20897.93ms | tok/sec: 25,088 | bf16_mfu: 0.00 | epoch: 1 pq: 22 rg: 54 | total time: 625.25m | eta: 193.8m
step 01927/02520 (76.47%) | loss: 2.877176 | lrm: 0.39 | dt: 18547.75ms | tok/sec: 28,266 | bf16_mfu: 0.00 | epoch: 1 pq: 22 rg: 55 | total time: 625.56m | eta: 193.5m
step 01928/02520 (76.51%) | loss: 2.865367 | lrm: 0.39 | dt: 20995.69ms | tok/sec: 24,971 | bf16_mfu: 0.00 | epoch: 1 pq: 22 rg: 56 | total time: 625.91m | eta: 193.2m
step 01929/02520 (76.55%) | loss: 2.850247 | lrm: 0.39 | dt: 18503.29ms | tok/sec: 28,334 | bf16_mfu: 0.00 | epoch: 1 pq: 22 rg: 57 | total time: 626.22m | eta: 192.9m
step 01930/02520 (76.59%) | loss: 2.847115 | lrm: 0.39 | dt: 18507.68ms | tok/sec: 28,328 | bf16_mfu: 0.00 | epoch: 1 pq: 22 rg: 58 | total time: 626.53m | eta: 192.5m
step 01931/02520 (76.63%) | loss: 2.830855 | lrm: 0.39 | dt: 21041.72ms | tok/sec: 24,916 | bf16_mfu: 0.00 | epoch: 1 pq: 22 rg: 59 | total time: 626.88m | eta: 192.2m
step 01932/02520 (76.67%) | loss: 2.842110 | lrm: 0.39 | dt: 18444.71ms | tok/sec: 28,424 | bf16_mfu: 0.00 | epoch: 1 pq: 22 rg: 60 | total time: 627.19m | eta: 191.9m
step 01933/02520 (76.71%) | loss: 2.859548 | lrm: 0.39 | dt: 18548.33ms | tok/sec: 28,266 | bf16_mfu: 0.00 | epoch: 1 pq: 22 rg: 61 | total time: 627.50m | eta: 191.5m
step 01934/02520 (76.75%) | loss: 2.862783 | lrm: 0.39 | dt: 21049.53ms | tok/sec: 24,907 | bf16_mfu: 0.00 | epoch: 1 pq: 22 rg: 62 | total time: 627.85m | eta: 191.2m
step 01935/02520 (76.79%) | loss: 2.868733 | lrm: 0.39 | dt: 17281.57ms | tok/sec: 30,337 | bf16_mfu: 0.00 | epoch: 1 pq: 22 rg: 63 | total time: 628.14m | eta: 190.9m
step 01936/02520 (76.83%) | loss: 2.832599 | lrm: 0.39 | dt: 20672.79ms | tok/sec: 25,361 | bf16_mfu: 0.00 | epoch: 1 pq: 22 rg: 64 | total time: 628.48m | eta: 190.6m
step 01937/02520 (76.87%) | loss: 2.855667 | lrm: 0.39 | dt: 18729.76ms | tok/sec: 27,992 | bf16_mfu: 0.00 | epoch: 1 pq: 22 rg: 65 | total time: 628.79m | eta: 190.2m
step 01938/02520 (76.90%) | loss: 2.856800 | lrm: 0.39 | dt: 20951.79ms | tok/sec: 25,023 | bf16_mfu: 0.00 | epoch: 1 pq: 22 rg: 66 | total time: 629.14m | eta: 189.9m
step 01939/02520 (76.94%) | loss: 2.854839 | lrm: 0.39 | dt: 18563.23ms | tok/sec: 28,243 | bf16_mfu: 0.00 | epoch: 1 pq: 22 rg: 67 | total time: 629.45m | eta: 189.6m
step 01940/02520 (76.98%) | loss: 2.852965 | lrm: 0.39 | dt: 18494.65ms | tok/sec: 28,348 | bf16_mfu: 0.00 | epoch: 1 pq: 22 rg: 68 | total time: 629.76m | eta: 189.3m
step 01941/02520 (77.02%) | loss: 2.855137 | lrm: 0.39 | dt: 20976.06ms | tok/sec: 24,994 | bf16_mfu: 0.00 | epoch: 1 pq: 22 rg: 69 | total time: 630.11m | eta: 188.9m
step 01942/02520 (77.06%) | loss: 2.849224 | lrm: 0.39 | dt: 18481.53ms | tok/sec: 28,368 | bf16_mfu: 0.00 | epoch: 1 pq: 22 rg: 70 | total time: 630.42m | eta: 188.6m
step 01943/02520 (77.10%) | loss: 2.844731 | lrm: 0.38 | dt: 18542.24ms | tok/sec: 28,275 | bf16_mfu: 0.00 | epoch: 1 pq: 22 rg: 71 | total time: 630.73m | eta: 188.3m
step 01944/02520 (77.14%) | loss: 2.851473 | lrm: 0.38 | dt: 20977.62ms | tok/sec: 24,992 | bf16_mfu: 0.00 | epoch: 1 pq: 22 rg: 72 | total time: 631.08m | eta: 188.0m
step 01945/02520 (77.18%) | loss: 2.881544 | lrm: 0.38 | dt: 18437.60ms | tok/sec: 28,435 | bf16_mfu: 0.00 | epoch: 1 pq: 22 rg: 73 | total time: 631.38m | eta: 187.6m
step 01946/02520 (77.22%) | loss: 2.876107 | lrm: 0.38 | dt: 18572.76ms | tok/sec: 28,228 | bf16_mfu: 0.00 | epoch: 1 pq: 22 rg: 74 | total time: 631.69m | eta: 187.3m
step 01947/02520 (77.26%) | loss: 2.866520 | lrm: 0.38 | dt: 20978.71ms | tok/sec: 24,991 | bf16_mfu: 0.00 | epoch: 1 pq: 22 rg: 74 | total time: 632.04m | eta: 187.0m
step 01948/02520 (77.30%) | loss: 2.867933 | lrm: 0.38 | dt: 18446.81ms | tok/sec: 28,421 | bf16_mfu: 0.00 | epoch: 1 pq: 22 rg: 75 | total time: 632.35m | eta: 186.6m
step 01949/02520 (77.34%) | loss: 2.849852 | lrm: 0.38 | dt: 18618.93ms | tok/sec: 28,158 | bf16_mfu: 0.00 | epoch: 1 pq: 22 rg: 76 | total time: 632.66m | eta: 186.3m
step 01950/02520 (77.38%) | loss: 2.872124 | lrm: 0.38 | dt: 20927.70ms | tok/sec: 25,052 | bf16_mfu: 0.00 | epoch: 1 pq: 22 rg: 77 | total time: 633.01m | eta: 186.0m
step 01951/02520 (77.42%) | loss: 2.883374 | lrm: 0.38 | dt: 18522.61ms | tok/sec: 28,305 | bf16_mfu: 0.00 | epoch: 1 pq: 22 rg: 78 | total time: 633.32m | eta: 185.7m
step 01952/02520 (77.46%) | loss: 2.896476 | lrm: 0.38 | dt: 18592.08ms | tok/sec: 28,199 | bf16_mfu: 0.00 | epoch: 1 pq: 22 rg: 79 | total time: 633.63m | eta: 185.3m
step 01953/02520 (77.50%) | loss: 2.855289 | lrm: 0.38 | dt: 20875.47ms | tok/sec: 25,115 | bf16_mfu: 0.00 | epoch: 1 pq: 22 rg: 80 | total time: 633.98m | eta: 185.0m
step 01954/02520 (77.54%) | loss: 2.881791 | lrm: 0.38 | dt: 18550.08ms | tok/sec: 28,263 | bf16_mfu: 0.00 | epoch: 1 pq: 22 rg: 81 | total time: 634.28m | eta: 184.7m
step 01955/02520 (77.58%) | loss: 2.885203 | lrm: 0.38 | dt: 20933.19ms | tok/sec: 25,045 | bf16_mfu: 0.00 | epoch: 1 pq: 22 rg: 82 | total time: 634.63m | eta: 184.4m
step 01956/02520 (77.62%) | loss: 2.879281 | lrm: 0.38 | dt: 18586.67ms | tok/sec: 28,207 | bf16_mfu: 0.00 | epoch: 1 pq: 22 rg: 83 | total time: 634.94m | eta: 184.0m
step 01957/02520 (77.66%) | loss: 2.871563 | lrm: 0.38 | dt: 18502.96ms | tok/sec: 28,335 | bf16_mfu: 0.00 | epoch: 1 pq: 23 rg: 0 | total time: 635.25m | eta: 183.7m
step 01958/02520 (77.70%) | loss: 2.872768 | lrm: 0.38 | dt: 21033.35ms | tok/sec: 24,926 | bf16_mfu: 0.00 | epoch: 1 pq: 23 rg: 1 | total time: 635.60m | eta: 183.4m
step 01959/02520 (77.74%) | loss: 2.864631 | lrm: 0.38 | dt: 18492.06ms | tok/sec: 28,352 | bf16_mfu: 0.00 | epoch: 1 pq: 23 rg: 2 | total time: 635.91m | eta: 183.0m
step 01960/02520 (77.78%) | loss: 2.884490 | lrm: 0.37 | dt: 18513.95ms | tok/sec: 28,318 | bf16_mfu: 0.00 | epoch: 1 pq: 23 rg: 3 | total time: 636.22m | eta: 182.7m
step 01961/02520 (77.82%) | loss: 2.873511 | lrm: 0.37 | dt: 21084.48ms | tok/sec: 24,866 | bf16_mfu: 0.00 | epoch: 1 pq: 23 rg: 4 | total time: 636.57m | eta: 182.4m
step 01962/02520 (77.86%) | loss: 2.861293 | lrm: 0.37 | dt: 18412.78ms | tok/sec: 28,474 | bf16_mfu: 0.00 | epoch: 1 pq: 23 rg: 5 | total time: 636.88m | eta: 182.1m
step 01963/02520 (77.90%) | loss: 2.887994 | lrm: 0.37 | dt: 18530.51ms | tok/sec: 28,293 | bf16_mfu: 0.00 | epoch: 1 pq: 23 rg: 6 | total time: 637.19m | eta: 181.7m
step 01964/02520 (77.94%) | loss: 2.865689 | lrm: 0.37 | dt: 20917.47ms | tok/sec: 25,064 | bf16_mfu: 0.00 | epoch: 1 pq: 23 rg: 7 | total time: 637.53m | eta: 181.4m
step 01965/02520 (77.98%) | loss: 2.868596 | lrm: 0.37 | dt: 18535.19ms | tok/sec: 28,286 | bf16_mfu: 0.00 | epoch: 1 pq: 23 rg: 8 | total time: 637.84m | eta: 181.1m
step 01966/02520 (78.02%) | loss: 2.889553 | lrm: 0.37 | dt: 18595.19ms | tok/sec: 28,194 | bf16_mfu: 0.00 | epoch: 1 pq: 23 rg: 9 | total time: 638.15m | eta: 180.7m
step 01967/02520 (78.06%) | loss: 2.917397 | lrm: 0.37 | dt: 20975.48ms | tok/sec: 24,995 | bf16_mfu: 0.00 | epoch: 1 pq: 23 rg: 10 | total time: 638.50m | eta: 180.4m
step 01968/02520 (78.10%) | loss: 2.921315 | lrm: 0.37 | dt: 18411.22ms | tok/sec: 28,476 | bf16_mfu: 0.00 | epoch: 1 pq: 23 rg: 11 | total time: 638.81m | eta: 180.1m
step 01969/02520 (78.13%) | loss: 2.924778 | lrm: 0.37 | dt: 18645.31ms | tok/sec: 28,119 | bf16_mfu: 0.00 | epoch: 1 pq: 23 rg: 12 | total time: 639.12m | eta: 179.8m
step 01970/02520 (78.17%) | loss: 2.906619 | lrm: 0.37 | dt: 20947.25ms | tok/sec: 25,028 | bf16_mfu: 0.00 | epoch: 1 pq: 23 rg: 13 | total time: 639.47m | eta: 179.4m
step 01971/02520 (78.21%) | loss: 2.893978 | lrm: 0.37 | dt: 18476.49ms | tok/sec: 28,375 | bf16_mfu: 0.00 | epoch: 1 pq: 23 rg: 14 | total time: 639.78m | eta: 179.1m
step 01972/02520 (78.25%) | loss: 2.893212 | lrm: 0.37 | dt: 20971.12ms | tok/sec: 25,000 | bf16_mfu: 0.00 | epoch: 1 pq: 23 rg: 15 | total time: 640.13m | eta: 178.8m
step 01973/02520 (78.29%) | loss: 2.902841 | lrm: 0.37 | dt: 18598.03ms | tok/sec: 28,190 | bf16_mfu: 0.00 | epoch: 1 pq: 23 rg: 16 | total time: 640.44m | eta: 178.5m
step 01974/02520 (78.33%) | loss: 2.881272 | lrm: 0.37 | dt: 20769.22ms | tok/sec: 25,243 | bf16_mfu: 0.00 | epoch: 1 pq: 23 rg: 17 | total time: 640.78m | eta: 178.1m
step 01975/02520 (78.37%) | loss: 2.883743 | lrm: 0.37 | dt: 17274.51ms | tok/sec: 30,350 | bf16_mfu: 0.00 | epoch: 1 pq: 23 rg: 18 | total time: 641.07m | eta: 177.8m
step 01976/02520 (78.41%) | loss: 2.876019 | lrm: 0.37 | dt: 18758.16ms | tok/sec: 27,949 | bf16_mfu: 0.00 | epoch: 1 pq: 23 rg: 19 | total time: 641.38m | eta: 177.5m
step 01977/02520 (78.45%) | loss: 2.863586 | lrm: 0.36 | dt: 20886.81ms | tok/sec: 25,101 | bf16_mfu: 0.00 | epoch: 1 pq: 23 rg: 20 | total time: 641.73m | eta: 177.2m
step 01978/02520 (78.49%) | loss: 2.866183 | lrm: 0.36 | dt: 18608.18ms | tok/sec: 28,175 | bf16_mfu: 0.00 | epoch: 1 pq: 23 rg: 21 | total time: 642.04m | eta: 176.8m
step 01979/02520 (78.53%) | loss: 2.845708 | lrm: 0.36 | dt: 18557.37ms | tok/sec: 28,252 | bf16_mfu: 0.00 | epoch: 1 pq: 23 rg: 22 | total time: 642.35m | eta: 176.5m
step 01980/02520 (78.57%) | loss: 2.854908 | lrm: 0.36 | dt: 20906.73ms | tok/sec: 25,077 | bf16_mfu: 0.00 | epoch: 1 pq: 23 rg: 23 | total time: 642.70m | eta: 176.2m
step 01981/02520 (78.61%) | loss: 2.857134 | lrm: 0.36 | dt: 18535.07ms | tok/sec: 28,286 | bf16_mfu: 0.00 | epoch: 1 pq: 23 rg: 23 | total time: 643.01m | eta: 175.8m
step 01982/02520 (78.65%) | loss: 2.852589 | lrm: 0.36 | dt: 20982.05ms | tok/sec: 24,987 | bf16_mfu: 0.00 | epoch: 1 pq: 23 rg: 24 | total time: 643.36m | eta: 175.5m
step 01983/02520 (78.69%) | loss: 2.890905 | lrm: 0.36 | dt: 18470.67ms | tok/sec: 28,384 | bf16_mfu: 0.00 | epoch: 1 pq: 23 rg: 25 | total time: 643.67m | eta: 175.2m
step 01984/02520 (78.73%) | loss: 2.908178 | lrm: 0.36 | dt: 18563.02ms | tok/sec: 28,243 | bf16_mfu: 0.00 | epoch: 1 pq: 23 rg: 26 | total time: 643.98m | eta: 174.9m
step 01985/02520 (78.77%) | loss: 2.877498 | lrm: 0.36 | dt: 21011.22ms | tok/sec: 24,952 | bf16_mfu: 0.00 | epoch: 1 pq: 23 rg: 27 | total time: 644.33m | eta: 174.5m
step 01986/02520 (78.81%) | loss: 2.880048 | lrm: 0.36 | dt: 18422.08ms | tok/sec: 28,459 | bf16_mfu: 0.00 | epoch: 1 pq: 23 rg: 28 | total time: 644.63m | eta: 174.2m
step 01987/02520 (78.85%) | loss: 2.877636 | lrm: 0.36 | dt: 18592.65ms | tok/sec: 28,198 | bf16_mfu: 0.00 | epoch: 1 pq: 23 rg: 29 | total time: 644.94m | eta: 173.9m
step 01988/02520 (78.89%) | loss: 2.889684 | lrm: 0.36 | dt: 21021.72ms | tok/sec: 24,940 | bf16_mfu: 0.00 | epoch: 1 pq: 23 rg: 30 | total time: 645.29m | eta: 173.6m
step 01989/02520 (78.93%) | loss: 2.882283 | lrm: 0.36 | dt: 18397.36ms | tok/sec: 28,498 | bf16_mfu: 0.00 | epoch: 1 pq: 23 rg: 31 | total time: 645.60m | eta: 173.2m
step 01990/02520 (78.97%) | loss: 2.869826 | lrm: 0.36 | dt: 18614.96ms | tok/sec: 28,164 | bf16_mfu: 0.00 | epoch: 1 pq: 23 rg: 32 | total time: 645.91m | eta: 172.9m
step 01991/02520 (79.01%) | loss: 2.891924 | lrm: 0.36 | dt: 20999.64ms | tok/sec: 24,966 | bf16_mfu: 0.00 | epoch: 1 pq: 23 rg: 33 | total time: 646.26m | eta: 172.6m
step 01992/02520 (79.05%) | loss: 2.887029 | lrm: 0.36 | dt: 18401.53ms | tok/sec: 28,491 | bf16_mfu: 0.00 | epoch: 1 pq: 23 rg: 34 | total time: 646.57m | eta: 172.2m
step 01993/02520 (79.09%) | loss: 2.888844 | lrm: 0.36 | dt: 18626.58ms | tok/sec: 28,147 | bf16_mfu: 0.00 | epoch: 1 pq: 23 rg: 35 | total time: 646.88m | eta: 171.9m
step 01994/02520 (79.13%) | loss: 2.868412 | lrm: 0.36 | dt: 21005.62ms | tok/sec: 24,959 | bf16_mfu: 0.00 | epoch: 1 pq: 23 rg: 36 | total time: 647.23m | eta: 171.6m
step 01995/02520 (79.17%) | loss: 2.846719 | lrm: 0.35 | dt: 18412.06ms | tok/sec: 28,475 | bf16_mfu: 0.00 | epoch: 1 pq: 23 rg: 37 | total time: 647.53m | eta: 171.3m
step 01996/02520 (79.21%) | loss: 2.833717 | lrm: 0.35 | dt: 18618.78ms | tok/sec: 28,159 | bf16_mfu: 0.00 | epoch: 1 pq: 23 rg: 38 | total time: 647.84m | eta: 170.9m
step 01997/02520 (79.25%) | loss: 2.852502 | lrm: 0.35 | dt: 20957.08ms | tok/sec: 25,017 | bf16_mfu: 0.00 | epoch: 1 pq: 23 rg: 39 | total time: 648.19m | eta: 170.6m
step 01998/02520 (79.29%) | loss: 2.897546 | lrm: 0.35 | dt: 18432.85ms | tok/sec: 28,443 | bf16_mfu: 0.00 | epoch: 1 pq: 23 rg: 40 | total time: 648.50m | eta: 170.3m
step 01999/02520 (79.33%) | loss: 2.883954 | lrm: 0.35 | dt: 20956.09ms | tok/sec: 25,018 | bf16_mfu: 0.00 | epoch: 1 pq: 23 rg: 41 | total time: 648.85m | eta: 170.0m
Step 02000 | Validation bpb: 0.867111
<|bos|>The capital of France is Paris, and the capital of France is Paris. The capital of France is Paris
<|bos|>The chemical symbol of gold is 18K. The chemical symbol of silver is 92K. The chemical
<|bos|>If yesterday was Friday, then tomorrow will be Saturday. The day before will be Friday, and the day after will be Saturday
<|bos|>The opposite of hot is cold. The opposite of hot is cold. The opposite of hot is cold.
<|bos|>The planets of the solar system are: Mercury, Venus, Earth, Mars, Jupiter, Saturn, Uranus, Ne
<|bos|>My favorite color is red. I love it because it's a color that's been around for a
<|bos|>If 5*x + 3 = 13, then x is 13. If 5*x + 3 = 13, then
2026-09-25 05:58:57,418 - nanochat.checkpoint_manager - [32m[1mINFO[0m - Saved model parameters to: /home/wesley/.cache/nanochat/base_checkpoints/d12/model_002000.pt
2026-09-25 05:58:57,418 - nanochat.checkpoint_manager - [32m[1mINFO[0m - Saved metadata to: /home/wesley/.cache/nanochat/base_checkpoints/d12/meta_002000.json
2026-09-25 05:58:59,224 - nanochat.checkpoint_manager - [32m[1mINFO[0m - Saved optimizer state to: /home/wesley/.cache/nanochat/base_checkpoints/d12/optim_002000_rank0.pt
step 02000/02520 (79.37%) | loss: 2.886671 | lrm: 0.35 | dt: 21148.05ms | tok/sec: 24,791 | bf16_mfu: 0.00 | epoch: 1 pq: 23 rg: 42 | total time: 649.20m | eta: 169.6m
step 02001/02520 (79.40%) | loss: 2.873936 | lrm: 0.35 | dt: 18449.30ms | tok/sec: 28,417 | bf16_mfu: 0.00 | epoch: 1 pq: 23 rg: 43 | total time: 649.51m | eta: 169.3m
step 02002/02520 (79.44%) | loss: 2.876402 | lrm: 0.35 | dt: 18589.74ms | tok/sec: 28,203 | bf16_mfu: 0.00 | epoch: 1 pq: 23 rg: 44 | total time: 649.82m | eta: 169.0m
step 02003/02520 (79.48%) | loss: 2.863077 | lrm: 0.35 | dt: 21057.91ms | tok/sec: 24,897 | bf16_mfu: 0.00 | epoch: 1 pq: 23 rg: 45 | total time: 650.17m | eta: 168.7m
step 02004/02520 (79.52%) | loss: 2.861076 | lrm: 0.35 | dt: 18366.35ms | tok/sec: 28,546 | bf16_mfu: 0.00 | epoch: 1 pq: 23 rg: 46 | total time: 650.48m | eta: 168.3m
step 02005/02520 (79.56%) | loss: 2.847495 | lrm: 0.35 | dt: 18623.54ms | tok/sec: 28,151 | bf16_mfu: 0.00 | epoch: 1 pq: 23 rg: 47 | total time: 650.79m | eta: 168.0m
step 02006/02520 (79.60%) | loss: 2.854462 | lrm: 0.35 | dt: 21029.36ms | tok/sec: 24,931 | bf16_mfu: 0.00 | epoch: 1 pq: 23 rg: 48 | total time: 651.14m | eta: 167.7m
step 02007/02520 (79.64%) | loss: 2.863272 | lrm: 0.35 | dt: 18369.85ms | tok/sec: 28,540 | bf16_mfu: 0.00 | epoch: 1 pq: 23 rg: 49 | total time: 651.44m | eta: 167.3m
step 02008/02520 (79.68%) | loss: 2.867344 | lrm: 0.35 | dt: 18639.08ms | tok/sec: 28,128 | bf16_mfu: 0.00 | epoch: 1 pq: 23 rg: 50 | total time: 651.76m | eta: 167.0m
step 02009/02520 (79.72%) | loss: 2.857223 | lrm: 0.35 | dt: 21030.61ms | tok/sec: 24,929 | bf16_mfu: 0.00 | epoch: 1 pq: 23 rg: 51 | total time: 652.11m | eta: 166.7m
step 02010/02520 (79.76%) | loss: 2.857948 | lrm: 0.35 | dt: 18406.28ms | tok/sec: 28,484 | bf16_mfu: 0.00 | epoch: 1 pq: 23 rg: 52 | total time: 652.41m | eta: 166.4m
step 02011/02520 (79.80%) | loss: 2.881424 | lrm: 0.35 | dt: 20976.12ms | tok/sec: 24,994 | bf16_mfu: 0.00 | epoch: 1 pq: 23 rg: 53 | total time: 652.76m | eta: 166.0m
step 02012/02520 (79.84%) | loss: 2.872235 | lrm: 0.34 | dt: 18651.37ms | tok/sec: 28,109 | bf16_mfu: 0.00 | epoch: 1 pq: 23 rg: 54 | total time: 653.07m | eta: 165.7m
step 02013/02520 (79.88%) | loss: 2.857317 | lrm: 0.34 | dt: 18381.43ms | tok/sec: 28,522 | bf16_mfu: 0.00 | epoch: 1 pq: 23 rg: 55 | total time: 653.38m | eta: 165.4m
step 02014/02520 (79.92%) | loss: 2.858213 | lrm: 0.34 | dt: 20978.22ms | tok/sec: 24,992 | bf16_mfu: 0.00 | epoch: 1 pq: 23 rg: 56 | total time: 653.73m | eta: 165.1m
step 02015/02520 (79.96%) | loss: 2.857170 | lrm: 0.34 | dt: 18626.70ms | tok/sec: 28,147 | bf16_mfu: 0.00 | epoch: 1 pq: 23 rg: 56 | total time: 654.04m | eta: 164.7m
step 02016/02520 (80.00%) | loss: 2.862967 | lrm: 0.34 | dt: 18480.02ms | tok/sec: 28,370 | bf16_mfu: 0.00 | epoch: 1 pq: 23 rg: 57 | total time: 654.35m | eta: 164.4m
step 02017/02520 (80.04%) | loss: 2.853211 | lrm: 0.34 | dt: 20976.43ms | tok/sec: 24,994 | bf16_mfu: 0.00 | epoch: 1 pq: 23 rg: 58 | total time: 654.70m | eta: 164.1m
step 02018/02520 (80.08%) | loss: 2.859139 | lrm: 0.34 | dt: 18574.41ms | tok/sec: 28,226 | bf16_mfu: 0.00 | epoch: 1 pq: 23 rg: 59 | total time: 655.01m | eta: 163.8m
step 02019/02520 (80.12%) | loss: 2.859638 | lrm: 0.34 | dt: 18492.57ms | tok/sec: 28,351 | bf16_mfu: 0.00 | epoch: 1 pq: 23 rg: 60 | total time: 655.31m | eta: 163.4m
step 02020/02520 (80.16%) | loss: 2.855643 | lrm: 0.34 | dt: 21009.96ms | tok/sec: 24,954 | bf16_mfu: 0.00 | epoch: 1 pq: 23 rg: 61 | total time: 655.66m | eta: 163.1m
step 02021/02520 (80.20%) | loss: 2.849152 | lrm: 0.34 | dt: 18521.28ms | tok/sec: 28,307 | bf16_mfu: 0.00 | epoch: 1 pq: 23 rg: 62 | total time: 655.97m | eta: 162.8m
step 02022/02520 (80.24%) | loss: 2.835268 | lrm: 0.34 | dt: 18520.46ms | tok/sec: 28,308 | bf16_mfu: 0.00 | epoch: 1 pq: 23 rg: 63 | total time: 656.28m | eta: 162.4m
step 02023/02520 (80.28%) | loss: 2.816793 | lrm: 0.34 | dt: 21005.96ms | tok/sec: 24,959 | bf16_mfu: 0.00 | epoch: 1 pq: 23 rg: 64 | total time: 656.63m | eta: 162.1m
step 02024/02520 (80.32%) | loss: 2.831278 | lrm: 0.34 | dt: 18478.19ms | tok/sec: 28,373 | bf16_mfu: 0.00 | epoch: 1 pq: 23 rg: 65 | total time: 656.94m | eta: 161.8m
step 02025/02520 (80.36%) | loss: 2.813648 | lrm: 0.34 | dt: 18538.50ms | tok/sec: 28,281 | bf16_mfu: 0.00 | epoch: 1 pq: 23 rg: 66 | total time: 657.25m | eta: 161.5m
step 02026/02520 (80.40%) | loss: 2.803815 | lrm: 0.34 | dt: 20531.21ms | tok/sec: 25,536 | bf16_mfu: 0.00 | epoch: 1 pq: 23 rg: 67 | total time: 657.59m | eta: 161.1m
step 02027/02520 (80.44%) | loss: 2.801160 | lrm: 0.34 | dt: 18359.96ms | tok/sec: 28,556 | bf16_mfu: 0.00 | epoch: 1 pq: 23 rg: 68 | total time: 657.90m | eta: 160.8m
step 02028/02520 (80.48%) | loss: 2.826868 | lrm: 0.34 | dt: 21170.61ms | tok/sec: 24,764 | bf16_mfu: 0.00 | epoch: 1 pq: 23 rg: 69 | total time: 658.25m | eta: 160.5m
step 02029/02520 (80.52%) | loss: 2.845733 | lrm: 0.33 | dt: 18393.95ms | tok/sec: 28,503 | bf16_mfu: 0.00 | epoch: 1 pq: 23 rg: 70 | total time: 658.56m | eta: 160.2m
step 02030/02520 (80.56%) | loss: 2.846572 | lrm: 0.33 | dt: 18584.68ms | tok/sec: 28,210 | bf16_mfu: 0.00 | epoch: 1 pq: 23 rg: 71 | total time: 658.87m | eta: 159.8m
step 02031/02520 (80.60%) | loss: 2.853649 | lrm: 0.33 | dt: 21009.74ms | tok/sec: 24,954 | bf16_mfu: 0.00 | epoch: 1 pq: 23 rg: 72 | total time: 659.22m | eta: 159.5m
step 02032/02520 (80.63%) | loss: 2.876797 | lrm: 0.33 | dt: 18419.12ms | tok/sec: 28,464 | bf16_mfu: 0.00 | epoch: 1 pq: 23 rg: 73 | total time: 659.52m | eta: 159.2m
step 02033/02520 (80.67%) | loss: 2.873192 | lrm: 0.33 | dt: 18565.10ms | tok/sec: 28,240 | bf16_mfu: 0.00 | epoch: 1 pq: 23 rg: 74 | total time: 659.83m | eta: 158.8m
step 02034/02520 (80.71%) | loss: 2.845081 | lrm: 0.33 | dt: 21068.95ms | tok/sec: 24,884 | bf16_mfu: 0.00 | epoch: 1 pq: 23 rg: 75 | total time: 660.18m | eta: 158.5m
step 02035/02520 (80.75%) | loss: 2.866295 | lrm: 0.33 | dt: 18435.39ms | tok/sec: 28,439 | bf16_mfu: 0.00 | epoch: 1 pq: 23 rg: 76 | total time: 660.49m | eta: 158.2m
step 02036/02520 (80.79%) | loss: 2.865471 | lrm: 0.33 | dt: 18536.03ms | tok/sec: 28,284 | bf16_mfu: 0.00 | epoch: 1 pq: 23 rg: 77 | total time: 660.80m | eta: 157.9m
step 02037/02520 (80.83%) | loss: 2.864086 | lrm: 0.33 | dt: 21028.48ms | tok/sec: 24,932 | bf16_mfu: 0.00 | epoch: 1 pq: 23 rg: 78 | total time: 661.15m | eta: 157.5m
step 02038/02520 (80.87%) | loss: 2.863928 | lrm: 0.33 | dt: 18477.22ms | tok/sec: 28,374 | bf16_mfu: 0.00 | epoch: 1 pq: 23 rg: 79 | total time: 661.46m | eta: 157.2m
step 02039/02520 (80.91%) | loss: 2.836530 | lrm: 0.33 | dt: 21022.23ms | tok/sec: 24,939 | bf16_mfu: 0.00 | epoch: 1 pq: 23 rg: 80 | total time: 661.81m | eta: 156.9m
step 02040/02520 (80.95%) | loss: 2.849717 | lrm: 0.33 | dt: 18597.36ms | tok/sec: 28,191 | bf16_mfu: 0.00 | epoch: 1 pq: 23 rg: 81 | total time: 662.12m | eta: 156.6m
step 02041/02520 (80.99%) | loss: 2.870194 | lrm: 0.33 | dt: 18434.11ms | tok/sec: 28,441 | bf16_mfu: 0.00 | epoch: 1 pq: 23 rg: 82 | total time: 662.43m | eta: 156.2m
step 02042/02520 (81.03%) | loss: 2.861778 | lrm: 0.33 | dt: 20981.30ms | tok/sec: 24,988 | bf16_mfu: 0.00 | epoch: 1 pq: 23 rg: 82 | total time: 662.78m | eta: 155.9m
step 02043/02520 (81.07%) | loss: 2.879641 | lrm: 0.33 | dt: 18588.91ms | tok/sec: 28,204 | bf16_mfu: 0.00 | epoch: 1 pq: 24 rg: 0 | total time: 663.09m | eta: 155.6m
step 02044/02520 (81.11%) | loss: 2.869137 | lrm: 0.33 | dt: 18410.68ms | tok/sec: 28,477 | bf16_mfu: 0.00 | epoch: 1 pq: 24 rg: 1 | total time: 663.39m | eta: 155.2m
step 02045/02520 (81.15%) | loss: 2.864067 | lrm: 0.33 | dt: 21019.63ms | tok/sec: 24,942 | bf16_mfu: 0.00 | epoch: 1 pq: 24 rg: 2 | total time: 663.74m | eta: 154.9m
step 02046/02520 (81.19%) | loss: 2.860520 | lrm: 0.32 | dt: 18608.41ms | tok/sec: 28,174 | bf16_mfu: 0.00 | epoch: 1 pq: 24 rg: 3 | total time: 664.05m | eta: 154.6m
step 02047/02520 (81.23%) | loss: 2.876897 | lrm: 0.32 | dt: 18377.78ms | tok/sec: 28,528 | bf16_mfu: 0.00 | epoch: 1 pq: 24 rg: 4 | total time: 664.36m | eta: 154.3m
step 02048/02520 (81.27%) | loss: 2.884199 | lrm: 0.32 | dt: 21033.82ms | tok/sec: 24,925 | bf16_mfu: 0.00 | epoch: 1 pq: 24 rg: 5 | total time: 664.71m | eta: 153.9m
step 02049/02520 (81.31%) | loss: 2.890276 | lrm: 0.32 | dt: 18634.63ms | tok/sec: 28,135 | bf16_mfu: 0.00 | epoch: 1 pq: 24 rg: 6 | total time: 665.02m | eta: 153.6m
step 02050/02520 (81.35%) | loss: 2.890010 | lrm: 0.32 | dt: 20911.54ms | tok/sec: 25,071 | bf16_mfu: 0.00 | epoch: 1 pq: 24 rg: 7 | total time: 665.37m | eta: 153.3m
step 02051/02520 (81.39%) | loss: 2.876853 | lrm: 0.32 | dt: 17043.61ms | tok/sec: 30,761 | bf16_mfu: 0.00 | epoch: 1 pq: 24 rg: 8 | total time: 665.65m | eta: 153.0m
step 02052/02520 (81.43%) | loss: 2.865849 | lrm: 0.32 | dt: 20914.41ms | tok/sec: 25,068 | bf16_mfu: 0.00 | epoch: 1 pq: 24 rg: 9 | total time: 666.00m | eta: 152.6m
step 02053/02520 (81.47%) | loss: 2.911278 | lrm: 0.32 | dt: 18907.75ms | tok/sec: 27,728 | bf16_mfu: 0.00 | epoch: 1 pq: 24 rg: 10 | total time: 666.32m | eta: 152.3m
step 02054/02520 (81.51%) | loss: 2.906808 | lrm: 0.32 | dt: 18469.97ms | tok/sec: 28,385 | bf16_mfu: 0.00 | epoch: 1 pq: 24 rg: 11 | total time: 666.62m | eta: 152.0m
step 02055/02520 (81.55%) | loss: 2.903852 | lrm: 0.32 | dt: 20943.53ms | tok/sec: 25,033 | bf16_mfu: 0.00 | epoch: 1 pq: 24 rg: 12 | total time: 666.97m | eta: 151.7m
step 02056/02520 (81.59%) | loss: 2.886817 | lrm: 0.32 | dt: 18090.20ms | tok/sec: 28,981 | bf16_mfu: 0.00 | epoch: 1 pq: 24 rg: 13 | total time: 667.28m | eta: 151.3m
step 02057/02520 (81.63%) | loss: 2.915405 | lrm: 0.32 | dt: 18983.62ms | tok/sec: 27,617 | bf16_mfu: 0.00 | epoch: 1 pq: 24 rg: 14 | total time: 667.59m | eta: 151.0m
step 02058/02520 (81.67%) | loss: 2.925399 | lrm: 0.32 | dt: 21013.19ms | tok/sec: 24,950 | bf16_mfu: 0.00 | epoch: 1 pq: 24 rg: 15 | total time: 667.94m | eta: 150.7m
step 02059/02520 (81.71%) | loss: 2.924753 | lrm: 0.32 | dt: 18445.46ms | tok/sec: 28,423 | bf16_mfu: 0.00 | epoch: 1 pq: 24 rg: 16 | total time: 668.25m | eta: 150.3m
step 02060/02520 (81.75%) | loss: 2.918273 | lrm: 0.32 | dt: 18506.44ms | tok/sec: 28,330 | bf16_mfu: 0.00 | epoch: 1 pq: 24 rg: 17 | total time: 668.56m | eta: 150.0m
step 02061/02520 (81.79%) | loss: 2.911281 | lrm: 0.32 | dt: 20958.12ms | tok/sec: 25,015 | bf16_mfu: 0.00 | epoch: 1 pq: 24 rg: 18 | total time: 668.91m | eta: 149.7m
step 02062/02520 (81.83%) | loss: 2.927513 | lrm: 0.32 | dt: 18587.19ms | tok/sec: 28,206 | bf16_mfu: 0.00 | epoch: 1 pq: 24 rg: 19 | total time: 669.22m | eta: 149.4m
step 02063/02520 (81.87%) | loss: 2.899722 | lrm: 0.32 | dt: 18528.79ms | tok/sec: 28,295 | bf16_mfu: 0.00 | epoch: 1 pq: 24 rg: 20 | total time: 669.53m | eta: 149.0m
step 02064/02520 (81.90%) | loss: 2.909600 | lrm: 0.31 | dt: 20978.41ms | tok/sec: 24,991 | bf16_mfu: 0.00 | epoch: 1 pq: 24 rg: 21 | total time: 669.88m | eta: 148.7m
step 02065/02520 (81.94%) | loss: 2.873721 | lrm: 0.31 | dt: 18512.34ms | tok/sec: 28,320 | bf16_mfu: 0.00 | epoch: 1 pq: 24 rg: 22 | total time: 670.18m | eta: 148.4m
step 02066/02520 (81.98%) | loss: 2.895507 | lrm: 0.31 | dt: 18576.45ms | tok/sec: 28,223 | bf16_mfu: 0.00 | epoch: 1 pq: 24 rg: 23 | total time: 670.49m | eta: 148.1m
step 02067/02520 (82.02%) | loss: 2.907588 | lrm: 0.31 | dt: 21007.79ms | tok/sec: 24,956 | bf16_mfu: 0.00 | epoch: 1 pq: 24 rg: 24 | total time: 670.84m | eta: 147.7m
step 02068/02520 (82.06%) | loss: 2.919677 | lrm: 0.31 | dt: 18417.77ms | tok/sec: 28,466 | bf16_mfu: 0.00 | epoch: 1 pq: 24 rg: 25 | total time: 671.15m | eta: 147.4m
step 02069/02520 (82.10%) | loss: 2.910817 | lrm: 0.31 | dt: 20989.48ms | tok/sec: 24,978 | bf16_mfu: 0.00 | epoch: 1 pq: 24 rg: 26 | total time: 671.50m | eta: 147.1m
step 02070/02520 (82.14%) | loss: 2.905717 | lrm: 0.31 | dt: 18613.96ms | tok/sec: 28,166 | bf16_mfu: 0.00 | epoch: 1 pq: 24 rg: 27 | total time: 671.81m | eta: 146.8m
step 02071/02520 (82.18%) | loss: 2.902150 | lrm: 0.31 | dt: 18428.58ms | tok/sec: 28,449 | bf16_mfu: 0.00 | epoch: 1 pq: 24 rg: 28 | total time: 672.12m | eta: 146.4m
step 02072/02520 (82.22%) | loss: 2.890412 | lrm: 0.31 | dt: 21004.10ms | tok/sec: 24,961 | bf16_mfu: 0.00 | epoch: 1 pq: 24 rg: 28 | total time: 672.47m | eta: 146.1m
step 02073/02520 (82.26%) | loss: 2.882837 | lrm: 0.31 | dt: 18577.01ms | tok/sec: 28,222 | bf16_mfu: 0.00 | epoch: 1 pq: 24 rg: 29 | total time: 672.78m | eta: 145.8m
step 02074/02520 (82.30%) | loss: 2.871155 | lrm: 0.31 | dt: 18460.49ms | tok/sec: 28,400 | bf16_mfu: 0.00 | epoch: 1 pq: 24 rg: 30 | total time: 673.09m | eta: 145.4m
step 02075/02520 (82.34%) | loss: 2.865818 | lrm: 0.31 | dt: 21007.75ms | tok/sec: 24,956 | bf16_mfu: 0.00 | epoch: 1 pq: 24 rg: 31 | total time: 673.44m | eta: 145.1m
step 02076/02520 (82.38%) | loss: 2.846965 | lrm: 0.31 | dt: 18569.50ms | tok/sec: 28,233 | bf16_mfu: 0.00 | epoch: 1 pq: 24 rg: 32 | total time: 673.74m | eta: 144.8m
step 02077/02520 (82.42%) | loss: 2.838004 | lrm: 0.31 | dt: 18518.98ms | tok/sec: 28,310 | bf16_mfu: 0.00 | epoch: 1 pq: 24 rg: 33 | total time: 674.05m | eta: 144.5m
step 02078/02520 (82.46%) | loss: 2.842152 | lrm: 0.31 | dt: 21047.89ms | tok/sec: 24,909 | bf16_mfu: 0.00 | epoch: 1 pq: 24 rg: 34 | total time: 674.40m | eta: 144.1m
step 02079/02520 (82.50%) | loss: 2.821997 | lrm: 0.31 | dt: 18293.38ms | tok/sec: 28,659 | bf16_mfu: 0.00 | epoch: 1 pq: 24 rg: 35 | total time: 674.71m | eta: 143.8m
step 02080/02520 (82.54%) | loss: 2.834673 | lrm: 0.31 | dt: 18690.96ms | tok/sec: 28,050 | bf16_mfu: 0.00 | epoch: 1 pq: 24 rg: 36 | total time: 675.02m | eta: 143.5m
step 02081/02520 (82.58%) | loss: 2.861193 | lrm: 0.30 | dt: 21015.17ms | tok/sec: 24,948 | bf16_mfu: 0.00 | epoch: 1 pq: 24 rg: 37 | total time: 675.37m | eta: 143.2m
step 02082/02520 (82.62%) | loss: 2.866688 | lrm: 0.30 | dt: 18466.21ms | tok/sec: 28,391 | bf16_mfu: 0.00 | epoch: 1 pq: 24 rg: 38 | total time: 675.68m | eta: 142.8m
step 02083/02520 (82.66%) | loss: 2.843225 | lrm: 0.30 | dt: 18554.31ms | tok/sec: 28,256 | bf16_mfu: 0.00 | epoch: 1 pq: 24 rg: 39 | total time: 675.99m | eta: 142.5m
step 02084/02520 (82.70%) | loss: 2.868035 | lrm: 0.30 | dt: 20999.66ms | tok/sec: 24,966 | bf16_mfu: 0.00 | epoch: 1 pq: 24 rg: 40 | total time: 676.34m | eta: 142.2m
step 02085/02520 (82.74%) | loss: 2.865215 | lrm: 0.30 | dt: 18457.21ms | tok/sec: 28,405 | bf16_mfu: 0.00 | epoch: 1 pq: 24 rg: 41 | total time: 676.65m | eta: 141.9m
step 02086/02520 (82.78%) | loss: 2.864130 | lrm: 0.30 | dt: 18578.94ms | tok/sec: 28,219 | bf16_mfu: 0.00 | epoch: 1 pq: 24 rg: 42 | total time: 676.96m | eta: 141.5m
step 02087/02520 (82.82%) | loss: 2.868780 | lrm: 0.30 | dt: 21010.78ms | tok/sec: 24,953 | bf16_mfu: 0.00 | epoch: 1 pq: 24 rg: 43 | total time: 677.31m | eta: 141.2m
step 02088/02520 (82.86%) | loss: 2.873193 | lrm: 0.30 | dt: 18391.70ms | tok/sec: 28,506 | bf16_mfu: 0.00 | epoch: 1 pq: 24 rg: 44 | total time: 677.61m | eta: 140.9m
step 02089/02520 (82.90%) | loss: 2.865403 | lrm: 0.30 | dt: 21139.54ms | tok/sec: 24,801 | bf16_mfu: 0.00 | epoch: 1 pq: 24 rg: 45 | total time: 677.96m | eta: 140.5m
step 02090/02520 (82.94%) | loss: 2.889654 | lrm: 0.30 | dt: 18515.52ms | tok/sec: 28,316 | bf16_mfu: 0.00 | epoch: 1 pq: 24 rg: 46 | total time: 678.27m | eta: 140.2m
step 02091/02520 (82.98%) | loss: 2.898107 | lrm: 0.30 | dt: 18468.22ms | tok/sec: 28,388 | bf16_mfu: 0.00 | epoch: 1 pq: 24 rg: 47 | total time: 678.58m | eta: 139.9m
step 02092/02520 (83.02%) | loss: 2.893016 | lrm: 0.30 | dt: 21007.89ms | tok/sec: 24,956 | bf16_mfu: 0.00 | epoch: 1 pq: 24 rg: 48 | total time: 678.93m | eta: 139.6m
step 02093/02520 (83.06%) | loss: 2.879024 | lrm: 0.30 | dt: 18546.30ms | tok/sec: 28,269 | bf16_mfu: 0.00 | epoch: 1 pq: 24 rg: 49 | total time: 679.24m | eta: 139.2m
step 02094/02520 (83.10%) | loss: 2.879252 | lrm: 0.30 | dt: 18487.93ms | tok/sec: 28,358 | bf16_mfu: 0.00 | epoch: 1 pq: 24 rg: 50 | total time: 679.55m | eta: 138.9m
step 02095/02520 (83.13%) | loss: 2.869455 | lrm: 0.30 | dt: 21060.18ms | tok/sec: 24,894 | bf16_mfu: 0.00 | epoch: 1 pq: 24 rg: 51 | total time: 679.90m | eta: 138.6m
step 02096/02520 (83.17%) | loss: 2.845984 | lrm: 0.30 | dt: 18441.36ms | tok/sec: 28,430 | bf16_mfu: 0.00 | epoch: 1 pq: 24 rg: 52 | total time: 680.21m | eta: 138.3m
step 02097/02520 (83.21%) | loss: 2.839259 | lrm: 0.30 | dt: 18532.91ms | tok/sec: 28,289 | bf16_mfu: 0.00 | epoch: 1 pq: 24 rg: 53 | total time: 680.52m | eta: 137.9m
step 02098/02520 (83.25%) | loss: 2.846689 | lrm: 0.29 | dt: 21043.34ms | tok/sec: 24,914 | bf16_mfu: 0.00 | epoch: 1 pq: 24 rg: 54 | total time: 680.87m | eta: 137.6m
step 02099/02520 (83.29%) | loss: 2.849213 | lrm: 0.29 | dt: 18415.32ms | tok/sec: 28,470 | bf16_mfu: 0.00 | epoch: 1 pq: 24 rg: 55 | total time: 681.17m | eta: 137.3m
step 02100/02520 (83.33%) | loss: 2.860156 | lrm: 0.29 | dt: 18564.39ms | tok/sec: 28,241 | bf16_mfu: 0.00 | epoch: 1 pq: 24 rg: 56 | total time: 681.48m | eta: 136.9m
step 02101/02520 (83.37%) | loss: 2.842811 | lrm: 0.29 | dt: 21015.35ms | tok/sec: 24,947 | bf16_mfu: 0.00 | epoch: 1 pq: 24 rg: 57 | total time: 681.83m | eta: 136.6m
step 02102/02520 (83.41%) | loss: 2.851787 | lrm: 0.29 | dt: 18436.52ms | tok/sec: 28,437 | bf16_mfu: 0.00 | epoch: 1 pq: 24 rg: 58 | total time: 682.14m | eta: 136.3m
step 02103/02520 (83.45%) | loss: 2.854944 | lrm: 0.29 | dt: 18606.56ms | tok/sec: 28,177 | bf16_mfu: 0.00 | epoch: 1 pq: 24 rg: 59 | total time: 682.45m | eta: 136.0m
step 02104/02520 (83.49%) | loss: 2.837655 | lrm: 0.29 | dt: 20976.66ms | tok/sec: 24,993 | bf16_mfu: 0.00 | epoch: 1 pq: 24 rg: 60 | total time: 682.80m | eta: 135.6m
step 02105/02520 (83.53%) | loss: 2.845291 | lrm: 0.29 | dt: 18443.92ms | tok/sec: 28,426 | bf16_mfu: 0.00 | epoch: 1 pq: 24 rg: 61 | total time: 683.11m | eta: 135.3m
step 02106/02520 (83.57%) | loss: 2.851864 | lrm: 0.29 | dt: 18640.89ms | tok/sec: 28,125 | bf16_mfu: 0.00 | epoch: 1 pq: 24 rg: 62 | total time: 683.42m | eta: 135.0m
step 02107/02520 (83.61%) | loss: 2.883456 | lrm: 0.29 | dt: 20961.96ms | tok/sec: 25,011 | bf16_mfu: 0.00 | epoch: 1 pq: 24 rg: 63 | total time: 683.77m | eta: 134.7m
step 02108/02520 (83.65%) | loss: 2.890607 | lrm: 0.29 | dt: 18456.17ms | tok/sec: 28,407 | bf16_mfu: 0.00 | epoch: 1 pq: 24 rg: 63 | total time: 684.07m | eta: 134.3m
step 02109/02520 (83.69%) | loss: 2.898086 | lrm: 0.29 | dt: 21156.00ms | tok/sec: 24,781 | bf16_mfu: 0.00 | epoch: 1 pq: 24 rg: 64 | total time: 684.43m | eta: 134.0m
step 02110/02520 (83.73%) | loss: 2.847254 | lrm: 0.29 | dt: 18484.37ms | tok/sec: 28,363 | bf16_mfu: 0.00 | epoch: 1 pq: 24 rg: 65 | total time: 684.74m | eta: 133.7m
step 02111/02520 (83.77%) | loss: 2.853063 | lrm: 0.29 | dt: 18383.17ms | tok/sec: 28,519 | bf16_mfu: 0.00 | epoch: 1 pq: 24 rg: 66 | total time: 685.04m | eta: 133.4m
step 02112/02520 (83.81%) | loss: 2.840004 | lrm: 0.29 | dt: 21159.58ms | tok/sec: 24,777 | bf16_mfu: 0.00 | epoch: 1 pq: 24 rg: 67 | total time: 685.39m | eta: 133.0m
step 02113/02520 (83.85%) | loss: 2.828621 | lrm: 0.29 | dt: 18486.15ms | tok/sec: 28,361 | bf16_mfu: 0.00 | epoch: 1 pq: 24 rg: 68 | total time: 685.70m | eta: 132.7m
step 02114/02520 (83.89%) | loss: 2.834567 | lrm: 0.29 | dt: 18467.53ms | tok/sec: 28,389 | bf16_mfu: 0.00 | epoch: 1 pq: 24 rg: 69 | total time: 686.01m | eta: 132.4m
step 02115/02520 (83.93%) | loss: 2.844724 | lrm: 0.28 | dt: 21044.52ms | tok/sec: 24,913 | bf16_mfu: 0.00 | epoch: 1 pq: 24 rg: 70 | total time: 686.36m | eta: 132.1m
step 02116/02520 (83.97%) | loss: 2.819853 | lrm: 0.28 | dt: 18506.00ms | tok/sec: 28,330 | bf16_mfu: 0.00 | epoch: 1 pq: 24 rg: 71 | total time: 686.67m | eta: 131.7m
step 02117/02520 (84.01%) | loss: 2.846409 | lrm: 0.28 | dt: 18509.48ms | tok/sec: 28,325 | bf16_mfu: 0.00 | epoch: 1 pq: 24 rg: 72 | total time: 686.98m | eta: 131.4m
step 02118/02520 (84.05%) | loss: 2.847296 | lrm: 0.28 | dt: 21081.42ms | tok/sec: 24,869 | bf16_mfu: 0.00 | epoch: 1 pq: 24 rg: 73 | total time: 687.33m | eta: 131.1m
step 02119/02520 (84.09%) | loss: 2.852570 | lrm: 0.28 | dt: 18405.36ms | tok/sec: 28,485 | bf16_mfu: 0.00 | epoch: 1 pq: 24 rg: 74 | total time: 687.64m | eta: 130.7m
step 02120/02520 (84.13%) | loss: 2.866600 | lrm: 0.28 | dt: 18518.86ms | tok/sec: 28,311 | bf16_mfu: 0.00 | epoch: 1 pq: 24 rg: 75 | total time: 687.94m | eta: 130.4m
step 02121/02520 (84.17%) | loss: 2.868052 | lrm: 0.28 | dt: 21058.03ms | tok/sec: 24,897 | bf16_mfu: 0.00 | epoch: 1 pq: 24 rg: 76 | total time: 688.30m | eta: 130.1m
step 02122/02520 (84.21%) | loss: 2.865533 | lrm: 0.28 | dt: 18458.11ms | tok/sec: 28,404 | bf16_mfu: 0.00 | epoch: 1 pq: 24 rg: 77 | total time: 688.60m | eta: 129.8m
step 02123/02520 (84.25%) | loss: 2.851931 | lrm: 0.28 | dt: 18590.26ms | tok/sec: 28,202 | bf16_mfu: 0.00 | epoch: 1 pq: 24 rg: 78 | total time: 688.91m | eta: 129.4m
step 02124/02520 (84.29%) | loss: 2.847092 | lrm: 0.28 | dt: 21067.39ms | tok/sec: 24,886 | bf16_mfu: 0.00 | epoch: 1 pq: 24 rg: 79 | total time: 689.26m | eta: 129.1m
step 02125/02520 (84.33%) | loss: 2.846375 | lrm: 0.28 | dt: 18398.11ms | tok/sec: 28,496 | bf16_mfu: 0.00 | epoch: 1 pq: 24 rg: 80 | total time: 689.57m | eta: 128.8m
step 02126/02520 (84.37%) | loss: 2.864507 | lrm: 0.28 | dt: 18599.12ms | tok/sec: 28,188 | bf16_mfu: 0.00 | epoch: 1 pq: 24 rg: 81 | total time: 689.88m | eta: 128.5m
step 02127/02520 (84.40%) | loss: 2.854641 | lrm: 0.28 | dt: 21063.57ms | tok/sec: 24,890 | bf16_mfu: 0.00 | epoch: 1 pq: 24 rg: 82 | total time: 690.23m | eta: 128.1m
step 02128/02520 (84.44%) | loss: 2.838374 | lrm: 0.28 | dt: 18374.88ms | tok/sec: 28,532 | bf16_mfu: 0.00 | epoch: 1 pq: 25 rg: 0 | total time: 690.54m | eta: 127.8m
step 02129/02520 (84.48%) | loss: 2.850896 | lrm: 0.28 | dt: 18614.36ms | tok/sec: 28,165 | bf16_mfu: 0.00 | epoch: 1 pq: 25 rg: 1 | total time: 690.85m | eta: 127.5m
step 02130/02520 (84.52%) | loss: 2.829703 | lrm: 0.28 | dt: 21068.30ms | tok/sec: 24,885 | bf16_mfu: 0.00 | epoch: 1 pq: 25 rg: 2 | total time: 691.20m | eta: 127.2m
step 02131/02520 (84.56%) | loss: 2.835376 | lrm: 0.28 | dt: 18425.35ms | tok/sec: 28,454 | bf16_mfu: 0.00 | epoch: 1 pq: 25 rg: 3 | total time: 691.51m | eta: 126.8m
step 02132/02520 (84.60%) | loss: 2.845026 | lrm: 0.28 | dt: 21148.57ms | tok/sec: 24,790 | bf16_mfu: 0.00 | epoch: 1 pq: 25 rg: 4 | total time: 691.86m | eta: 126.5m
step 02133/02520 (84.64%) | loss: 2.842649 | lrm: 0.27 | dt: 18478.84ms | tok/sec: 28,372 | bf16_mfu: 0.00 | epoch: 1 pq: 25 rg: 5 | total time: 692.17m | eta: 126.2m
step 02134/02520 (84.68%) | loss: 2.846776 | lrm: 0.27 | dt: 18443.06ms | tok/sec: 28,427 | bf16_mfu: 0.00 | epoch: 1 pq: 25 rg: 6 | total time: 692.47m | eta: 125.8m
step 02135/02520 (84.72%) | loss: 2.855523 | lrm: 0.27 | dt: 21061.63ms | tok/sec: 24,893 | bf16_mfu: 0.00 | epoch: 1 pq: 25 rg: 7 | total time: 692.83m | eta: 125.5m
step 02136/02520 (84.76%) | loss: 2.833059 | lrm: 0.27 | dt: 18457.37ms | tok/sec: 28,405 | bf16_mfu: 0.00 | epoch: 1 pq: 25 rg: 7 | total time: 693.13m | eta: 125.2m
step 02137/02520 (84.80%) | loss: 2.849301 | lrm: 0.27 | dt: 18459.15ms | tok/sec: 28,402 | bf16_mfu: 0.00 | epoch: 1 pq: 25 rg: 8 | total time: 693.44m | eta: 124.9m
step 02138/02520 (84.84%) | loss: 2.844243 | lrm: 0.27 | dt: 21085.79ms | tok/sec: 24,864 | bf16_mfu: 0.00 | epoch: 1 pq: 25 rg: 9 | total time: 693.79m | eta: 124.5m
step 02139/02520 (84.88%) | loss: 2.845991 | lrm: 0.27 | dt: 18474.73ms | tok/sec: 28,378 | bf16_mfu: 0.00 | epoch: 1 pq: 25 rg: 10 | total time: 694.10m | eta: 124.2m
step 02140/02520 (84.92%) | loss: 2.839480 | lrm: 0.27 | dt: 18541.96ms | tok/sec: 28,275 | bf16_mfu: 0.00 | epoch: 1 pq: 25 rg: 11 | total time: 694.41m | eta: 123.9m
step 02141/02520 (84.96%) | loss: 2.801584 | lrm: 0.27 | dt: 21090.63ms | tok/sec: 24,858 | bf16_mfu: 0.00 | epoch: 1 pq: 25 rg: 12 | total time: 694.76m | eta: 123.6m
step 02142/02520 (85.00%) | loss: 2.819320 | lrm: 0.27 | dt: 18428.83ms | tok/sec: 28,449 | bf16_mfu: 0.00 | epoch: 1 pq: 25 rg: 13 | total time: 695.07m | eta: 123.2m
step 02143/02520 (85.04%) | loss: 2.821155 | lrm: 0.27 | dt: 18513.16ms | tok/sec: 28,319 | bf16_mfu: 0.00 | epoch: 1 pq: 25 rg: 14 | total time: 695.38m | eta: 122.9m
step 02144/02520 (85.08%) | loss: 2.847197 | lrm: 0.27 | dt: 21088.15ms | tok/sec: 24,861 | bf16_mfu: 0.00 | epoch: 1 pq: 25 rg: 15 | total time: 695.73m | eta: 122.6m
step 02145/02520 (85.12%) | loss: 2.847160 | lrm: 0.27 | dt: 18508.36ms | tok/sec: 28,327 | bf16_mfu: 0.00 | epoch: 1 pq: 25 rg: 16 | total time: 696.04m | eta: 122.3m
step 02146/02520 (85.16%) | loss: 2.846385 | lrm: 0.27 | dt: 18515.21ms | tok/sec: 28,316 | bf16_mfu: 0.00 | epoch: 1 pq: 25 rg: 17 | total time: 696.34m | eta: 121.9m
step 02147/02520 (85.20%) | loss: 2.846108 | lrm: 0.27 | dt: 21081.11ms | tok/sec: 24,870 | bf16_mfu: 0.00 | epoch: 1 pq: 25 rg: 18 | total time: 696.70m | eta: 121.6m
step 02148/02520 (85.24%) | loss: 2.834890 | lrm: 0.27 | dt: 18410.59ms | tok/sec: 28,477 | bf16_mfu: 0.00 | epoch: 1 pq: 25 rg: 19 | total time: 697.00m | eta: 121.3m
step 02149/02520 (85.28%) | loss: 2.815279 | lrm: 0.27 | dt: 18568.87ms | tok/sec: 28,234 | bf16_mfu: 0.00 | epoch: 1 pq: 25 rg: 20 | total time: 697.31m | eta: 120.9m
step 02150/02520 (85.32%) | loss: 2.800694 | lrm: 0.26 | dt: 21060.31ms | tok/sec: 24,894 | bf16_mfu: 0.00 | epoch: 1 pq: 25 rg: 21 | total time: 697.66m | eta: 120.6m
step 02151/02520 (85.36%) | loss: 2.775709 | lrm: 0.26 | dt: 18435.26ms | tok/sec: 28,439 | bf16_mfu: 0.00 | epoch: 1 pq: 25 rg: 22 | total time: 697.97m | eta: 120.3m
step 02152/02520 (85.40%) | loss: 2.779125 | lrm: 0.26 | dt: 18565.63ms | tok/sec: 28,239 | bf16_mfu: 0.00 | epoch: 1 pq: 25 rg: 23 | total time: 698.28m | eta: 120.0m
step 02153/02520 (85.44%) | loss: 2.789095 | lrm: 0.26 | dt: 21026.06ms | tok/sec: 24,935 | bf16_mfu: 0.00 | epoch: 1 pq: 25 rg: 24 | total time: 698.63m | eta: 119.6m
step 02154/02520 (85.48%) | loss: 2.804455 | lrm: 0.26 | dt: 18413.47ms | tok/sec: 28,473 | bf16_mfu: 0.00 | epoch: 1 pq: 25 rg: 25 | total time: 698.94m | eta: 119.3m
step 02155/02520 (85.52%) | loss: 2.821927 | lrm: 0.26 | dt: 21198.50ms | tok/sec: 24,732 | bf16_mfu: 0.00 | epoch: 1 pq: 25 rg: 26 | total time: 699.29m | eta: 119.0m
step 02156/02520 (85.56%) | loss: 2.834479 | lrm: 0.26 | dt: 18431.07ms | tok/sec: 28,445 | bf16_mfu: 0.00 | epoch: 1 pq: 25 rg: 27 | total time: 699.60m | eta: 118.7m
step 02157/02520 (85.60%) | loss: 2.806133 | lrm: 0.26 | dt: 18407.45ms | tok/sec: 28,482 | bf16_mfu: 0.00 | epoch: 1 pq: 25 rg: 28 | total time: 699.90m | eta: 118.3m
step 02158/02520 (85.63%) | loss: 2.824810 | lrm: 0.26 | dt: 21200.39ms | tok/sec: 24,730 | bf16_mfu: 0.00 | epoch: 1 pq: 25 rg: 29 | total time: 700.26m | eta: 118.0m
step 02159/02520 (85.67%) | loss: 2.823920 | lrm: 0.26 | dt: 18383.01ms | tok/sec: 28,520 | bf16_mfu: 0.00 | epoch: 1 pq: 25 rg: 30 | total time: 700.56m | eta: 117.7m
step 02160/02520 (85.71%) | loss: 2.818949 | lrm: 0.26 | dt: 18495.88ms | tok/sec: 28,346 | bf16_mfu: 0.00 | epoch: 1 pq: 25 rg: 31 | total time: 700.87m | eta: 117.4m
step 02161/02520 (85.75%) | loss: 2.820809 | lrm: 0.26 | dt: 21229.22ms | tok/sec: 24,696 | bf16_mfu: 0.00 | epoch: 1 pq: 25 rg: 31 | total time: 701.23m | eta: 117.0m
step 02162/02520 (85.79%) | loss: 2.812675 | lrm: 0.26 | dt: 18309.10ms | tok/sec: 28,635 | bf16_mfu: 0.00 | epoch: 1 pq: 25 rg: 32 | total time: 701.53m | eta: 116.7m
step 02163/02520 (85.83%) | loss: 2.798282 | lrm: 0.26 | dt: 18610.70ms | tok/sec: 28,171 | bf16_mfu: 0.00 | epoch: 1 pq: 25 rg: 33 | total time: 701.84m | eta: 116.4m
step 02164/02520 (85.87%) | loss: 2.809391 | lrm: 0.26 | dt: 21129.14ms | tok/sec: 24,813 | bf16_mfu: 0.00 | epoch: 1 pq: 25 rg: 34 | total time: 702.19m | eta: 116.1m
step 02165/02520 (85.91%) | loss: 2.830017 | lrm: 0.26 | dt: 18347.97ms | tok/sec: 28,574 | bf16_mfu: 0.00 | epoch: 1 pq: 25 rg: 35 | total time: 702.50m | eta: 115.7m
step 02166/02520 (85.95%) | loss: 2.820064 | lrm: 0.26 | dt: 18578.44ms | tok/sec: 28,220 | bf16_mfu: 0.00 | epoch: 1 pq: 25 rg: 36 | total time: 702.81m | eta: 115.4m
step 02167/02520 (85.99%) | loss: 2.826938 | lrm: 0.25 | dt: 21137.22ms | tok/sec: 24,804 | bf16_mfu: 0.00 | epoch: 1 pq: 25 rg: 37 | total time: 703.16m | eta: 115.1m
step 02168/02520 (86.03%) | loss: 2.837717 | lrm: 0.25 | dt: 18291.22ms | tok/sec: 28,663 | bf16_mfu: 0.00 | epoch: 1 pq: 25 rg: 38 | total time: 703.47m | eta: 114.7m
step 02169/02520 (86.07%) | loss: 2.848219 | lrm: 0.25 | dt: 18637.89ms | tok/sec: 28,130 | bf16_mfu: 0.00 | epoch: 1 pq: 25 rg: 39 | total time: 703.78m | eta: 114.4m
step 02170/02520 (86.11%) | loss: 2.850067 | lrm: 0.25 | dt: 21108.48ms | tok/sec: 24,837 | bf16_mfu: 0.00 | epoch: 1 pq: 25 rg: 40 | total time: 704.13m | eta: 114.1m
step 02171/02520 (86.15%) | loss: 2.849507 | lrm: 0.25 | dt: 18377.64ms | tok/sec: 28,528 | bf16_mfu: 0.00 | epoch: 1 pq: 25 rg: 41 | total time: 704.44m | eta: 113.8m
step 02172/02520 (86.19%) | loss: 2.840526 | lrm: 0.25 | dt: 21079.65ms | tok/sec: 24,871 | bf16_mfu: 0.00 | epoch: 1 pq: 25 rg: 42 | total time: 704.79m | eta: 113.4m
step 02173/02520 (86.23%) | loss: 2.813791 | lrm: 0.25 | dt: 17195.09ms | tok/sec: 30,490 | bf16_mfu: 0.00 | epoch: 1 pq: 25 rg: 43 | total time: 705.07m | eta: 113.1m
step 02174/02520 (86.27%) | loss: 2.813003 | lrm: 0.25 | dt: 21087.07ms | tok/sec: 24,863 | bf16_mfu: 0.00 | epoch: 1 pq: 25 rg: 44 | total time: 705.42m | eta: 112.8m
step 02175/02520 (86.31%) | loss: 2.809239 | lrm: 0.25 | dt: 18597.31ms | tok/sec: 28,191 | bf16_mfu: 0.00 | epoch: 1 pq: 25 rg: 45 | total time: 705.73m | eta: 112.5m
step 02176/02520 (86.35%) | loss: 2.828127 | lrm: 0.25 | dt: 18388.77ms | tok/sec: 28,511 | bf16_mfu: 0.00 | epoch: 1 pq: 25 rg: 46 | total time: 706.04m | eta: 112.1m
step 02177/02520 (86.39%) | loss: 2.842932 | lrm: 0.25 | dt: 21133.57ms | tok/sec: 24,808 | bf16_mfu: 0.00 | epoch: 1 pq: 25 rg: 47 | total time: 706.39m | eta: 111.8m
step 02178/02520 (86.43%) | loss: 2.840471 | lrm: 0.25 | dt: 18510.97ms | tok/sec: 28,323 | bf16_mfu: 0.00 | epoch: 1 pq: 25 rg: 48 | total time: 706.70m | eta: 111.5m
step 02179/02520 (86.47%) | loss: 2.834805 | lrm: 0.25 | dt: 18385.35ms | tok/sec: 28,516 | bf16_mfu: 0.00 | epoch: 1 pq: 25 rg: 49 | total time: 707.01m | eta: 111.2m
step 02180/02520 (86.51%) | loss: 2.836294 | lrm: 0.25 | dt: 21121.48ms | tok/sec: 24,822 | bf16_mfu: 0.00 | epoch: 1 pq: 25 rg: 50 | total time: 707.36m | eta: 110.8m
step 02181/02520 (86.55%) | loss: 2.829473 | lrm: 0.25 | dt: 18531.34ms | tok/sec: 28,291 | bf16_mfu: 0.00 | epoch: 1 pq: 25 rg: 51 | total time: 707.67m | eta: 110.5m
step 02182/02520 (86.59%) | loss: 2.832991 | lrm: 0.25 | dt: 18430.48ms | tok/sec: 28,446 | bf16_mfu: 0.00 | epoch: 1 pq: 25 rg: 52 | total time: 707.98m | eta: 110.2m
step 02183/02520 (86.63%) | loss: 2.838885 | lrm: 0.25 | dt: 21109.38ms | tok/sec: 24,836 | bf16_mfu: 0.00 | epoch: 1 pq: 25 rg: 53 | total time: 708.33m | eta: 109.9m
step 02184/02520 (86.67%) | loss: 2.845785 | lrm: 0.24 | dt: 18446.71ms | tok/sec: 28,421 | bf16_mfu: 0.00 | epoch: 1 pq: 25 rg: 54 | total time: 708.64m | eta: 109.5m
step 02185/02520 (86.71%) | loss: 2.826797 | lrm: 0.24 | dt: 18527.17ms | tok/sec: 28,298 | bf16_mfu: 0.00 | epoch: 1 pq: 25 rg: 55 | total time: 708.94m | eta: 109.2m
step 02186/02520 (86.75%) | loss: 2.848138 | lrm: 0.24 | dt: 21108.03ms | tok/sec: 24,838 | bf16_mfu: 0.00 | epoch: 1 pq: 25 rg: 56 | total time: 709.30m | eta: 108.9m
step 02187/02520 (86.79%) | loss: 2.865274 | lrm: 0.24 | dt: 18443.26ms | tok/sec: 28,427 | bf16_mfu: 0.00 | epoch: 1 pq: 25 rg: 57 | total time: 709.60m | eta: 108.5m
step 02188/02520 (86.83%) | loss: 2.878874 | lrm: 0.24 | dt: 18510.54ms | tok/sec: 28,323 | bf16_mfu: 0.00 | epoch: 1 pq: 25 rg: 58 | total time: 709.91m | eta: 108.2m
step 02189/02520 (86.87%) | loss: 2.856770 | lrm: 0.24 | dt: 21101.25ms | tok/sec: 24,846 | bf16_mfu: 0.00 | epoch: 1 pq: 25 rg: 59 | total time: 710.26m | eta: 107.9m
step 02190/02520 (86.90%) | loss: 2.845256 | lrm: 0.24 | dt: 18371.89ms | tok/sec: 28,537 | bf16_mfu: 0.00 | epoch: 1 pq: 25 rg: 60 | total time: 710.57m | eta: 107.6m
step 02191/02520 (86.94%) | loss: 2.858796 | lrm: 0.24 | dt: 21084.81ms | tok/sec: 24,865 | bf16_mfu: 0.00 | epoch: 1 pq: 25 rg: 61 | total time: 710.92m | eta: 107.2m
step 02192/02520 (86.98%) | loss: 2.851792 | lrm: 0.24 | dt: 18548.43ms | tok/sec: 28,265 | bf16_mfu: 0.00 | epoch: 1 pq: 25 rg: 62 | total time: 711.23m | eta: 106.9m
step 02193/02520 (87.02%) | loss: 2.846031 | lrm: 0.24 | dt: 18383.11ms | tok/sec: 28,520 | bf16_mfu: 0.00 | epoch: 1 pq: 25 rg: 62 | total time: 711.54m | eta: 106.6m
step 02194/02520 (87.06%) | loss: 2.826713 | lrm: 0.24 | dt: 21083.92ms | tok/sec: 24,866 | bf16_mfu: 0.00 | epoch: 1 pq: 25 rg: 63 | total time: 711.89m | eta: 106.3m
step 02195/02520 (87.10%) | loss: 2.824955 | lrm: 0.24 | dt: 18591.88ms | tok/sec: 28,199 | bf16_mfu: 0.00 | epoch: 1 pq: 25 rg: 64 | total time: 712.20m | eta: 105.9m
step 02196/02520 (87.14%) | loss: 2.843691 | lrm: 0.24 | dt: 18480.21ms | tok/sec: 28,370 | bf16_mfu: 0.00 | epoch: 1 pq: 25 rg: 65 | total time: 712.51m | eta: 105.6m
step 02197/02520 (87.18%) | loss: 2.849803 | lrm: 0.24 | dt: 21066.90ms | tok/sec: 24,886 | bf16_mfu: 0.00 | epoch: 1 pq: 25 rg: 66 | total time: 712.86m | eta: 105.3m
step 02198/02520 (87.22%) | loss: 2.882340 | lrm: 0.24 | dt: 18621.92ms | tok/sec: 28,154 | bf16_mfu: 0.00 | epoch: 1 pq: 25 rg: 67 | total time: 713.17m | eta: 105.0m
step 02199/02520 (87.26%) | loss: 2.906439 | lrm: 0.24 | dt: 18308.61ms | tok/sec: 28,636 | bf16_mfu: 0.00 | epoch: 1 pq: 25 rg: 68 | total time: 713.47m | eta: 104.6m
step 02200/02520 (87.30%) | loss: 2.890015 | lrm: 0.24 | dt: 21102.44ms | tok/sec: 24,844 | bf16_mfu: 0.00 | epoch: 1 pq: 25 rg: 69 | total time: 713.82m | eta: 104.3m
step 02201/02520 (87.34%) | loss: 2.894486 | lrm: 0.24 | dt: 18488.09ms | tok/sec: 28,358 | bf16_mfu: 0.00 | epoch: 1 pq: 25 rg: 70 | total time: 714.13m | eta: 104.0m
step 02202/02520 (87.38%) | loss: 2.900362 | lrm: 0.23 | dt: 18539.78ms | tok/sec: 28,279 | bf16_mfu: 0.00 | epoch: 1 pq: 25 rg: 71 | total time: 714.44m | eta: 103.6m
step 02203/02520 (87.42%) | loss: 2.877035 | lrm: 0.23 | dt: 21082.65ms | tok/sec: 24,868 | bf16_mfu: 0.00 | epoch: 1 pq: 25 rg: 72 | total time: 714.79m | eta: 103.3m
step 02204/02520 (87.46%) | loss: 2.882887 | lrm: 0.23 | dt: 18381.06ms | tok/sec: 28,523 | bf16_mfu: 0.00 | epoch: 1 pq: 25 rg: 73 | total time: 715.10m | eta: 103.0m
step 02205/02520 (87.50%) | loss: 2.893181 | lrm: 0.23 | dt: 18585.29ms | tok/sec: 28,209 | bf16_mfu: 0.00 | epoch: 1 pq: 25 rg: 74 | total time: 715.41m | eta: 102.7m
step 02206/02520 (87.54%) | loss: 2.869440 | lrm: 0.23 | dt: 21089.28ms | tok/sec: 24,860 | bf16_mfu: 0.00 | epoch: 1 pq: 25 rg: 75 | total time: 715.76m | eta: 102.3m
step 02207/02520 (87.58%) | loss: 2.842796 | lrm: 0.23 | dt: 18432.75ms | tok/sec: 28,443 | bf16_mfu: 0.00 | epoch: 1 pq: 25 rg: 76 | total time: 716.07m | eta: 102.0m
step 02208/02520 (87.62%) | loss: 2.855881 | lrm: 0.23 | dt: 18550.08ms | tok/sec: 28,263 | bf16_mfu: 0.00 | epoch: 1 pq: 25 rg: 77 | total time: 716.38m | eta: 101.7m
step 02209/02520 (87.66%) | loss: 2.830516 | lrm: 0.23 | dt: 21080.58ms | tok/sec: 24,870 | bf16_mfu: 0.00 | epoch: 1 pq: 25 rg: 78 | total time: 716.73m | eta: 101.4m
step 02210/02520 (87.70%) | loss: 2.808889 | lrm: 0.23 | dt: 18339.60ms | tok/sec: 28,587 | bf16_mfu: 0.00 | epoch: 1 pq: 25 rg: 79 | total time: 717.03m | eta: 101.0m
step 02211/02520 (87.74%) | loss: 2.831404 | lrm: 0.23 | dt: 18606.94ms | tok/sec: 28,177 | bf16_mfu: 0.00 | epoch: 1 pq: 25 rg: 80 | total time: 717.34m | eta: 100.7m
step 02212/02520 (87.78%) | loss: 2.839233 | lrm: 0.23 | dt: 21089.65ms | tok/sec: 24,859 | bf16_mfu: 0.00 | epoch: 1 pq: 25 rg: 81 | total time: 717.70m | eta: 100.4m
step 02213/02520 (87.82%) | loss: 2.836596 | lrm: 0.23 | dt: 18425.01ms | tok/sec: 28,455 | bf16_mfu: 0.00 | epoch: 1 pq: 25 rg: 82 | total time: 718.00m | eta: 100.1m
step 02214/02520 (87.86%) | loss: 2.847845 | lrm: 0.23 | dt: 18566.12ms | tok/sec: 28,238 | bf16_mfu: 0.00 | epoch: 1 pq: 26 rg: 0 | total time: 718.31m | eta: 99.7m
step 02215/02520 (87.90%) | loss: 2.833270 | lrm: 0.23 | dt: 21093.20ms | tok/sec: 24,855 | bf16_mfu: 0.00 | epoch: 1 pq: 26 rg: 1 | total time: 718.66m | eta: 99.4m
step 02216/02520 (87.94%) | loss: 2.829227 | lrm: 0.23 | dt: 18429.70ms | tok/sec: 28,447 | bf16_mfu: 0.00 | epoch: 1 pq: 26 rg: 2 | total time: 718.97m | eta: 99.1m
step 02217/02520 (87.98%) | loss: 2.815728 | lrm: 0.23 | dt: 21160.30ms | tok/sec: 24,776 | bf16_mfu: 0.00 | epoch: 1 pq: 26 rg: 3 | total time: 719.32m | eta: 98.8m
step 02218/02520 (88.02%) | loss: 2.784035 | lrm: 0.23 | dt: 18458.11ms | tok/sec: 28,404 | bf16_mfu: 0.00 | epoch: 1 pq: 26 rg: 4 | total time: 719.63m | eta: 98.4m
step 02219/02520 (88.06%) | loss: 2.778861 | lrm: 0.22 | dt: 18430.01ms | tok/sec: 28,447 | bf16_mfu: 0.00 | epoch: 1 pq: 26 rg: 5 | total time: 719.94m | eta: 98.1m
step 02220/02520 (88.10%) | loss: 2.797098 | lrm: 0.22 | dt: 21102.59ms | tok/sec: 24,844 | bf16_mfu: 0.00 | epoch: 1 pq: 26 rg: 6 | total time: 720.29m | eta: 97.8m
step 02221/02520 (88.13%) | loss: 2.797051 | lrm: 0.22 | dt: 18522.60ms | tok/sec: 28,305 | bf16_mfu: 0.00 | epoch: 1 pq: 26 rg: 7 | total time: 720.60m | eta: 97.4m
step 02222/02520 (88.17%) | loss: 2.783027 | lrm: 0.22 | dt: 18436.06ms | tok/sec: 28,438 | bf16_mfu: 0.00 | epoch: 1 pq: 26 rg: 8 | total time: 720.91m | eta: 97.1m
step 02223/02520 (88.21%) | loss: 2.815680 | lrm: 0.22 | dt: 21124.45ms | tok/sec: 24,819 | bf16_mfu: 0.00 | epoch: 1 pq: 26 rg: 9 | total time: 721.26m | eta: 96.8m
step 02224/02520 (88.25%) | loss: 2.833609 | lrm: 0.22 | dt: 18440.79ms | tok/sec: 28,430 | bf16_mfu: 0.00 | epoch: 1 pq: 26 rg: 10 | total time: 721.57m | eta: 96.5m
step 02225/02520 (88.29%) | loss: 2.818165 | lrm: 0.22 | dt: 18441.53ms | tok/sec: 28,429 | bf16_mfu: 0.00 | epoch: 1 pq: 26 rg: 11 | total time: 721.87m | eta: 96.1m
step 02226/02520 (88.33%) | loss: 2.790161 | lrm: 0.22 | dt: 21127.65ms | tok/sec: 24,815 | bf16_mfu: 0.00 | epoch: 1 pq: 26 rg: 11 | total time: 722.23m | eta: 95.8m
step 02227/02520 (88.37%) | loss: 2.807289 | lrm: 0.22 | dt: 18248.41ms | tok/sec: 28,730 | bf16_mfu: 0.00 | epoch: 1 pq: 26 rg: 12 | total time: 722.53m | eta: 95.5m
step 02228/02520 (88.41%) | loss: 2.802611 | lrm: 0.22 | dt: 18636.17ms | tok/sec: 28,132 | bf16_mfu: 0.00 | epoch: 1 pq: 26 rg: 13 | total time: 722.84m | eta: 95.2m
step 02229/02520 (88.45%) | loss: 2.828321 | lrm: 0.22 | dt: 20653.01ms | tok/sec: 25,385 | bf16_mfu: 0.00 | epoch: 1 pq: 26 rg: 14 | total time: 723.18m | eta: 94.8m
step 02230/02520 (88.49%) | loss: 2.818025 | lrm: 0.22 | dt: 17834.12ms | tok/sec: 29,398 | bf16_mfu: 0.00 | epoch: 1 pq: 26 rg: 15 | total time: 723.48m | eta: 94.5m
step 02231/02520 (88.53%) | loss: 2.802734 | lrm: 0.22 | dt: 19424.50ms | tok/sec: 26,991 | bf16_mfu: 0.00 | epoch: 1 pq: 26 rg: 16 | total time: 723.81m | eta: 94.2m
step 02232/02520 (88.57%) | loss: 2.823807 | lrm: 0.22 | dt: 20271.89ms | tok/sec: 25,862 | bf16_mfu: 0.00 | epoch: 1 pq: 26 rg: 17 | total time: 724.14m | eta: 93.9m
step 02233/02520 (88.61%) | loss: 2.806096 | lrm: 0.22 | dt: 18308.43ms | tok/sec: 28,636 | bf16_mfu: 0.00 | epoch: 1 pq: 26 rg: 18 | total time: 724.45m | eta: 93.5m
step 02234/02520 (88.65%) | loss: 2.825934 | lrm: 0.22 | dt: 20013.04ms | tok/sec: 26,197 | bf16_mfu: 0.00 | epoch: 1 pq: 26 rg: 19 | total time: 724.78m | eta: 93.2m
step 02235/02520 (88.69%) | loss: 2.826646 | lrm: 0.22 | dt: 19401.43ms | tok/sec: 27,023 | bf16_mfu: 0.00 | epoch: 1 pq: 26 rg: 20 | total time: 725.10m | eta: 92.9m
step 02236/02520 (88.73%) | loss: 2.825894 | lrm: 0.21 | dt: 18879.77ms | tok/sec: 27,769 | bf16_mfu: 0.00 | epoch: 1 pq: 26 rg: 21 | total time: 725.42m | eta: 92.6m
step 02237/02520 (88.77%) | loss: 2.834029 | lrm: 0.21 | dt: 20016.43ms | tok/sec: 26,192 | bf16_mfu: 0.00 | epoch: 1 pq: 26 rg: 22 | total time: 725.75m | eta: 92.2m
step 02238/02520 (88.81%) | loss: 2.821722 | lrm: 0.21 | dt: 18965.18ms | tok/sec: 27,644 | bf16_mfu: 0.00 | epoch: 1 pq: 26 rg: 23 | total time: 726.07m | eta: 91.9m
step 02239/02520 (88.85%) | loss: 2.824232 | lrm: 0.21 | dt: 19782.31ms | tok/sec: 26,502 | bf16_mfu: 0.00 | epoch: 1 pq: 26 rg: 24 | total time: 726.40m | eta: 91.6m
step 02240/02520 (88.89%) | loss: 2.822147 | lrm: 0.21 | dt: 19185.10ms | tok/sec: 27,327 | bf16_mfu: 0.00 | epoch: 1 pq: 26 rg: 25 | total time: 726.72m | eta: 91.2m
step 02241/02520 (88.93%) | loss: 2.818961 | lrm: 0.21 | dt: 19079.05ms | tok/sec: 27,479 | bf16_mfu: 0.00 | epoch: 1 pq: 26 rg: 26 | total time: 727.04m | eta: 90.9m
step 02242/02520 (88.97%) | loss: 2.820035 | lrm: 0.21 | dt: 19872.67ms | tok/sec: 26,382 | bf16_mfu: 0.00 | epoch: 1 pq: 26 rg: 27 | total time: 727.37m | eta: 90.6m
step 02243/02520 (89.01%) | loss: 2.819881 | lrm: 0.21 | dt: 19135.89ms | tok/sec: 27,398 | bf16_mfu: 0.00 | epoch: 1 pq: 26 rg: 28 | total time: 727.69m | eta: 90.3m
step 02244/02520 (89.05%) | loss: 2.829236 | lrm: 0.21 | dt: 19683.96ms | tok/sec: 26,635 | bf16_mfu: 0.00 | epoch: 1 pq: 26 rg: 29 | total time: 728.01m | eta: 89.9m
step 02245/02520 (89.09%) | loss: 2.851937 | lrm: 0.21 | dt: 19333.38ms | tok/sec: 27,118 | bf16_mfu: 0.00 | epoch: 1 pq: 26 rg: 30 | total time: 728.34m | eta: 89.6m
step 02246/02520 (89.13%) | loss: 2.833822 | lrm: 0.21 | dt: 19101.42ms | tok/sec: 27,447 | bf16_mfu: 0.00 | epoch: 1 pq: 26 rg: 31 | total time: 728.66m | eta: 89.3m
step 02247/02520 (89.17%) | loss: 2.805367 | lrm: 0.21 | dt: 19745.05ms | tok/sec: 26,552 | bf16_mfu: 0.00 | epoch: 1 pq: 26 rg: 32 | total time: 728.98m | eta: 89.0m
step 02248/02520 (89.21%) | loss: 2.798631 | lrm: 0.21 | dt: 19217.67ms | tok/sec: 27,281 | bf16_mfu: 0.00 | epoch: 1 pq: 26 rg: 33 | total time: 729.30m | eta: 88.6m
step 02249/02520 (89.25%) | loss: 2.781301 | lrm: 0.21 | dt: 19004.18ms | tok/sec: 27,588 | bf16_mfu: 0.00 | epoch: 1 pq: 26 rg: 34 | total time: 729.62m | eta: 88.3m
2026-09-25 07:19:46,464 - nanochat.checkpoint_manager - [32m[1mINFO[0m - Saved model parameters to: /home/wesley/.cache/nanochat/base_checkpoints/d12/model_002250.pt
2026-09-25 07:19:46,464 - nanochat.checkpoint_manager - [32m[1mINFO[0m - Saved metadata to: /home/wesley/.cache/nanochat/base_checkpoints/d12/meta_002250.json
2026-09-25 07:19:48,160 - nanochat.checkpoint_manager - [32m[1mINFO[0m - Saved optimizer state to: /home/wesley/.cache/nanochat/base_checkpoints/d12/optim_002250_rank0.pt
step 02250/02520 (89.29%) | loss: 2.773532 | lrm: 0.21 | dt: 19980.68ms | tok/sec: 26,239 | bf16_mfu: 0.00 | epoch: 1 pq: 26 rg: 35 | total time: 729.95m | eta: 88.0m
step 02251/02520 (89.33%) | loss: 2.788126 | lrm: 0.21 | dt: 18854.17ms | tok/sec: 27,807 | bf16_mfu: 0.00 | epoch: 1 pq: 26 rg: 36 | total time: 730.27m | eta: 87.7m
step 02252/02520 (89.37%) | loss: 2.774288 | lrm: 0.21 | dt: 19857.49ms | tok/sec: 26,402 | bf16_mfu: 0.00 | epoch: 1 pq: 26 rg: 37 | total time: 730.60m | eta: 87.3m
step 02253/02520 (89.40%) | loss: 2.779038 | lrm: 0.20 | dt: 19098.92ms | tok/sec: 27,451 | bf16_mfu: 0.00 | epoch: 1 pq: 26 rg: 38 | total time: 730.92m | eta: 87.0m
step 02254/02520 (89.44%) | loss: 2.797468 | lrm: 0.20 | dt: 19052.97ms | tok/sec: 27,517 | bf16_mfu: 0.00 | epoch: 1 pq: 26 rg: 39 | total time: 731.24m | eta: 86.7m
step 02255/02520 (89.48%) | loss: 2.800313 | lrm: 0.20 | dt: 19953.52ms | tok/sec: 26,275 | bf16_mfu: 0.00 | epoch: 1 pq: 26 rg: 40 | total time: 731.57m | eta: 86.4m
step 02256/02520 (89.52%) | loss: 2.829589 | lrm: 0.20 | dt: 19087.04ms | tok/sec: 27,468 | bf16_mfu: 0.00 | epoch: 1 pq: 26 rg: 41 | total time: 731.89m | eta: 86.0m
step 02257/02520 (89.56%) | loss: 2.830778 | lrm: 0.20 | dt: 19764.74ms | tok/sec: 26,526 | bf16_mfu: 0.00 | epoch: 1 pq: 26 rg: 42 | total time: 732.22m | eta: 85.7m
step 02258/02520 (89.60%) | loss: 2.823697 | lrm: 0.20 | dt: 19262.97ms | tok/sec: 27,217 | bf16_mfu: 0.00 | epoch: 1 pq: 26 rg: 42 | total time: 732.54m | eta: 85.4m
step 02259/02520 (89.64%) | loss: 2.841038 | lrm: 0.20 | dt: 19080.14ms | tok/sec: 27,478 | bf16_mfu: 0.00 | epoch: 1 pq: 26 rg: 43 | total time: 732.85m | eta: 85.0m
step 02260/02520 (89.68%) | loss: 2.836958 | lrm: 0.20 | dt: 19613.72ms | tok/sec: 26,730 | bf16_mfu: 0.00 | epoch: 1 pq: 26 rg: 44 | total time: 733.18m | eta: 84.7m
step 02261/02520 (89.72%) | loss: 2.848453 | lrm: 0.20 | dt: 19242.41ms | tok/sec: 27,246 | bf16_mfu: 0.00 | epoch: 1 pq: 26 rg: 45 | total time: 733.50m | eta: 84.4m
step 02262/02520 (89.76%) | loss: 2.844188 | lrm: 0.20 | dt: 19184.17ms | tok/sec: 27,329 | bf16_mfu: 0.00 | epoch: 1 pq: 26 rg: 46 | total time: 733.82m | eta: 84.1m
step 02263/02520 (89.80%) | loss: 2.808074 | lrm: 0.20 | dt: 19688.52ms | tok/sec: 26,629 | bf16_mfu: 0.00 | epoch: 1 pq: 26 rg: 47 | total time: 734.15m | eta: 83.7m
step 02264/02520 (89.84%) | loss: 2.771032 | lrm: 0.20 | dt: 19151.70ms | tok/sec: 27,375 | bf16_mfu: 0.00 | epoch: 1 pq: 26 rg: 48 | total time: 734.47m | eta: 83.4m
step 02265/02520 (89.88%) | loss: 2.784298 | lrm: 0.20 | dt: 19485.50ms | tok/sec: 26,906 | bf16_mfu: 0.00 | epoch: 1 pq: 26 rg: 49 | total time: 734.79m | eta: 83.1m
step 02266/02520 (89.92%) | loss: 2.794264 | lrm: 0.20 | dt: 19277.59ms | tok/sec: 27,196 | bf16_mfu: 0.00 | epoch: 1 pq: 26 rg: 50 | total time: 735.12m | eta: 82.8m
step 02267/02520 (89.96%) | loss: 2.800547 | lrm: 0.20 | dt: 19447.83ms | tok/sec: 26,958 | bf16_mfu: 0.00 | epoch: 1 pq: 26 rg: 51 | total time: 735.44m | eta: 82.4m
step 02268/02520 (90.00%) | loss: 2.827110 | lrm: 0.20 | dt: 19420.03ms | tok/sec: 26,997 | bf16_mfu: 0.00 | epoch: 1 pq: 26 rg: 52 | total time: 735.76m | eta: 82.1m
step 02269/02520 (90.04%) | loss: 2.837512 | lrm: 0.20 | dt: 19278.81ms | tok/sec: 27,195 | bf16_mfu: 0.00 | epoch: 1 pq: 26 rg: 53 | total time: 736.08m | eta: 81.8m
step 02270/02520 (90.08%) | loss: 2.817438 | lrm: 0.19 | dt: 19479.32ms | tok/sec: 26,915 | bf16_mfu: 0.00 | epoch: 1 pq: 26 rg: 54 | total time: 736.41m | eta: 81.5m
step 02271/02520 (90.12%) | loss: 2.828510 | lrm: 0.19 | dt: 19282.89ms | tok/sec: 27,189 | bf16_mfu: 0.00 | epoch: 1 pq: 26 rg: 55 | total time: 736.73m | eta: 81.1m
step 02272/02520 (90.16%) | loss: 2.825555 | lrm: 0.19 | dt: 19423.98ms | tok/sec: 26,991 | bf16_mfu: 0.00 | epoch: 1 pq: 26 rg: 56 | total time: 737.05m | eta: 80.8m
step 02273/02520 (90.20%) | loss: 2.852687 | lrm: 0.19 | dt: 19418.91ms | tok/sec: 26,998 | bf16_mfu: 0.00 | epoch: 1 pq: 26 rg: 57 | total time: 737.38m | eta: 80.5m
step 02274/02520 (90.24%) | loss: 2.847417 | lrm: 0.19 | dt: 19278.15ms | tok/sec: 27,195 | bf16_mfu: 0.00 | epoch: 1 pq: 26 rg: 58 | total time: 737.70m | eta: 80.2m
step 02275/02520 (90.28%) | loss: 2.857042 | lrm: 0.19 | dt: 19412.06ms | tok/sec: 27,008 | bf16_mfu: 0.00 | epoch: 1 pq: 26 rg: 59 | total time: 738.02m | eta: 79.8m
step 02276/02520 (90.32%) | loss: 2.865625 | lrm: 0.19 | dt: 19356.96ms | tok/sec: 27,085 | bf16_mfu: 0.00 | epoch: 1 pq: 26 rg: 60 | total time: 738.35m | eta: 79.5m
step 02277/02520 (90.36%) | loss: 2.838197 | lrm: 0.19 | dt: 19375.95ms | tok/sec: 27,058 | bf16_mfu: 0.00 | epoch: 1 pq: 26 rg: 61 | total time: 738.67m | eta: 79.2m
step 02278/02520 (90.40%) | loss: 2.805974 | lrm: 0.19 | dt: 19383.52ms | tok/sec: 27,048 | bf16_mfu: 0.00 | epoch: 1 pq: 26 rg: 62 | total time: 738.99m | eta: 78.9m
step 02279/02520 (90.44%) | loss: 2.813197 | lrm: 0.19 | dt: 19388.81ms | tok/sec: 27,040 | bf16_mfu: 0.00 | epoch: 1 pq: 26 rg: 63 | total time: 739.31m | eta: 78.5m
step 02280/02520 (90.48%) | loss: 2.815368 | lrm: 0.19 | dt: 19385.58ms | tok/sec: 27,045 | bf16_mfu: 0.00 | epoch: 1 pq: 26 rg: 64 | total time: 739.64m | eta: 78.2m
step 02281/02520 (90.52%) | loss: 2.819617 | lrm: 0.19 | dt: 19387.87ms | tok/sec: 27,042 | bf16_mfu: 0.00 | epoch: 1 pq: 26 rg: 65 | total time: 739.96m | eta: 77.9m
step 02282/02520 (90.56%) | loss: 2.814909 | lrm: 0.19 | dt: 19384.87ms | tok/sec: 27,046 | bf16_mfu: 0.00 | epoch: 1 pq: 26 rg: 66 | total time: 740.28m | eta: 77.5m
step 02283/02520 (90.60%) | loss: 2.820173 | lrm: 0.19 | dt: 19387.04ms | tok/sec: 27,043 | bf16_mfu: 0.00 | epoch: 1 pq: 26 rg: 67 | total time: 740.61m | eta: 77.2m
step 02284/02520 (90.63%) | loss: 2.817902 | lrm: 0.19 | dt: 19386.84ms | tok/sec: 27,043 | bf16_mfu: 0.00 | epoch: 1 pq: 26 rg: 68 | total time: 740.93m | eta: 76.9m
step 02285/02520 (90.67%) | loss: 2.821905 | lrm: 0.19 | dt: 19383.93ms | tok/sec: 27,047 | bf16_mfu: 0.00 | epoch: 1 pq: 26 rg: 69 | total time: 741.25m | eta: 76.6m
step 02286/02520 (90.71%) | loss: 2.810250 | lrm: 0.19 | dt: 19390.17ms | tok/sec: 27,038 | bf16_mfu: 0.00 | epoch: 1 pq: 26 rg: 70 | total time: 741.58m | eta: 76.2m
step 02287/02520 (90.75%) | loss: 2.819547 | lrm: 0.19 | dt: 19383.64ms | tok/sec: 27,047 | bf16_mfu: 0.00 | epoch: 1 pq: 26 rg: 71 | total time: 741.90m | eta: 75.9m
step 02288/02520 (90.79%) | loss: 2.815983 | lrm: 0.18 | dt: 19385.33ms | tok/sec: 27,045 | bf16_mfu: 0.00 | epoch: 1 pq: 26 rg: 72 | total time: 742.22m | eta: 75.6m
step 02289/02520 (90.83%) | loss: 2.819100 | lrm: 0.18 | dt: 19387.68ms | tok/sec: 27,042 | bf16_mfu: 0.00 | epoch: 1 pq: 26 rg: 73 | total time: 742.55m | eta: 75.3m
step 02290/02520 (90.87%) | loss: 2.839564 | lrm: 0.18 | dt: 19385.60ms | tok/sec: 27,045 | bf16_mfu: 0.00 | epoch: 1 pq: 26 rg: 74 | total time: 742.87m | eta: 74.9m
step 02291/02520 (90.91%) | loss: 2.850223 | lrm: 0.18 | dt: 19393.80ms | tok/sec: 27,033 | bf16_mfu: 0.00 | epoch: 1 pq: 26 rg: 75 | total time: 743.19m | eta: 74.6m
step 02292/02520 (90.95%) | loss: 2.843822 | lrm: 0.18 | dt: 19387.10ms | tok/sec: 27,043 | bf16_mfu: 0.00 | epoch: 1 pq: 26 rg: 75 | total time: 743.52m | eta: 74.3m
step 02293/02520 (90.99%) | loss: 2.844804 | lrm: 0.18 | dt: 19387.33ms | tok/sec: 27,042 | bf16_mfu: 0.00 | epoch: 1 pq: 26 rg: 76 | total time: 743.84m | eta: 74.0m
step 02294/02520 (91.03%) | loss: 2.822113 | lrm: 0.18 | dt: 19387.03ms | tok/sec: 27,043 | bf16_mfu: 0.00 | epoch: 1 pq: 26 rg: 77 | total time: 744.16m | eta: 73.6m
step 02295/02520 (91.07%) | loss: 2.804697 | lrm: 0.18 | dt: 19389.65ms | tok/sec: 27,039 | bf16_mfu: 0.00 | epoch: 1 pq: 26 rg: 78 | total time: 744.48m | eta: 73.3m
step 02296/02520 (91.11%) | loss: 2.841129 | lrm: 0.18 | dt: 19385.21ms | tok/sec: 27,045 | bf16_mfu: 0.00 | epoch: 1 pq: 26 rg: 79 | total time: 744.81m | eta: 73.0m
step 02297/02520 (91.15%) | loss: 2.835770 | lrm: 0.18 | dt: 19386.38ms | tok/sec: 27,044 | bf16_mfu: 0.00 | epoch: 1 pq: 26 rg: 80 | total time: 745.13m | eta: 72.7m
step 02298/02520 (91.19%) | loss: 2.840021 | lrm: 0.18 | dt: 19383.54ms | tok/sec: 27,048 | bf16_mfu: 0.00 | epoch: 1 pq: 26 rg: 81 | total time: 745.45m | eta: 72.3m
step 02299/02520 (91.23%) | loss: 2.851305 | lrm: 0.18 | dt: 19390.65ms | tok/sec: 27,038 | bf16_mfu: 0.00 | epoch: 1 pq: 26 rg: 82 | total time: 745.78m | eta: 72.0m
step 02300/02520 (91.27%) | loss: 2.849234 | lrm: 0.18 | dt: 19386.70ms | tok/sec: 27,043 | bf16_mfu: 0.00 | epoch: 1 pq: 27 rg: 0 | total time: 746.10m | eta: 71.7m
step 02301/02520 (91.31%) | loss: 2.855612 | lrm: 0.18 | dt: 19385.88ms | tok/sec: 27,044 | bf16_mfu: 0.00 | epoch: 1 pq: 27 rg: 1 | total time: 746.42m | eta: 71.4m
step 02302/02520 (91.35%) | loss: 2.866120 | lrm: 0.18 | dt: 19385.79ms | tok/sec: 27,044 | bf16_mfu: 0.00 | epoch: 1 pq: 27 rg: 2 | total time: 746.75m | eta: 71.0m
step 02303/02520 (91.39%) | loss: 2.854948 | lrm: 0.18 | dt: 19365.61ms | tok/sec: 27,073 | bf16_mfu: 0.00 | epoch: 1 pq: 27 rg: 3 | total time: 747.07m | eta: 70.7m
step 02304/02520 (91.43%) | loss: 2.887339 | lrm: 0.18 | dt: 19390.39ms | tok/sec: 27,038 | bf16_mfu: 0.00 | epoch: 1 pq: 27 rg: 4 | total time: 747.39m | eta: 70.4m
step 02305/02520 (91.47%) | loss: 2.892127 | lrm: 0.17 | dt: 19386.57ms | tok/sec: 27,043 | bf16_mfu: 0.00 | epoch: 1 pq: 27 rg: 5 | total time: 747.72m | eta: 70.0m
step 02306/02520 (91.51%) | loss: 2.891063 | lrm: 0.17 | dt: 19385.48ms | tok/sec: 27,045 | bf16_mfu: 0.00 | epoch: 1 pq: 27 rg: 6 | total time: 748.04m | eta: 69.7m
step 02307/02520 (91.55%) | loss: 2.863793 | lrm: 0.17 | dt: 19386.36ms | tok/sec: 27,044 | bf16_mfu: 0.00 | epoch: 1 pq: 27 rg: 7 | total time: 748.36m | eta: 69.4m
step 02308/02520 (91.59%) | loss: 2.845258 | lrm: 0.17 | dt: 19387.76ms | tok/sec: 27,042 | bf16_mfu: 0.00 | epoch: 1 pq: 27 rg: 8 | total time: 748.68m | eta: 69.1m
step 02309/02520 (91.63%) | loss: 2.853390 | lrm: 0.17 | dt: 19389.71ms | tok/sec: 27,039 | bf16_mfu: 0.00 | epoch: 1 pq: 27 rg: 9 | total time: 749.01m | eta: 68.7m
step 02310/02520 (91.67%) | loss: 2.886914 | lrm: 0.17 | dt: 19386.91ms | tok/sec: 27,043 | bf16_mfu: 0.00 | epoch: 1 pq: 27 rg: 10 | total time: 749.33m | eta: 68.4m
step 02311/02520 (91.71%) | loss: 2.873896 | lrm: 0.17 | dt: 19385.60ms | tok/sec: 27,045 | bf16_mfu: 0.00 | epoch: 1 pq: 27 rg: 11 | total time: 749.65m | eta: 68.1m
step 02312/02520 (91.75%) | loss: 2.873055 | lrm: 0.17 | dt: 19385.99ms | tok/sec: 27,044 | bf16_mfu: 0.00 | epoch: 1 pq: 27 rg: 12 | total time: 749.98m | eta: 67.8m
step 02313/02520 (91.79%) | loss: 2.852592 | lrm: 0.17 | dt: 19384.44ms | tok/sec: 27,046 | bf16_mfu: 0.00 | epoch: 1 pq: 27 rg: 13 | total time: 750.30m | eta: 67.4m
step 02314/02520 (91.83%) | loss: 2.853726 | lrm: 0.17 | dt: 19386.25ms | tok/sec: 27,044 | bf16_mfu: 0.00 | epoch: 1 pq: 27 rg: 14 | total time: 750.62m | eta: 67.1m
step 02315/02520 (91.87%) | loss: 2.836349 | lrm: 0.17 | dt: 19388.92ms | tok/sec: 27,040 | bf16_mfu: 0.00 | epoch: 1 pq: 27 rg: 15 | total time: 750.95m | eta: 66.8m
step 02316/02520 (91.90%) | loss: 2.854982 | lrm: 0.17 | dt: 19388.52ms | tok/sec: 27,041 | bf16_mfu: 0.00 | epoch: 1 pq: 27 rg: 16 | total time: 751.27m | eta: 66.5m
step 02317/02520 (91.94%) | loss: 2.854111 | lrm: 0.17 | dt: 19385.86ms | tok/sec: 27,044 | bf16_mfu: 0.00 | epoch: 1 pq: 27 rg: 17 | total time: 751.59m | eta: 66.1m
step 02318/02520 (91.98%) | loss: 2.846109 | lrm: 0.17 | dt: 19385.29ms | tok/sec: 27,045 | bf16_mfu: 0.00 | epoch: 1 pq: 27 rg: 18 | total time: 751.92m | eta: 65.8m
step 02319/02520 (92.02%) | loss: 2.860411 | lrm: 0.17 | dt: 19385.81ms | tok/sec: 27,044 | bf16_mfu: 0.00 | epoch: 1 pq: 27 rg: 19 | total time: 752.24m | eta: 65.5m
step 02320/02520 (92.06%) | loss: 2.868013 | lrm: 0.17 | dt: 19384.90ms | tok/sec: 27,046 | bf16_mfu: 0.00 | epoch: 1 pq: 27 rg: 20 | total time: 752.56m | eta: 65.2m
step 02321/02520 (92.10%) | loss: 2.869099 | lrm: 0.17 | dt: 19386.37ms | tok/sec: 27,044 | bf16_mfu: 0.00 | epoch: 1 pq: 27 rg: 20 | total time: 752.89m | eta: 64.8m
step 02322/02520 (92.14%) | loss: 2.881420 | lrm: 0.16 | dt: 19384.60ms | tok/sec: 27,046 | bf16_mfu: 0.00 | epoch: 1 pq: 27 rg: 21 | total time: 753.21m | eta: 64.5m
step 02323/02520 (92.18%) | loss: 2.876619 | lrm: 0.16 | dt: 19387.75ms | tok/sec: 27,042 | bf16_mfu: 0.00 | epoch: 1 pq: 27 rg: 22 | total time: 753.53m | eta: 64.2m
step 02324/02520 (92.22%) | loss: 2.864830 | lrm: 0.16 | dt: 19384.95ms | tok/sec: 27,046 | bf16_mfu: 0.00 | epoch: 1 pq: 27 rg: 23 | total time: 753.85m | eta: 63.9m
step 02325/02520 (92.26%) | loss: 2.852835 | lrm: 0.16 | dt: 19385.75ms | tok/sec: 27,045 | bf16_mfu: 0.00 | epoch: 1 pq: 27 rg: 24 | total time: 754.18m | eta: 63.5m
step 02326/02520 (92.30%) | loss: 2.837899 | lrm: 0.16 | dt: 19390.47ms | tok/sec: 27,038 | bf16_mfu: 0.00 | epoch: 1 pq: 27 rg: 25 | total time: 754.50m | eta: 63.2m
step 02327/02520 (92.34%) | loss: 2.811771 | lrm: 0.16 | dt: 19387.79ms | tok/sec: 27,042 | bf16_mfu: 0.00 | epoch: 1 pq: 27 rg: 26 | total time: 754.82m | eta: 62.9m
step 02328/02520 (92.38%) | loss: 2.826699 | lrm: 0.16 | dt: 19386.88ms | tok/sec: 27,043 | bf16_mfu: 0.00 | epoch: 1 pq: 27 rg: 27 | total time: 755.15m | eta: 62.5m
step 02329/02520 (92.42%) | loss: 2.814520 | lrm: 0.16 | dt: 19385.53ms | tok/sec: 27,045 | bf16_mfu: 0.00 | epoch: 1 pq: 27 rg: 28 | total time: 755.47m | eta: 62.2m
step 02330/02520 (92.46%) | loss: 2.832444 | lrm: 0.16 | dt: 19386.06ms | tok/sec: 27,044 | bf16_mfu: 0.00 | epoch: 1 pq: 27 rg: 29 | total time: 755.79m | eta: 61.9m
step 02331/02520 (92.50%) | loss: 2.844891 | lrm: 0.16 | dt: 19389.64ms | tok/sec: 27,039 | bf16_mfu: 0.00 | epoch: 1 pq: 27 rg: 30 | total time: 756.12m | eta: 61.6m
step 02332/02520 (92.54%) | loss: 2.830077 | lrm: 0.16 | dt: 19382.82ms | tok/sec: 27,049 | bf16_mfu: 0.00 | epoch: 1 pq: 27 rg: 31 | total time: 756.44m | eta: 61.2m
step 02333/02520 (92.58%) | loss: 2.839470 | lrm: 0.16 | dt: 19383.72ms | tok/sec: 27,047 | bf16_mfu: 0.00 | epoch: 1 pq: 27 rg: 32 | total time: 756.76m | eta: 60.9m
step 02334/02520 (92.62%) | loss: 2.816525 | lrm: 0.16 | dt: 19362.26ms | tok/sec: 27,077 | bf16_mfu: 0.00 | epoch: 1 pq: 27 rg: 33 | total time: 757.09m | eta: 60.6m
step 02335/02520 (92.66%) | loss: 2.786921 | lrm: 0.16 | dt: 19384.33ms | tok/sec: 27,046 | bf16_mfu: 0.00 | epoch: 1 pq: 27 rg: 34 | total time: 757.41m | eta: 60.3m
step 02336/02520 (92.70%) | loss: 2.769969 | lrm: 0.16 | dt: 19384.81ms | tok/sec: 27,046 | bf16_mfu: 0.00 | epoch: 1 pq: 27 rg: 35 | total time: 757.73m | eta: 59.9m
step 02337/02520 (92.74%) | loss: 2.758645 | lrm: 0.16 | dt: 19390.58ms | tok/sec: 27,038 | bf16_mfu: 0.00 | epoch: 1 pq: 27 rg: 36 | total time: 758.05m | eta: 59.6m
step 02338/02520 (92.78%) | loss: 2.765520 | lrm: 0.16 | dt: 19386.07ms | tok/sec: 27,044 | bf16_mfu: 0.00 | epoch: 1 pq: 27 rg: 37 | total time: 758.38m | eta: 59.3m
step 02339/02520 (92.82%) | loss: 2.754564 | lrm: 0.15 | dt: 19383.55ms | tok/sec: 27,048 | bf16_mfu: 0.00 | epoch: 1 pq: 27 rg: 38 | total time: 758.70m | eta: 59.0m
step 02340/02520 (92.86%) | loss: 2.752215 | lrm: 0.15 | dt: 19388.35ms | tok/sec: 27,041 | bf16_mfu: 0.00 | epoch: 1 pq: 27 rg: 39 | total time: 759.02m | eta: 58.6m
step 02341/02520 (92.90%) | loss: 2.795828 | lrm: 0.15 | dt: 19383.61ms | tok/sec: 27,048 | bf16_mfu: 0.00 | epoch: 1 pq: 27 rg: 40 | total time: 759.35m | eta: 58.3m
step 02342/02520 (92.94%) | loss: 2.826361 | lrm: 0.15 | dt: 19385.95ms | tok/sec: 27,044 | bf16_mfu: 0.00 | epoch: 1 pq: 27 rg: 41 | total time: 759.67m | eta: 58.0m
step 02343/02520 (92.98%) | loss: 2.812852 | lrm: 0.15 | dt: 19388.63ms | tok/sec: 27,041 | bf16_mfu: 0.00 | epoch: 1 pq: 27 rg: 42 | total time: 759.99m | eta: 57.7m
step 02344/02520 (93.02%) | loss: 2.811821 | lrm: 0.15 | dt: 19383.36ms | tok/sec: 27,048 | bf16_mfu: 0.00 | epoch: 1 pq: 27 rg: 43 | total time: 760.32m | eta: 57.3m
step 02345/02520 (93.06%) | loss: 2.841215 | lrm: 0.15 | dt: 19386.63ms | tok/sec: 27,043 | bf16_mfu: 0.00 | epoch: 1 pq: 27 rg: 44 | total time: 760.64m | eta: 57.0m
step 02346/02520 (93.10%) | loss: 2.834879 | lrm: 0.15 | dt: 19389.55ms | tok/sec: 27,039 | bf16_mfu: 0.00 | epoch: 1 pq: 27 rg: 45 | total time: 760.96m | eta: 56.7m
step 02347/02520 (93.13%) | loss: 2.809771 | lrm: 0.15 | dt: 19386.50ms | tok/sec: 27,043 | bf16_mfu: 0.00 | epoch: 1 pq: 27 rg: 46 | total time: 761.29m | eta: 56.4m
step 02348/02520 (93.17%) | loss: 2.800619 | lrm: 0.15 | dt: 19391.06ms | tok/sec: 27,037 | bf16_mfu: 0.00 | epoch: 1 pq: 27 rg: 47 | total time: 761.61m | eta: 56.0m
step 02349/02520 (93.21%) | loss: 2.801975 | lrm: 0.15 | dt: 19389.76ms | tok/sec: 27,039 | bf16_mfu: 0.00 | epoch: 1 pq: 27 rg: 47 | total time: 761.93m | eta: 55.7m
step 02350/02520 (93.25%) | loss: 2.807089 | lrm: 0.15 | dt: 19384.81ms | tok/sec: 27,046 | bf16_mfu: 0.00 | epoch: 1 pq: 27 rg: 48 | total time: 762.25m | eta: 55.4m
step 02351/02520 (93.29%) | loss: 2.816276 | lrm: 0.15 | dt: 19387.56ms | tok/sec: 27,042 | bf16_mfu: 0.00 | epoch: 1 pq: 27 rg: 49 | total time: 762.58m | eta: 55.1m
step 02352/02520 (93.33%) | loss: 2.813612 | lrm: 0.15 | dt: 19387.87ms | tok/sec: 27,042 | bf16_mfu: 0.00 | epoch: 1 pq: 27 rg: 50 | total time: 762.90m | eta: 54.7m
step 02353/02520 (93.37%) | loss: 2.801126 | lrm: 0.15 | dt: 19382.80ms | tok/sec: 27,049 | bf16_mfu: 0.00 | epoch: 1 pq: 27 rg: 51 | total time: 763.22m | eta: 54.4m
step 02354/02520 (93.41%) | loss: 2.797653 | lrm: 0.15 | dt: 19388.44ms | tok/sec: 27,041 | bf16_mfu: 0.00 | epoch: 1 pq: 27 rg: 52 | total time: 763.55m | eta: 54.1m
step 02355/02520 (93.45%) | loss: 2.779751 | lrm: 0.15 | dt: 19387.90ms | tok/sec: 27,042 | bf16_mfu: 0.00 | epoch: 1 pq: 27 rg: 53 | total time: 763.87m | eta: 53.7m
step 02356/02520 (93.49%) | loss: 2.793066 | lrm: 0.15 | dt: 19384.82ms | tok/sec: 27,046 | bf16_mfu: 0.00 | epoch: 1 pq: 27 rg: 54 | total time: 764.19m | eta: 53.4m
step 02357/02520 (93.53%) | loss: 2.763309 | lrm: 0.14 | dt: 19387.51ms | tok/sec: 27,042 | bf16_mfu: 0.00 | epoch: 1 pq: 27 rg: 55 | total time: 764.52m | eta: 53.1m
step 02358/02520 (93.57%) | loss: 2.776708 | lrm: 0.14 | dt: 19386.06ms | tok/sec: 27,044 | bf16_mfu: 0.00 | epoch: 1 pq: 27 rg: 56 | total time: 764.84m | eta: 52.8m
step 02359/02520 (93.61%) | loss: 2.785644 | lrm: 0.14 | dt: 19390.84ms | tok/sec: 27,037 | bf16_mfu: 0.00 | epoch: 1 pq: 27 rg: 57 | total time: 765.16m | eta: 52.4m
step 02360/02520 (93.65%) | loss: 2.774613 | lrm: 0.14 | dt: 19388.99ms | tok/sec: 27,040 | bf16_mfu: 0.00 | epoch: 1 pq: 27 rg: 58 | total time: 765.49m | eta: 52.1m
step 02361/02520 (93.69%) | loss: 2.759507 | lrm: 0.14 | dt: 19388.18ms | tok/sec: 27,041 | bf16_mfu: 0.00 | epoch: 1 pq: 27 rg: 59 | total time: 765.81m | eta: 51.8m
step 02362/02520 (93.73%) | loss: 2.754800 | lrm: 0.14 | dt: 19386.75ms | tok/sec: 27,043 | bf16_mfu: 0.00 | epoch: 1 pq: 27 rg: 60 | total time: 766.13m | eta: 51.5m
step 02363/02520 (93.77%) | loss: 2.752882 | lrm: 0.14 | dt: 19389.93ms | tok/sec: 27,039 | bf16_mfu: 0.00 | epoch: 1 pq: 27 rg: 61 | total time: 766.46m | eta: 51.1m
step 02364/02520 (93.81%) | loss: 2.766643 | lrm: 0.14 | dt: 19390.33ms | tok/sec: 27,038 | bf16_mfu: 0.00 | epoch: 1 pq: 27 rg: 62 | total time: 766.78m | eta: 50.8m
step 02365/02520 (93.85%) | loss: 2.759465 | lrm: 0.14 | dt: 19379.46ms | tok/sec: 27,053 | bf16_mfu: 0.00 | epoch: 1 pq: 27 rg: 63 | total time: 767.10m | eta: 50.5m
step 02366/02520 (93.89%) | loss: 2.777406 | lrm: 0.14 | dt: 19389.99ms | tok/sec: 27,039 | bf16_mfu: 0.00 | epoch: 1 pq: 27 rg: 64 | total time: 767.42m | eta: 50.2m
step 02367/02520 (93.93%) | loss: 2.774672 | lrm: 0.14 | dt: 19383.04ms | tok/sec: 27,048 | bf16_mfu: 0.00 | epoch: 1 pq: 27 rg: 65 | total time: 767.75m | eta: 49.8m
step 02368/02520 (93.97%) | loss: 2.776523 | lrm: 0.14 | dt: 19390.05ms | tok/sec: 27,039 | bf16_mfu: 0.00 | epoch: 1 pq: 27 rg: 66 | total time: 768.07m | eta: 49.5m
step 02369/02520 (94.01%) | loss: 2.764954 | lrm: 0.14 | dt: 19387.21ms | tok/sec: 27,042 | bf16_mfu: 0.00 | epoch: 1 pq: 27 rg: 67 | total time: 768.39m | eta: 49.2m
step 02370/02520 (94.05%) | loss: 2.781577 | lrm: 0.14 | dt: 19388.70ms | tok/sec: 27,040 | bf16_mfu: 0.00 | epoch: 1 pq: 27 rg: 68 | total time: 768.72m | eta: 48.9m
step 02371/02520 (94.09%) | loss: 2.754166 | lrm: 0.14 | dt: 19385.87ms | tok/sec: 27,044 | bf16_mfu: 0.00 | epoch: 1 pq: 27 rg: 69 | total time: 769.04m | eta: 48.5m
step 02372/02520 (94.13%) | loss: 2.761119 | lrm: 0.14 | dt: 19385.14ms | tok/sec: 27,045 | bf16_mfu: 0.00 | epoch: 1 pq: 27 rg: 70 | total time: 769.36m | eta: 48.2m
step 02373/02520 (94.17%) | loss: 2.774521 | lrm: 0.14 | dt: 19384.22ms | tok/sec: 27,047 | bf16_mfu: 0.00 | epoch: 1 pq: 27 rg: 71 | total time: 769.69m | eta: 47.9m
step 02374/02520 (94.21%) | loss: 2.766191 | lrm: 0.13 | dt: 19389.57ms | tok/sec: 27,039 | bf16_mfu: 0.00 | epoch: 1 pq: 27 rg: 72 | total time: 770.01m | eta: 47.6m
step 02375/02520 (94.25%) | loss: 2.778666 | lrm: 0.13 | dt: 19389.22ms | tok/sec: 27,040 | bf16_mfu: 0.00 | epoch: 1 pq: 27 rg: 73 | total time: 770.33m | eta: 47.2m
step 02376/02520 (94.29%) | loss: 2.772734 | lrm: 0.13 | dt: 19387.87ms | tok/sec: 27,042 | bf16_mfu: 0.00 | epoch: 1 pq: 27 rg: 74 | total time: 770.66m | eta: 46.9m
step 02377/02520 (94.33%) | loss: 2.789952 | lrm: 0.13 | dt: 19383.83ms | tok/sec: 27,047 | bf16_mfu: 0.00 | epoch: 1 pq: 27 rg: 75 | total time: 770.98m | eta: 46.6m
step 02378/02520 (94.37%) | loss: 2.764571 | lrm: 0.13 | dt: 19389.60ms | tok/sec: 27,039 | bf16_mfu: 0.00 | epoch: 1 pq: 27 rg: 76 | total time: 771.30m | eta: 46.3m
step 02379/02520 (94.40%) | loss: 2.783006 | lrm: 0.13 | dt: 19388.09ms | tok/sec: 27,041 | bf16_mfu: 0.00 | epoch: 1 pq: 27 rg: 77 | total time: 771.63m | eta: 45.9m
step 02380/02520 (94.44%) | loss: 2.806726 | lrm: 0.13 | dt: 19389.65ms | tok/sec: 27,039 | bf16_mfu: 0.00 | epoch: 1 pq: 27 rg: 78 | total time: 771.95m | eta: 45.6m
step 02381/02520 (94.48%) | loss: 2.812891 | lrm: 0.13 | dt: 19383.83ms | tok/sec: 27,047 | bf16_mfu: 0.00 | epoch: 1 pq: 27 rg: 78 | total time: 772.27m | eta: 45.3m
step 02382/02520 (94.52%) | loss: 2.789251 | lrm: 0.13 | dt: 19386.83ms | tok/sec: 27,043 | bf16_mfu: 0.00 | epoch: 1 pq: 27 rg: 79 | total time: 772.59m | eta: 44.9m
step 02383/02520 (94.56%) | loss: 2.795284 | lrm: 0.13 | dt: 19388.73ms | tok/sec: 27,040 | bf16_mfu: 0.00 | epoch: 1 pq: 27 rg: 80 | total time: 772.92m | eta: 44.6m
step 02384/02520 (94.60%) | loss: 2.783269 | lrm: 0.13 | dt: 19387.58ms | tok/sec: 27,042 | bf16_mfu: 0.00 | epoch: 1 pq: 27 rg: 81 | total time: 773.24m | eta: 44.3m
step 02385/02520 (94.64%) | loss: 2.770617 | lrm: 0.13 | dt: 19391.39ms | tok/sec: 27,037 | bf16_mfu: 0.00 | epoch: 1 pq: 28 rg: 0 | total time: 773.56m | eta: 44.0m
step 02386/02520 (94.68%) | loss: 2.761448 | lrm: 0.13 | dt: 19386.43ms | tok/sec: 27,044 | bf16_mfu: 0.00 | epoch: 1 pq: 28 rg: 1 | total time: 773.89m | eta: 43.6m
step 02387/02520 (94.72%) | loss: 2.760628 | lrm: 0.13 | dt: 19387.20ms | tok/sec: 27,043 | bf16_mfu: 0.00 | epoch: 1 pq: 28 rg: 2 | total time: 774.21m | eta: 43.3m
step 02388/02520 (94.76%) | loss: 2.768061 | lrm: 0.13 | dt: 19385.75ms | tok/sec: 27,045 | bf16_mfu: 0.00 | epoch: 1 pq: 28 rg: 3 | total time: 774.53m | eta: 43.0m
step 02389/02520 (94.80%) | loss: 2.756423 | lrm: 0.13 | dt: 19391.45ms | tok/sec: 27,037 | bf16_mfu: 0.00 | epoch: 1 pq: 28 rg: 4 | total time: 774.86m | eta: 42.7m
step 02390/02520 (94.84%) | loss: 2.728984 | lrm: 0.13 | dt: 19386.80ms | tok/sec: 27,043 | bf16_mfu: 0.00 | epoch: 1 pq: 28 rg: 5 | total time: 775.18m | eta: 42.3m
step 02391/02520 (94.88%) | loss: 2.734730 | lrm: 0.12 | dt: 19392.49ms | tok/sec: 27,035 | bf16_mfu: 0.00 | epoch: 1 pq: 28 rg: 6 | total time: 775.50m | eta: 42.0m
step 02392/02520 (94.92%) | loss: 2.742724 | lrm: 0.12 | dt: 19392.39ms | tok/sec: 27,035 | bf16_mfu: 0.00 | epoch: 1 pq: 28 rg: 7 | total time: 775.83m | eta: 41.7m
step 02393/02520 (94.96%) | loss: 2.745055 | lrm: 0.12 | dt: 19388.11ms | tok/sec: 27,041 | bf16_mfu: 0.00 | epoch: 1 pq: 28 rg: 8 | total time: 776.15m | eta: 41.4m
step 02394/02520 (95.00%) | loss: 2.774653 | lrm: 0.12 | dt: 19388.41ms | tok/sec: 27,041 | bf16_mfu: 0.00 | epoch: 1 pq: 28 rg: 9 | total time: 776.47m | eta: 41.0m
step 02395/02520 (95.04%) | loss: 2.771600 | lrm: 0.12 | dt: 19383.07ms | tok/sec: 27,048 | bf16_mfu: 0.00 | epoch: 1 pq: 28 rg: 10 | total time: 776.80m | eta: 40.7m
step 02396/02520 (95.08%) | loss: 2.792524 | lrm: 0.12 | dt: 19370.14ms | tok/sec: 27,066 | bf16_mfu: 0.00 | epoch: 1 pq: 28 rg: 11 | total time: 777.12m | eta: 40.4m
step 02397/02520 (95.12%) | loss: 2.813153 | lrm: 0.12 | dt: 19383.08ms | tok/sec: 27,048 | bf16_mfu: 0.00 | epoch: 1 pq: 28 rg: 12 | total time: 777.44m | eta: 40.1m
step 02398/02520 (95.16%) | loss: 2.802605 | lrm: 0.12 | dt: 19386.86ms | tok/sec: 27,043 | bf16_mfu: 0.00 | epoch: 1 pq: 28 rg: 13 | total time: 777.76m | eta: 39.7m
step 02399/02520 (95.20%) | loss: 2.794808 | lrm: 0.12 | dt: 19386.76ms | tok/sec: 27,043 | bf16_mfu: 0.00 | epoch: 1 pq: 28 rg: 14 | total time: 778.09m | eta: 39.4m
step 02400/02520 (95.24%) | loss: 2.788272 | lrm: 0.12 | dt: 19390.20ms | tok/sec: 27,038 | bf16_mfu: 0.00 | epoch: 1 pq: 28 rg: 15 | total time: 778.41m | eta: 39.1m
step 02401/02520 (95.28%) | loss: 2.778316 | lrm: 0.12 | dt: 19390.66ms | tok/sec: 27,038 | bf16_mfu: 0.00 | epoch: 1 pq: 28 rg: 16 | total time: 778.73m | eta: 38.8m
step 02402/02520 (95.32%) | loss: 2.786293 | lrm: 0.12 | dt: 19387.84ms | tok/sec: 27,042 | bf16_mfu: 0.00 | epoch: 1 pq: 28 rg: 17 | total time: 779.06m | eta: 38.4m
step 02403/02520 (95.36%) | loss: 2.786705 | lrm: 0.12 | dt: 19386.21ms | tok/sec: 27,044 | bf16_mfu: 0.00 | epoch: 1 pq: 28 rg: 18 | total time: 779.38m | eta: 38.1m
step 02404/02520 (95.40%) | loss: 2.799496 | lrm: 0.12 | dt: 19389.12ms | tok/sec: 27,040 | bf16_mfu: 0.00 | epoch: 1 pq: 28 rg: 19 | total time: 779.70m | eta: 37.8m
step 02405/02520 (95.44%) | loss: 2.804799 | lrm: 0.12 | dt: 19392.82ms | tok/sec: 27,035 | bf16_mfu: 0.00 | epoch: 1 pq: 28 rg: 20 | total time: 780.03m | eta: 37.5m
step 02406/02520 (95.48%) | loss: 2.822349 | lrm: 0.12 | dt: 19387.27ms | tok/sec: 27,042 | bf16_mfu: 0.00 | epoch: 1 pq: 28 rg: 21 | total time: 780.35m | eta: 37.1m
step 02407/02520 (95.52%) | loss: 2.809240 | lrm: 0.12 | dt: 19385.93ms | tok/sec: 27,044 | bf16_mfu: 0.00 | epoch: 1 pq: 28 rg: 22 | total time: 780.67m | eta: 36.8m
step 02408/02520 (95.56%) | loss: 2.795930 | lrm: 0.11 | dt: 19389.88ms | tok/sec: 27,039 | bf16_mfu: 0.00 | epoch: 1 pq: 28 rg: 23 | total time: 781.00m | eta: 36.5m
step 02409/02520 (95.60%) | loss: 2.790196 | lrm: 0.11 | dt: 19390.26ms | tok/sec: 27,038 | bf16_mfu: 0.00 | epoch: 1 pq: 28 rg: 24 | total time: 781.32m | eta: 36.2m
step 02410/02520 (95.63%) | loss: 2.779286 | lrm: 0.11 | dt: 19390.77ms | tok/sec: 27,038 | bf16_mfu: 0.00 | epoch: 1 pq: 28 rg: 25 | total time: 781.64m | eta: 35.8m
step 02411/02520 (95.67%) | loss: 2.770958 | lrm: 0.11 | dt: 19387.17ms | tok/sec: 27,043 | bf16_mfu: 0.00 | epoch: 1 pq: 28 rg: 26 | total time: 781.97m | eta: 35.5m
step 02412/02520 (95.71%) | loss: 2.794785 | lrm: 0.11 | dt: 19388.73ms | tok/sec: 27,040 | bf16_mfu: 0.00 | epoch: 1 pq: 28 rg: 27 | total time: 782.29m | eta: 35.2m
step 02413/02520 (95.75%) | loss: 2.784169 | lrm: 0.11 | dt: 19385.74ms | tok/sec: 27,045 | bf16_mfu: 0.00 | epoch: 1 pq: 28 rg: 27 | total time: 782.61m | eta: 34.8m
step 02414/02520 (95.79%) | loss: 2.782727 | lrm: 0.11 | dt: 19387.28ms | tok/sec: 27,042 | bf16_mfu: 0.00 | epoch: 1 pq: 28 rg: 28 | total time: 782.93m | eta: 34.5m
step 02415/02520 (95.83%) | loss: 2.760601 | lrm: 0.11 | dt: 19387.64ms | tok/sec: 27,042 | bf16_mfu: 0.00 | epoch: 1 pq: 28 rg: 29 | total time: 783.26m | eta: 34.2m
step 02416/02520 (95.87%) | loss: 2.779127 | lrm: 0.11 | dt: 19388.11ms | tok/sec: 27,041 | bf16_mfu: 0.00 | epoch: 1 pq: 28 rg: 30 | total time: 783.58m | eta: 33.9m
step 02417/02520 (95.91%) | loss: 2.780152 | lrm: 0.11 | dt: 19387.36ms | tok/sec: 27,042 | bf16_mfu: 0.00 | epoch: 1 pq: 28 rg: 31 | total time: 783.90m | eta: 33.5m
step 02418/02520 (95.95%) | loss: 2.762400 | lrm: 0.11 | dt: 19389.54ms | tok/sec: 27,039 | bf16_mfu: 0.00 | epoch: 1 pq: 28 rg: 32 | total time: 784.23m | eta: 33.2m
step 02419/02520 (95.99%) | loss: 2.790920 | lrm: 0.11 | dt: 19387.85ms | tok/sec: 27,042 | bf16_mfu: 0.00 | epoch: 1 pq: 28 rg: 33 | total time: 784.55m | eta: 32.9m
step 02420/02520 (96.03%) | loss: 2.807417 | lrm: 0.11 | dt: 19390.38ms | tok/sec: 27,038 | bf16_mfu: 0.00 | epoch: 1 pq: 28 rg: 34 | total time: 784.87m | eta: 32.6m
step 02421/02520 (96.07%) | loss: 2.791874 | lrm: 0.11 | dt: 19384.64ms | tok/sec: 27,046 | bf16_mfu: 0.00 | epoch: 1 pq: 28 rg: 35 | total time: 785.20m | eta: 32.2m
step 02422/02520 (96.11%) | loss: 2.803394 | lrm: 0.11 | dt: 19386.09ms | tok/sec: 27,044 | bf16_mfu: 0.00 | epoch: 1 pq: 28 rg: 36 | total time: 785.52m | eta: 31.9m
step 02423/02520 (96.15%) | loss: 2.832531 | lrm: 0.11 | dt: 19390.10ms | tok/sec: 27,038 | bf16_mfu: 0.00 | epoch: 1 pq: 28 rg: 37 | total time: 785.84m | eta: 31.6m
step 02424/02520 (96.19%) | loss: 2.847957 | lrm: 0.11 | dt: 19388.27ms | tok/sec: 27,041 | bf16_mfu: 0.00 | epoch: 1 pq: 28 rg: 38 | total time: 786.17m | eta: 31.3m
step 02425/02520 (96.23%) | loss: 2.844824 | lrm: 0.11 | dt: 19387.05ms | tok/sec: 27,043 | bf16_mfu: 0.00 | epoch: 1 pq: 28 rg: 39 | total time: 786.49m | eta: 30.9m
step 02426/02520 (96.27%) | loss: 2.823540 | lrm: 0.10 | dt: 19390.63ms | tok/sec: 27,038 | bf16_mfu: 0.00 | epoch: 1 pq: 28 rg: 40 | total time: 786.81m | eta: 30.6m
step 02427/02520 (96.31%) | loss: 2.810739 | lrm: 0.10 | dt: 19369.22ms | tok/sec: 27,068 | bf16_mfu: 0.00 | epoch: 1 pq: 28 rg: 41 | total time: 787.14m | eta: 30.3m
step 02428/02520 (96.35%) | loss: 2.802918 | lrm: 0.10 | dt: 19384.13ms | tok/sec: 27,047 | bf16_mfu: 0.00 | epoch: 1 pq: 28 rg: 42 | total time: 787.46m | eta: 30.0m
step 02429/02520 (96.39%) | loss: 2.798754 | lrm: 0.10 | dt: 19384.17ms | tok/sec: 27,047 | bf16_mfu: 0.00 | epoch: 1 pq: 28 rg: 43 | total time: 787.78m | eta: 29.6m
step 02430/02520 (96.43%) | loss: 2.790479 | lrm: 0.10 | dt: 19389.63ms | tok/sec: 27,039 | bf16_mfu: 0.00 | epoch: 1 pq: 28 rg: 44 | total time: 788.10m | eta: 29.3m
step 02431/02520 (96.47%) | loss: 2.760671 | lrm: 0.10 | dt: 19388.46ms | tok/sec: 27,041 | bf16_mfu: 0.00 | epoch: 1 pq: 28 rg: 45 | total time: 788.43m | eta: 29.0m
step 02432/02520 (96.51%) | loss: 2.750073 | lrm: 0.10 | dt: 19387.79ms | tok/sec: 27,042 | bf16_mfu: 0.00 | epoch: 1 pq: 28 rg: 46 | total time: 788.75m | eta: 28.7m
step 02433/02520 (96.55%) | loss: 2.768403 | lrm: 0.10 | dt: 19391.87ms | tok/sec: 27,036 | bf16_mfu: 0.00 | epoch: 1 pq: 28 rg: 47 | total time: 789.07m | eta: 28.3m
step 02434/02520 (96.59%) | loss: 2.782988 | lrm: 0.10 | dt: 19383.37ms | tok/sec: 27,048 | bf16_mfu: 0.00 | epoch: 1 pq: 28 rg: 48 | total time: 789.40m | eta: 28.0m
step 02435/02520 (96.63%) | loss: 2.778250 | lrm: 0.10 | dt: 19391.74ms | tok/sec: 27,036 | bf16_mfu: 0.00 | epoch: 1 pq: 28 rg: 49 | total time: 789.72m | eta: 27.7m
step 02436/02520 (96.67%) | loss: 2.770141 | lrm: 0.10 | dt: 19391.11ms | tok/sec: 27,037 | bf16_mfu: 0.00 | epoch: 1 pq: 28 rg: 50 | total time: 790.04m | eta: 27.4m
step 02437/02520 (96.71%) | loss: 2.783928 | lrm: 0.10 | dt: 19389.00ms | tok/sec: 27,040 | bf16_mfu: 0.00 | epoch: 1 pq: 28 rg: 51 | total time: 790.37m | eta: 27.0m
step 02438/02520 (96.75%) | loss: 2.793933 | lrm: 0.10 | dt: 19389.27ms | tok/sec: 27,040 | bf16_mfu: 0.00 | epoch: 1 pq: 28 rg: 52 | total time: 790.69m | eta: 26.7m
step 02439/02520 (96.79%) | loss: 2.778448 | lrm: 0.10 | dt: 19386.66ms | tok/sec: 27,043 | bf16_mfu: 0.00 | epoch: 1 pq: 28 rg: 53 | total time: 791.01m | eta: 26.4m
step 02440/02520 (96.83%) | loss: 2.768657 | lrm: 0.10 | dt: 19387.18ms | tok/sec: 27,043 | bf16_mfu: 0.00 | epoch: 1 pq: 28 rg: 54 | total time: 791.34m | eta: 26.1m
step 02441/02520 (96.87%) | loss: 2.794254 | lrm: 0.10 | dt: 19390.83ms | tok/sec: 27,037 | bf16_mfu: 0.00 | epoch: 1 pq: 28 rg: 55 | total time: 791.66m | eta: 25.7m
step 02442/02520 (96.90%) | loss: 2.763491 | lrm: 0.10 | dt: 19389.93ms | tok/sec: 27,039 | bf16_mfu: 0.00 | epoch: 1 pq: 28 rg: 56 | total time: 791.98m | eta: 25.4m
step 02443/02520 (96.94%) | loss: 2.754905 | lrm: 0.09 | dt: 19387.35ms | tok/sec: 27,042 | bf16_mfu: 0.00 | epoch: 1 pq: 28 rg: 57 | total time: 792.31m | eta: 25.1m
step 02444/02520 (96.98%) | loss: 2.745141 | lrm: 0.09 | dt: 19384.27ms | tok/sec: 27,047 | bf16_mfu: 0.00 | epoch: 1 pq: 28 rg: 58 | total time: 792.63m | eta: 24.7m
step 02445/02520 (97.02%) | loss: 2.753924 | lrm: 0.09 | dt: 19387.33ms | tok/sec: 27,042 | bf16_mfu: 0.00 | epoch: 1 pq: 28 rg: 59 | total time: 792.95m | eta: 24.4m
step 02446/02520 (97.06%) | loss: 2.787752 | lrm: 0.09 | dt: 19386.66ms | tok/sec: 27,043 | bf16_mfu: 0.00 | epoch: 1 pq: 28 rg: 60 | total time: 793.27m | eta: 24.1m
step 02447/02520 (97.10%) | loss: 2.802969 | lrm: 0.09 | dt: 19386.76ms | tok/sec: 27,043 | bf16_mfu: 0.00 | epoch: 1 pq: 28 rg: 61 | total time: 793.60m | eta: 23.8m
step 02448/02520 (97.14%) | loss: 2.788059 | lrm: 0.09 | dt: 19388.75ms | tok/sec: 27,040 | bf16_mfu: 0.00 | epoch: 1 pq: 28 rg: 61 | total time: 793.92m | eta: 23.4m
step 02449/02520 (97.18%) | loss: 2.806859 | lrm: 0.09 | dt: 19384.16ms | tok/sec: 27,047 | bf16_mfu: 0.00 | epoch: 1 pq: 28 rg: 62 | total time: 794.24m | eta: 23.1m
step 02450/02520 (97.22%) | loss: 2.796891 | lrm: 0.09 | dt: 19383.36ms | tok/sec: 27,048 | bf16_mfu: 0.00 | epoch: 1 pq: 28 rg: 63 | total time: 794.57m | eta: 22.8m
step 02451/02520 (97.26%) | loss: 2.808517 | lrm: 0.09 | dt: 19388.72ms | tok/sec: 27,040 | bf16_mfu: 0.00 | epoch: 1 pq: 28 rg: 64 | total time: 794.89m | eta: 22.5m
step 02452/02520 (97.30%) | loss: 2.813974 | lrm: 0.09 | dt: 19384.09ms | tok/sec: 27,047 | bf16_mfu: 0.00 | epoch: 1 pq: 28 rg: 65 | total time: 795.21m | eta: 22.1m
step 02453/02520 (97.34%) | loss: 2.809956 | lrm: 0.09 | dt: 19385.96ms | tok/sec: 27,044 | bf16_mfu: 0.00 | epoch: 1 pq: 28 rg: 66 | total time: 795.54m | eta: 21.8m
step 02454/02520 (97.38%) | loss: 2.820037 | lrm: 0.09 | dt: 19387.56ms | tok/sec: 27,042 | bf16_mfu: 0.00 | epoch: 1 pq: 28 rg: 67 | total time: 795.86m | eta: 21.5m
step 02455/02520 (97.42%) | loss: 2.847234 | lrm: 0.09 | dt: 19389.18ms | tok/sec: 27,040 | bf16_mfu: 0.00 | epoch: 1 pq: 28 rg: 68 | total time: 796.18m | eta: 21.2m
step 02456/02520 (97.46%) | loss: 2.832243 | lrm: 0.09 | dt: 19390.19ms | tok/sec: 27,038 | bf16_mfu: 0.00 | epoch: 1 pq: 28 rg: 69 | total time: 796.51m | eta: 20.8m
step 02457/02520 (97.50%) | loss: 2.819961 | lrm: 0.09 | dt: 19383.91ms | tok/sec: 27,047 | bf16_mfu: 0.00 | epoch: 1 pq: 28 rg: 70 | total time: 796.83m | eta: 20.5m
step 02458/02520 (97.54%) | loss: 2.812096 | lrm: 0.09 | dt: 19363.72ms | tok/sec: 27,075 | bf16_mfu: 0.00 | epoch: 1 pq: 28 rg: 71 | total time: 797.15m | eta: 20.2m
step 02459/02520 (97.58%) | loss: 2.778468 | lrm: 0.09 | dt: 19390.49ms | tok/sec: 27,038 | bf16_mfu: 0.00 | epoch: 1 pq: 28 rg: 72 | total time: 797.47m | eta: 19.9m
step 02460/02520 (97.62%) | loss: 2.757062 | lrm: 0.08 | dt: 19388.34ms | tok/sec: 27,041 | bf16_mfu: 0.00 | epoch: 1 pq: 28 rg: 73 | total time: 797.80m | eta: 19.5m
step 02461/02520 (97.66%) | loss: 2.750083 | lrm: 0.08 | dt: 19387.26ms | tok/sec: 27,042 | bf16_mfu: 0.00 | epoch: 1 pq: 28 rg: 74 | total time: 798.12m | eta: 19.2m
step 02462/02520 (97.70%) | loss: 2.729848 | lrm: 0.08 | dt: 19385.56ms | tok/sec: 27,045 | bf16_mfu: 0.00 | epoch: 1 pq: 28 rg: 75 | total time: 798.44m | eta: 18.9m
step 02463/02520 (97.74%) | loss: 2.741348 | lrm: 0.08 | dt: 19387.11ms | tok/sec: 27,043 | bf16_mfu: 0.00 | epoch: 1 pq: 28 rg: 76 | total time: 798.77m | eta: 18.6m
step 02464/02520 (97.78%) | loss: 2.755579 | lrm: 0.08 | dt: 19392.92ms | tok/sec: 27,035 | bf16_mfu: 0.00 | epoch: 1 pq: 28 rg: 77 | total time: 799.09m | eta: 18.2m
step 02465/02520 (97.82%) | loss: 2.779221 | lrm: 0.08 | dt: 19388.48ms | tok/sec: 27,041 | bf16_mfu: 0.00 | epoch: 1 pq: 28 rg: 78 | total time: 799.41m | eta: 17.9m
step 02466/02520 (97.86%) | loss: 2.776278 | lrm: 0.08 | dt: 19389.65ms | tok/sec: 27,039 | bf16_mfu: 0.00 | epoch: 1 pq: 28 rg: 79 | total time: 799.74m | eta: 17.6m
step 02467/02520 (97.90%) | loss: 2.757218 | lrm: 0.08 | dt: 19392.09ms | tok/sec: 27,036 | bf16_mfu: 0.00 | epoch: 1 pq: 28 rg: 80 | total time: 800.06m | eta: 17.3m
step 02468/02520 (97.94%) | loss: 2.746081 | lrm: 0.08 | dt: 19388.81ms | tok/sec: 27,040 | bf16_mfu: 0.00 | epoch: 1 pq: 28 rg: 81 | total time: 800.38m | eta: 16.9m
step 02469/02520 (97.98%) | loss: 2.766081 | lrm: 0.08 | dt: 19389.05ms | tok/sec: 27,040 | bf16_mfu: 0.00 | epoch: 1 pq: 28 rg: 82 | total time: 800.71m | eta: 16.6m
step 02470/02520 (98.02%) | loss: 2.770355 | lrm: 0.08 | dt: 19386.63ms | tok/sec: 27,043 | bf16_mfu: 0.00 | epoch: 1 pq: 29 rg: 0 | total time: 801.03m | eta: 16.3m
step 02471/02520 (98.06%) | loss: 2.769350 | lrm: 0.08 | dt: 19383.23ms | tok/sec: 27,048 | bf16_mfu: 0.00 | epoch: 1 pq: 29 rg: 1 | total time: 801.35m | eta: 16.0m
step 02472/02520 (98.10%) | loss: 2.754052 | lrm: 0.08 | dt: 19386.95ms | tok/sec: 27,043 | bf16_mfu: 0.00 | epoch: 1 pq: 29 rg: 2 | total time: 801.68m | eta: 15.6m
step 02473/02520 (98.13%) | loss: 2.739819 | lrm: 0.08 | dt: 19390.12ms | tok/sec: 27,038 | bf16_mfu: 0.00 | epoch: 1 pq: 29 rg: 3 | total time: 802.00m | eta: 15.3m
step 02474/02520 (98.17%) | loss: 2.750152 | lrm: 0.08 | dt: 19383.64ms | tok/sec: 27,047 | bf16_mfu: 0.00 | epoch: 1 pq: 29 rg: 4 | total time: 802.32m | eta: 15.0m
step 02475/02520 (98.21%) | loss: 2.709093 | lrm: 0.08 | dt: 19386.41ms | tok/sec: 27,044 | bf16_mfu: 0.00 | epoch: 1 pq: 29 rg: 5 | total time: 802.64m | eta: 14.7m
step 02476/02520 (98.25%) | loss: 2.708528 | lrm: 0.08 | dt: 19390.51ms | tok/sec: 27,038 | bf16_mfu: 0.00 | epoch: 1 pq: 29 rg: 6 | total time: 802.97m | eta: 14.3m
step 02477/02520 (98.29%) | loss: 2.702939 | lrm: 0.07 | dt: 19389.42ms | tok/sec: 27,039 | bf16_mfu: 0.00 | epoch: 1 pq: 29 rg: 7 | total time: 803.29m | eta: 14.0m
step 02478/02520 (98.33%) | loss: 2.693891 | lrm: 0.07 | dt: 19394.77ms | tok/sec: 27,032 | bf16_mfu: 0.00 | epoch: 1 pq: 29 rg: 8 | total time: 803.61m | eta: 13.7m
step 02479/02520 (98.37%) | loss: 2.674442 | lrm: 0.07 | dt: 19386.44ms | tok/sec: 27,044 | bf16_mfu: 0.00 | epoch: 1 pq: 29 rg: 9 | total time: 803.94m | eta: 13.4m
step 02480/02520 (98.41%) | loss: 2.710552 | lrm: 0.07 | dt: 19383.72ms | tok/sec: 27,047 | bf16_mfu: 0.00 | epoch: 1 pq: 29 rg: 10 | total time: 804.26m | eta: 13.0m
step 02481/02520 (98.45%) | loss: 2.699310 | lrm: 0.07 | dt: 19385.61ms | tok/sec: 27,045 | bf16_mfu: 0.00 | epoch: 1 pq: 29 rg: 10 | total time: 804.58m | eta: 12.7m
step 02482/02520 (98.49%) | loss: 2.711419 | lrm: 0.07 | dt: 19381.83ms | tok/sec: 27,050 | bf16_mfu: 0.00 | epoch: 1 pq: 29 rg: 11 | total time: 804.91m | eta: 12.4m
step 02483/02520 (98.53%) | loss: 2.735703 | lrm: 0.07 | dt: 19399.67ms | tok/sec: 27,025 | bf16_mfu: 0.00 | epoch: 1 pq: 29 rg: 12 | total time: 805.23m | eta: 12.0m
step 02484/02520 (98.57%) | loss: 2.768166 | lrm: 0.07 | dt: 19389.00ms | tok/sec: 27,040 | bf16_mfu: 0.00 | epoch: 1 pq: 29 rg: 13 | total time: 805.55m | eta: 11.7m
step 02485/02520 (98.61%) | loss: 2.759210 | lrm: 0.07 | dt: 19393.82ms | tok/sec: 27,033 | bf16_mfu: 0.00 | epoch: 1 pq: 29 rg: 14 | total time: 805.88m | eta: 11.4m
step 02486/02520 (98.65%) | loss: 2.780713 | lrm: 0.07 | dt: 19385.58ms | tok/sec: 27,045 | bf16_mfu: 0.00 | epoch: 1 pq: 29 rg: 15 | total time: 806.20m | eta: 11.1m
step 02487/02520 (98.69%) | loss: 2.809545 | lrm: 0.07 | dt: 19387.04ms | tok/sec: 27,043 | bf16_mfu: 0.00 | epoch: 1 pq: 29 rg: 16 | total time: 806.52m | eta: 10.7m
step 02488/02520 (98.73%) | loss: 2.789119 | lrm: 0.07 | dt: 19416.41ms | tok/sec: 27,002 | bf16_mfu: 0.00 | epoch: 1 pq: 29 rg: 17 | total time: 806.85m | eta: 10.4m
step 02489/02520 (98.77%) | loss: 2.802299 | lrm: 0.07 | dt: 19345.97ms | tok/sec: 27,100 | bf16_mfu: 0.00 | epoch: 1 pq: 29 rg: 18 | total time: 807.17m | eta: 10.1m
step 02490/02520 (98.81%) | loss: 2.787484 | lrm: 0.07 | dt: 19384.93ms | tok/sec: 27,046 | bf16_mfu: 0.00 | epoch: 1 pq: 29 rg: 19 | total time: 807.49m | eta: 9.8m
step 02491/02520 (98.85%) | loss: 2.792082 | lrm: 0.07 | dt: 19386.98ms | tok/sec: 27,043 | bf16_mfu: 0.00 | epoch: 1 pq: 29 rg: 20 | total time: 807.82m | eta: 9.4m
step 02492/02520 (98.89%) | loss: 2.794892 | lrm: 0.07 | dt: 19388.01ms | tok/sec: 27,041 | bf16_mfu: 0.00 | epoch: 1 pq: 29 rg: 21 | total time: 808.14m | eta: 9.1m
step 02493/02520 (98.93%) | loss: 2.762580 | lrm: 0.07 | dt: 19387.74ms | tok/sec: 27,042 | bf16_mfu: 0.00 | epoch: 1 pq: 29 rg: 22 | total time: 808.46m | eta: 8.8m
step 02494/02520 (98.97%) | loss: 2.766189 | lrm: 0.07 | dt: 19389.10ms | tok/sec: 27,040 | bf16_mfu: 0.00 | epoch: 1 pq: 29 rg: 23 | total time: 808.78m | eta: 8.5m
step 02495/02520 (99.01%) | loss: 2.770035 | lrm: 0.06 | dt: 19387.96ms | tok/sec: 27,041 | bf16_mfu: 0.00 | epoch: 1 pq: 29 rg: 24 | total time: 809.11m | eta: 8.1m
step 02496/02520 (99.05%) | loss: 2.762657 | lrm: 0.06 | dt: 19388.18ms | tok/sec: 27,041 | bf16_mfu: 0.00 | epoch: 1 pq: 29 rg: 25 | total time: 809.43m | eta: 7.8m
step 02497/02520 (99.09%) | loss: 2.757850 | lrm: 0.06 | dt: 19387.14ms | tok/sec: 27,043 | bf16_mfu: 0.00 | epoch: 1 pq: 29 rg: 26 | total time: 809.75m | eta: 7.5m
step 02498/02520 (99.13%) | loss: 2.759645 | lrm: 0.06 | dt: 19391.65ms | tok/sec: 27,036 | bf16_mfu: 0.00 | epoch: 1 pq: 29 rg: 27 | total time: 810.08m | eta: 7.2m
step 02499/02520 (99.17%) | loss: 2.764118 | lrm: 0.06 | dt: 19389.16ms | tok/sec: 27,040 | bf16_mfu: 0.00 | epoch: 1 pq: 29 rg: 28 | total time: 810.40m | eta: 6.8m
Step 02500 | Validation bpb: 0.844269
<|bos|>The capital of France is Paris, and the capital of France is Paris. The capital of France is Paris
<|bos|>The chemical symbol of gold is Au. It is a silvery-white metal that is very hard and brittle. It
<|bos|>If yesterday was Friday, then tomorrow will be Friday. If today was Monday, then tomorrow will be Friday. If today was
<|bos|>The opposite of hot is cold. The opposite of hot is cold. The opposite of hot is cold.
<|bos|>The planets of the solar system are: Mercury, Venus, Mars, Jupiter, Saturn, Uranus, Neptune
<|bos|>My favorite color is red. I love it. I love it. I love it. I love
<|bos|>If 5*x + 3 = 13, then x is 5*x + 3 = 13. If 5*x
2026-09-25 08:41:39,465 - nanochat.checkpoint_manager - [32m[1mINFO[0m - Saved model parameters to: /home/wesley/.cache/nanochat/base_checkpoints/d12/model_002500.pt
2026-09-25 08:41:39,465 - nanochat.checkpoint_manager - [32m[1mINFO[0m - Saved metadata to: /home/wesley/.cache/nanochat/base_checkpoints/d12/meta_002500.json
2026-09-25 08:41:41,091 - nanochat.checkpoint_manager - [32m[1mINFO[0m - Saved optimizer state to: /home/wesley/.cache/nanochat/base_checkpoints/d12/optim_002500_rank0.pt
step 02500/02520 (99.21%) | loss: 2.771308 | lrm: 0.06 | dt: 19591.64ms | tok/sec: 26,760 | bf16_mfu: 0.00 | epoch: 1 pq: 29 rg: 29 | total time: 810.73m | eta: 6.5m
step 02501/02520 (99.25%) | loss: 2.766905 | lrm: 0.06 | dt: 19389.11ms | tok/sec: 27,040 | bf16_mfu: 0.00 | epoch: 1 pq: 29 rg: 30 | total time: 811.05m | eta: 6.2m
step 02502/02520 (99.29%) | loss: 2.741238 | lrm: 0.06 | dt: 19387.49ms | tok/sec: 27,042 | bf16_mfu: 0.00 | epoch: 1 pq: 29 rg: 31 | total time: 811.37m | eta: 5.9m
step 02503/02520 (99.33%) | loss: 2.738749 | lrm: 0.06 | dt: 19389.85ms | tok/sec: 27,039 | bf16_mfu: 0.00 | epoch: 1 pq: 29 rg: 32 | total time: 811.70m | eta: 5.5m
step 02504/02520 (99.37%) | loss: 2.738173 | lrm: 0.06 | dt: 19384.62ms | tok/sec: 27,046 | bf16_mfu: 0.00 | epoch: 1 pq: 29 rg: 33 | total time: 812.02m | eta: 5.2m
step 02505/02520 (99.40%) | loss: 2.729137 | lrm: 0.06 | dt: 19388.29ms | tok/sec: 27,041 | bf16_mfu: 0.00 | epoch: 1 pq: 29 rg: 34 | total time: 812.34m | eta: 4.9m
step 02506/02520 (99.44%) | loss: 2.751085 | lrm: 0.06 | dt: 19389.09ms | tok/sec: 27,040 | bf16_mfu: 0.00 | epoch: 1 pq: 29 rg: 35 | total time: 812.67m | eta: 4.6m
step 02507/02520 (99.48%) | loss: 2.750328 | lrm: 0.06 | dt: 19386.39ms | tok/sec: 27,044 | bf16_mfu: 0.00 | epoch: 1 pq: 29 rg: 36 | total time: 812.99m | eta: 4.2m
step 02508/02520 (99.52%) | loss: 2.743988 | lrm: 0.06 | dt: 19389.19ms | tok/sec: 27,040 | bf16_mfu: 0.00 | epoch: 1 pq: 29 rg: 37 | total time: 813.31m | eta: 3.9m
step 02509/02520 (99.56%) | loss: 2.735254 | lrm: 0.06 | dt: 19389.48ms | tok/sec: 27,039 | bf16_mfu: 0.00 | epoch: 1 pq: 29 rg: 38 | total time: 813.63m | eta: 3.6m
step 02510/02520 (99.60%) | loss: 2.743447 | lrm: 0.06 | dt: 19385.86ms | tok/sec: 27,044 | bf16_mfu: 0.00 | epoch: 1 pq: 29 rg: 39 | total time: 813.96m | eta: 3.3m
step 02511/02520 (99.64%) | loss: 2.733939 | lrm: 0.06 | dt: 19384.16ms | tok/sec: 27,047 | bf16_mfu: 0.00 | epoch: 1 pq: 29 rg: 40 | total time: 814.28m | eta: 2.9m
step 02512/02520 (99.68%) | loss: 2.721541 | lrm: 0.05 | dt: 19388.42ms | tok/sec: 27,041 | bf16_mfu: 0.00 | epoch: 1 pq: 29 rg: 40 | total time: 814.60m | eta: 2.6m
step 02513/02520 (99.72%) | loss: 2.749430 | lrm: 0.05 | dt: 19388.02ms | tok/sec: 27,041 | bf16_mfu: 0.00 | epoch: 1 pq: 29 rg: 41 | total time: 814.93m | eta: 2.3m
step 02514/02520 (99.76%) | loss: 2.772370 | lrm: 0.05 | dt: 19384.03ms | tok/sec: 27,047 | bf16_mfu: 0.00 | epoch: 1 pq: 29 rg: 42 | total time: 815.25m | eta: 2.0m
step 02515/02520 (99.80%) | loss: 2.758555 | lrm: 0.05 | dt: 19383.43ms | tok/sec: 27,048 | bf16_mfu: 0.00 | epoch: 1 pq: 29 rg: 43 | total time: 815.57m | eta: 1.6m
step 02516/02520 (99.84%) | loss: 2.764190 | lrm: 0.05 | dt: 19365.20ms | tok/sec: 27,073 | bf16_mfu: 0.00 | epoch: 1 pq: 29 rg: 44 | total time: 815.90m | eta: 1.3m
step 02517/02520 (99.88%) | loss: 2.781037 | lrm: 0.05 | dt: 19385.03ms | tok/sec: 27,046 | bf16_mfu: 0.00 | epoch: 1 pq: 29 rg: 45 | total time: 816.22m | eta: 1.0m
step 02518/02520 (99.92%) | loss: 2.792537 | lrm: 0.05 | dt: 19386.52ms | tok/sec: 27,043 | bf16_mfu: 0.00 | epoch: 1 pq: 29 rg: 46 | total time: 816.54m | eta: 0.7m
step 02519/02520 (99.96%) | loss: 2.787308 | lrm: 0.05 | dt: 19388.49ms | tok/sec: 27,041 | bf16_mfu: 0.00 | epoch: 1 pq: 29 rg: 47 | total time: 816.87m | eta: 0.3m
Step 02520 | Validation bpb: 0.843799
<|bos|>The capital of France is Paris, and the capital of France is Paris. The capital of France is Paris
<|bos|>The chemical symbol of gold is Au. It is a silvery-white metal that is very hard and brittle. It
<|bos|>If yesterday was Friday, then tomorrow will be Saturday. If today was Monday, then tomorrow will be Monday. If today was
<|bos|>The opposite of hot is cold. The opposite of hot is cold. The opposite of hot is cold.
<|bos|>The planets of the solar system are: Mercury, Venus, Mars, Jupiter, Saturn, Uranus, Neptune
<|bos|>My favorite color is red. I love it. I love it. I love it. I love
<|bos|>If 5*x + 3 = 13, then x is 5*x + 3 = 13. If 5*x
2026-09-25 08:49:13,690 - nanochat.checkpoint_manager - [32m[1mINFO[0m - Saved model parameters to: /home/wesley/.cache/nanochat/base_checkpoints/d12/model_002520.pt
2026-09-25 08:49:13,691 - nanochat.checkpoint_manager - [32m[1mINFO[0m - Saved metadata to: /home/wesley/.cache/nanochat/base_checkpoints/d12/meta_002520.json
2026-09-25 08:49:15,382 - nanochat.checkpoint_manager - [32m[1mINFO[0m - Saved optimizer state to: /home/wesley/.cache/nanochat/base_checkpoints/d12/optim_002520_rank0.pt
Peak memory usage: 9442.60MiB
Total training time: 816.87m
Minimum validation bpb: 0.843799

===== 2026-09-25 08:49:17 base eval (CORE, bpb, samples)
Autodetected device type: cuda
2026-09-25 08:49:19,666 - nanochat.common - [32m[1mINFO[0m - Distributed world size: 1
2026-09-25 08:49:19,666 - nanochat.checkpoint_manager - [32m[1mINFO[0m - Loading model from /home/wesley/.cache/nanochat/base_checkpoints/d12 with step 2520
2026-09-25 08:49:20,026 - nanochat.checkpoint_manager - [32m[1mINFO[0m - Building model with config: {'sequence_len': 2048, 'vocab_size': 32768, 'n_layer': 12, 'n_head': 6, 'n_kv_head': 6, 'n_embd': 768, 'window_pattern': 'SSSL'}
Evaluating model: base_model (step 2520)
Eval modes: bpb, core, sample

================================================================================
Model Samples
================================================================================

Conditioned samples:
--------------------------------------------------------------------------------
<|bos|>The capital of France is Paris, and the capital of France is Paris. The capital of France is Paris
--------------------------------------------------------------------------------
<|bos|>The chemical symbol of gold is Au. It is a silvery-white metal that is very hard and brittle. It
--------------------------------------------------------------------------------
<|bos|>If yesterday was Friday, then tomorrow will be Saturday. If today was Monday, then tomorrow will be Monday. If today was
--------------------------------------------------------------------------------
<|bos|>The opposite of hot is cold. The opposite of hot is cold. The opposite of hot is cold.
--------------------------------------------------------------------------------
<|bos|>The planets of the solar system are: Mercury, Venus, Mars, Jupiter, Saturn, Uranus, Neptune
--------------------------------------------------------------------------------
<|bos|>My favorite color is red. I love it. I love it. I love it. I love
--------------------------------------------------------------------------------
<|bos|>If 5*x + 3 = 13, then x is 5*x + 3 = 13. If 5*x

Unconditioned samples:
--------------------------------------------------------------------------------
<|bos|>Jumping back in time and Continental conditions for 10 million and 15 million years would have clear repercussions for long-term climate regulation, Greens Joshua's research suggests. Called the ‘Climate Revolution’, it looks to combine scientific evidence with advanced statistical insight to get a clearer picture of the far-reaching implications.
One of these findings, reported today in the Proceedings of the National Academy of Sciences, is that long-term sea level rise that occurred on Earth 10 million years ago is more likely to cause cognitive decline in many people than it has today.
Most urban planners recommend trees and parks as the only effective ways to counter climate-related
--------------------------------------------------------------------------------
<|bos|>Add road treatments to football arenas, but are there any significant non-invasiveness of venomous wood storks living in those locations? From managers looking at planting signage to foresters searching for a headhunting or killing for this empty crop, we have seen the potential for banning open road units, but do we still want to see any evidence of athletics in Hague?
AN update on my PhD on athletic ikeness
Prior to leaving the laboratory, first I used to watch a few summaries on hip hop outside American football.
Reward and landscape screening were my experiences - the read and memorable sequences based on the world quot
--------------------------------------------------------------------------------
<|bos|>Tom Stinson wins NAz lig PK
Pat talks with Tom Stinson, director of science across the district
The National Science Foundation announced a $50 million grant from the National Institutes of Health
grants to better understand the signaling pathways that regulate sodium signaling--the chemicals
that regulate the way blood cells multiply and how much they respond to the stimulus that cells
express.
Reporting in the paper Written communications with Tom Stinson, director
of science across the district and based
on scientific evidence, states, "Monoclonal antibodies (mAb) are often used to treat SARS-CoV-2
and the vaccine
--------------------------------------------------------------------------------
<|bos|>If a fluid is dissolved in a closed vessel of water, which of the following is NOT the charge of the battery external to the fluid?
B) fundamental AA
C) ionic charge
D) irreversibility
E) charge and discharge energy
Answer: C. ionic charge, irreversibility
1. In a sports car, do both the electric and the electronic battery pendulums.
B) In a modern technology cars, the electric battery is your e-mobility tool.
C) modern technology cars, the mechanically driven electric cars are not the same (depend on the need for reduced weight and increased reliability).
D
--------------------------------------------------------------------------------
<|bos|>I got stuck on a tough part or another thing here you wish. Can you let me have a quick do and read about do without being in it right where written down fine.

At this point I'm applying a stop stop in this order, probably because it's difficult and tedious discrete stop-teds tend to be irritating in that way.

It bothers me that there are escape + find + dig pages, but at the step of showing that you can find something via selective search among the options in my library, I've found a tool on the Github docs that converts Escali:: Note on Code Ohlsicator Tool to
--------------------------------------------------------------------------------
<|bos|>Chapter 10: Inspired by Science and Minimalism: Creativity, Invention, and History

I. Introduction

The world of science and technology has always been a topic of fascination, intrigue, and controversy. From learning about complex chemical reactions to discovering new materials and procedures in dental care, there's something fascinating about exploring new ideas using technology. One such exciting area within this field is applied mathematics and engineering, particularly in dentistry. This chapter delves into the fascinating intersections between design, engineering, education, and inspiration while highlighting their connection to minimalist aesthetics.

II. The Birth of Applied Mathematics

A. In the Early 20
--------------------------------------------------------------------------------
<|bos|>As reported earlier, studies have linked "Efficient availability of cod liver oil in the ruminant feeds may have to provide further rationale for increasing the fetid diets adequate protein source and taurine and a second glucohydrase inhibitor."
Alliteration altogether requires an interdisciplinary and mechanistic approach
In the effort to curb ammonia's harmful effects on our aquatic community, it would be best to record how antibiotics used by humans have been overdosed, spread across-section and were over used.
Additionally, much to the delight of the filleting au naturale bodies "stilton or flavour, has been recalled and overused (
--------------------------------------------------------------------------------
<|bos|>Tsats Session
Podcasting: the four of us from the UCLU Shawnee community working with world hunger, chronic waste, the invisible poor, and illiteracy - 4th generation of STEM students from UCLU
Share on FacebookTweet on Twitter
Share on LinkedIn
Why do we want global STEM knowledge? Why do WE need it? So many variables. There are variables about easy to identify, and it just works. How do we assess that variable? How do we know it depends and broaden on what we are measuring to change our lives?
We have done the same thing with the package of food

================================================================================
BPB Evaluation
================================================================================
train bpb: 0.848617
val bpb: 0.848390

================================================================================
CORE Evaluation
================================================================================
Downloading https://karpathy-public.s3.us-west-2.amazonaws.com/eval_bundle.zip...
Downloaded to /home/wesley/.cache/nanochat/eval_bundle.zip
Placed eval_bundle directory at /home/wesley/.cache/nanochat/eval_bundle
Evaluating: hellaswag_zeroshot (0-shot, type: multiple_choice)... accuracy: 0.3676 | centered: 0.1567 | time: 137.07s
Evaluating: jeopardy (10-shot, type: language_modeling)... accuracy: 0.0113 | centered: 0.0113 | time: 28.97s
Evaluating: bigbench_qa_wikidata (10-shot, type: language_modeling)... accuracy: 0.2858 | centered: 0.2858 | time: 209.90s
Evaluating: arc_easy (10-shot, type: multiple_choice)... accuracy: 0.5551 | centered: 0.4068 | time: 81.65s
Evaluating: arc_challenge (10-shot, type: multiple_choice)... accuracy: 0.2790 | centered: 0.0387 | time: 45.09s
Evaluating: copa (0-shot, type: multiple_choice)... accuracy: 0.6000 | centered: 0.2000 | time: 0.89s
Evaluating: commonsense_qa (10-shot, type: multiple_choice)... accuracy: 0.2498 | centered: 0.0622 | time: 53.64s
Evaluating: piqa (10-shot, type: multiple_choice)... accuracy: 0.6785 | centered: 0.3569 | time: 40.59s
Evaluating: openbook_qa (0-shot, type: multiple_choice)... accuracy: 0.3100 | centered: 0.0800 | time: 4.68s
Evaluating: lambada_openai (0-shot, type: language_modeling)... accuracy: 0.2936 | centered: 0.2936 | time: 47.81s
Evaluating: hellaswag (10-shot, type: multiple_choice)... accuracy: 0.3612 | centered: 0.1482 | time: 771.76s
Evaluating: winograd (0-shot, type: schema)... accuracy: 0.5934 | centered: 0.1868 | time: 2.43s
Evaluating: winogrande (0-shot, type: schema)... accuracy: 0.5225 | centered: 0.0450 | time: 11.89s
Evaluating: bigbench_dyck_languages (10-shot, type: language_modeling)... accuracy: 0.0870 | centered: 0.0870 | time: 19.33s
Evaluating: agi_eval_lsat_ar (3-shot, type: multiple_choice)... accuracy: 0.2478 | centered: 0.0598 | time: 17.65s
Evaluating: bigbench_cs_algorithms (10-shot, type: language_modeling)... accuracy: 0.4136 | centered: 0.4136 | time: 21.96s
Evaluating: bigbench_operators (10-shot, type: language_modeling)... accuracy: 0.1000 | centered: 0.1000 | time: 3.13s
Evaluating: bigbench_repeat_copy_logic (10-shot, type: language_modeling)... accuracy: 0.0000 | centered: 0.0000 | time: 0.50s
Evaluating: squad (10-shot, type: language_modeling)... accuracy: 0.1464 | centered: 0.1464 | time: 535.95s
Evaluating: coqa (0-shot, type: language_modeling)... accuracy: 0.1864 | centered: 0.1864 | time: 141.29s
Evaluating: boolq (10-shot, type: multiple_choice)... accuracy: 0.5682 | centered: -0.1363 | time: 234.27s
Evaluating: bigbench_language_identification (10-shot, type: multiple_choice)... accuracy: 0.2623 | centered: 0.1884 | time: 1437.69s

Results written to: /home/wesley/.cache/nanochat/base_eval/base_model_002520.csv
CORE metric: 0.1508

===== 2026-09-25 10:06:57 SFT
Autodetected device type: cuda
2026-09-25 10:07:00,618 - nanochat.common - [32m[1mINFO[0m - Distributed world size: 1
COMPUTE_DTYPE: torch.bfloat16 (auto-detected: CUDA SM 86 (bf16 supported))
2026-09-25 10:07:00,618 - nanochat.common - [33m[1mWARNING[0m - Peak flops undefined for: NVIDIA GeForce RTX 3060, MFU will show as 0%
GPU: NVIDIA GeForce RTX 3060 | Peak FLOPS (BF16): inf
2026-09-25 10:07:00,618 - nanochat.checkpoint_manager - [32m[1mINFO[0m - Loading model from /home/wesley/.cache/nanochat/base_checkpoints/d12 with step 2520
2026-09-25 10:07:02,245 - nanochat.checkpoint_manager - [32m[1mINFO[0m - Building model with config: {'sequence_len': 2048, 'vocab_size': 32768, 'n_layer': 12, 'n_head': 6, 'n_kv_head': 6, 'n_embd': 768, 'window_pattern': 'SSSL'}
Inherited max_seq_len=2048 from pretrained checkpoint
Inherited device_batch_size=8 from pretrained checkpoint
Inherited total_batch_size=524288 from pretrained checkpoint
Inherited embedding_lr=0.3 from pretrained checkpoint
Inherited unembedding_lr=0.008 from pretrained checkpoint
Inherited matrix_lr=0.02 from pretrained checkpoint
Tokens / micro-batch / rank: 8 x 2048 = 16,384
Tokens / micro-batch: 16,384
Total batch size 524,288 => gradient accumulation steps: 32
Scaling the LR for the AdamW parameters ∝1/√(768/768) = 1.000000
2026-09-25 10:07:03,023 - nanochat.checkpoint_manager - [32m[1mINFO[0m - Loading optimizer state from /home/wesley/.cache/nanochat/base_checkpoints/d12/optim_002520_rank0.pt
Loaded optimizer state from pretrained checkpoint (momentum buffers only, LRs reset)
Downloading https://huggingface.co/api/datasets/HuggingFaceTB/smol-smoltalk/parquet/default/train/0.parquet ...
Downloading https://huggingface.co/api/datasets/HuggingFaceTB/smol-smoltalk/parquet/default/train/1.parquet ...
Downloading https://huggingface.co/api/datasets/HuggingFaceTB/smol-smoltalk/parquet/default/train/2.parquet ...
Downloading https://huggingface.co/api/datasets/HuggingFaceTB/smol-smoltalk/parquet/default/train/3.parquet ...
Downloading https://huggingface.co/api/datasets/cais/mmlu/parquet/all/auxiliary_train/0.parquet ...
Downloading https://huggingface.co/api/datasets/openai/gsm8k/parquet/main/train/0.parquet ...
Training mixture: 789,759 rows (MMLU x3, GSM8K x4)
Downloading https://huggingface.co/api/datasets/HuggingFaceTB/smol-smoltalk/parquet/default/test/0.parquet ...
Downloading https://huggingface.co/api/datasets/cais/mmlu/parquet/all/test/0.parquet ...
Downloading https://huggingface.co/api/datasets/openai/gsm8k/parquet/main/test/0.parquet ...
W0925 10:08:01.135000 341814 .venv/lib/python3.10/site-packages/torch/_inductor/utils.py:1613] [0/0] Not enough SMs to use max_autotune_gemm mode
Step 00000 | Validation bpb: 0.6006
step 00001 (0.10%) | loss: 1.148244 | lrm: 1.00 | dt: 35374.49ms | tok/sec: 14,821 | mfu: 0.00 | epoch: 1 | total time: 0.00m
step 00002 (0.21%) | loss: 1.419798 | lrm: 1.00 | dt: 19232.75ms | tok/sec: 27,260 | mfu: 0.00 | epoch: 1 | total time: 0.00m
step 00003 (0.32%) | loss: 1.609079 | lrm: 1.00 | dt: 19235.47ms | tok/sec: 27,256 | mfu: 0.00 | epoch: 1 | total time: 0.00m
step 00004 (0.42%) | loss: 1.693470 | lrm: 1.00 | dt: 19487.42ms | tok/sec: 26,903 | mfu: 0.00 | epoch: 1 | total time: 0.00m
step 00005 (0.53%) | loss: 1.746758 | lrm: 1.00 | dt: 19394.11ms | tok/sec: 27,033 | mfu: 0.00 | epoch: 1 | total time: 0.00m
step 00006 (0.64%) | loss: 1.756394 | lrm: 1.00 | dt: 19384.02ms | tok/sec: 27,047 | mfu: 0.00 | epoch: 1 | total time: 0.00m
step 00007 (0.75%) | loss: 1.794374 | lrm: 1.00 | dt: 19381.71ms | tok/sec: 27,050 | mfu: 0.00 | epoch: 1 | total time: 0.00m
step 00008 (0.86%) | loss: 1.809274 | lrm: 1.00 | dt: 19384.99ms | tok/sec: 27,046 | mfu: 0.00 | epoch: 1 | total time: 0.00m
step 00009 (0.97%) | loss: 1.807694 | lrm: 1.00 | dt: 19221.82ms | tok/sec: 27,275 | mfu: 0.00 | epoch: 1 | total time: 0.00m
step 00010 (1.07%) | loss: 1.795323 | lrm: 1.00 | dt: 19354.13ms | tok/sec: 27,089 | mfu: 0.00 | epoch: 1 | total time: 0.00m
step 00011 (1.18%) | loss: 1.769469 | lrm: 1.00 | dt: 19591.81ms | tok/sec: 26,760 | mfu: 0.00 | epoch: 1 | total time: 0.33m
step 00012 (1.29%) | loss: 1.766099 | lrm: 1.00 | dt: 19376.89ms | tok/sec: 27,057 | mfu: 0.00 | epoch: 1 | total time: 0.65m
step 00013 (1.40%) | loss: 1.732199 | lrm: 1.00 | dt: 19379.56ms | tok/sec: 27,053 | mfu: 0.00 | epoch: 1 | total time: 0.97m
step 00014 (1.50%) | loss: 1.731601 | lrm: 1.00 | dt: 19218.37ms | tok/sec: 27,280 | mfu: 0.00 | epoch: 1 | total time: 1.29m
step 00015 (1.60%) | loss: 1.708003 | lrm: 1.00 | dt: 19457.86ms | tok/sec: 26,944 | mfu: 0.00 | epoch: 1 | total time: 1.62m
step 00016 (1.71%) | loss: 1.711000 | lrm: 1.00 | dt: 19482.57ms | tok/sec: 26,910 | mfu: 0.00 | epoch: 1 | total time: 1.94m
step 00017 (1.82%) | loss: 1.683979 | lrm: 1.00 | dt: 19269.21ms | tok/sec: 27,208 | mfu: 0.00 | epoch: 1 | total time: 2.26m
step 00018 (1.93%) | loss: 1.696032 | lrm: 1.00 | dt: 19374.36ms | tok/sec: 27,060 | mfu: 0.00 | epoch: 1 | total time: 2.59m
step 00019 (2.04%) | loss: 1.695090 | lrm: 1.00 | dt: 19450.95ms | tok/sec: 26,954 | mfu: 0.00 | epoch: 1 | total time: 2.91m
step 00020 (2.14%) | loss: 1.662235 | lrm: 1.00 | dt: 19434.34ms | tok/sec: 26,977 | mfu: 0.00 | epoch: 1 | total time: 3.23m
step 00021 (2.25%) | loss: 1.664709 | lrm: 1.00 | dt: 19313.48ms | tok/sec: 27,146 | mfu: 0.00 | epoch: 1 | total time: 3.56m
step 00022 (2.35%) | loss: 1.672472 | lrm: 1.00 | dt: 19371.35ms | tok/sec: 27,065 | mfu: 0.00 | epoch: 1 | total time: 3.88m
step 00023 (2.46%) | loss: 1.665044 | lrm: 1.00 | dt: 19478.74ms | tok/sec: 26,915 | mfu: 0.00 | epoch: 1 | total time: 4.20m
step 00024 (2.56%) | loss: 1.684510 | lrm: 1.00 | dt: 19266.56ms | tok/sec: 27,212 | mfu: 0.00 | epoch: 1 | total time: 4.52m
step 00025 (2.67%) | loss: 1.680747 | lrm: 1.00 | dt: 19476.47ms | tok/sec: 26,919 | mfu: 0.00 | epoch: 1 | total time: 4.85m
step 00026 (2.78%) | loss: 1.669526 | lrm: 1.00 | dt: 19358.72ms | tok/sec: 27,082 | mfu: 0.00 | epoch: 1 | total time: 5.17m
step 00027 (2.89%) | loss: 1.645518 | lrm: 1.00 | dt: 19355.33ms | tok/sec: 27,087 | mfu: 0.00 | epoch: 1 | total time: 5.49m
step 00028 (2.99%) | loss: 1.642793 | lrm: 1.00 | dt: 19475.84ms | tok/sec: 26,919 | mfu: 0.00 | epoch: 1 | total time: 5.82m
step 00029 (3.10%) | loss: 1.663035 | lrm: 1.00 | dt: 19276.48ms | tok/sec: 27,198 | mfu: 0.00 | epoch: 1 | total time: 6.14m
step 00030 (3.21%) | loss: 1.625684 | lrm: 1.00 | dt: 19451.52ms | tok/sec: 26,953 | mfu: 0.00 | epoch: 1 | total time: 6.46m
step 00031 (3.31%) | loss: 1.626238 | lrm: 1.00 | dt: 19341.24ms | tok/sec: 27,107 | mfu: 0.00 | epoch: 1 | total time: 6.79m
step 00032 (3.42%) | loss: 1.634035 | lrm: 1.00 | dt: 19367.79ms | tok/sec: 27,070 | mfu: 0.00 | epoch: 1 | total time: 7.11m
step 00033 (3.52%) | loss: 1.627472 | lrm: 1.00 | dt: 19476.07ms | tok/sec: 26,919 | mfu: 0.00 | epoch: 1 | total time: 7.43m
step 00034 (3.63%) | loss: 1.622299 | lrm: 1.00 | dt: 19292.90ms | tok/sec: 27,175 | mfu: 0.00 | epoch: 1 | total time: 7.76m
step 00035 (3.74%) | loss: 1.605975 | lrm: 1.00 | dt: 19483.82ms | tok/sec: 26,908 | mfu: 0.00 | epoch: 1 | total time: 8.08m
step 00036 (3.84%) | loss: 1.594253 | lrm: 1.00 | dt: 19322.53ms | tok/sec: 27,133 | mfu: 0.00 | epoch: 1 | total time: 8.40m
step 00037 (3.95%) | loss: 1.584301 | lrm: 1.00 | dt: 19364.49ms | tok/sec: 27,074 | mfu: 0.00 | epoch: 1 | total time: 8.73m
step 00038 (4.06%) | loss: 1.592146 | lrm: 1.00 | dt: 19441.02ms | tok/sec: 26,968 | mfu: 0.00 | epoch: 1 | total time: 9.05m
step 00039 (4.16%) | loss: 1.578780 | lrm: 1.00 | dt: 19322.28ms | tok/sec: 27,133 | mfu: 0.00 | epoch: 1 | total time: 9.37m
step 00040 (4.27%) | loss: 1.572179 | lrm: 1.00 | dt: 19470.49ms | tok/sec: 26,927 | mfu: 0.00 | epoch: 1 | total time: 9.70m
step 00041 (4.38%) | loss: 1.570243 | lrm: 1.00 | dt: 19326.99ms | tok/sec: 27,127 | mfu: 0.00 | epoch: 1 | total time: 10.02m
step 00042 (4.49%) | loss: 1.565829 | lrm: 1.00 | dt: 19370.55ms | tok/sec: 27,066 | mfu: 0.00 | epoch: 1 | total time: 10.34m
step 00043 (4.59%) | loss: 1.559436 | lrm: 1.00 | dt: 19446.02ms | tok/sec: 26,961 | mfu: 0.00 | epoch: 1 | total time: 10.66m
step 00044 (4.70%) | loss: 1.536446 | lrm: 1.00 | dt: 19309.33ms | tok/sec: 27,152 | mfu: 0.00 | epoch: 1 | total time: 10.99m
step 00045 (4.80%) | loss: 1.535889 | lrm: 1.00 | dt: 19483.84ms | tok/sec: 26,908 | mfu: 0.00 | epoch: 1 | total time: 11.31m
step 00046 (4.91%) | loss: 1.530368 | lrm: 1.00 | dt: 19320.17ms | tok/sec: 27,136 | mfu: 0.00 | epoch: 1 | total time: 11.63m
step 00047 (5.02%) | loss: 1.529182 | lrm: 1.00 | dt: 19356.26ms | tok/sec: 27,086 | mfu: 0.00 | epoch: 1 | total time: 11.96m
step 00048 (5.13%) | loss: 1.515221 | lrm: 1.00 | dt: 19478.64ms | tok/sec: 26,916 | mfu: 0.00 | epoch: 1 | total time: 12.28m
step 00049 (5.24%) | loss: 1.538650 | lrm: 1.00 | dt: 19284.87ms | tok/sec: 27,186 | mfu: 0.00 | epoch: 1 | total time: 12.60m
step 00050 (5.35%) | loss: 1.538133 | lrm: 1.00 | dt: 19474.64ms | tok/sec: 26,921 | mfu: 0.00 | epoch: 1 | total time: 12.93m
step 00051 (5.45%) | loss: 1.523869 | lrm: 1.00 | dt: 19330.40ms | tok/sec: 27,122 | mfu: 0.00 | epoch: 1 | total time: 13.25m
step 00052 (5.56%) | loss: 1.503153 | lrm: 1.00 | dt: 19347.46ms | tok/sec: 27,098 | mfu: 0.00 | epoch: 1 | total time: 13.57m
step 00053 (5.67%) | loss: 1.507468 | lrm: 1.00 | dt: 19463.83ms | tok/sec: 26,936 | mfu: 0.00 | epoch: 1 | total time: 13.90m
step 00054 (5.78%) | loss: 1.518420 | lrm: 1.00 | dt: 19300.87ms | tok/sec: 27,163 | mfu: 0.00 | epoch: 1 | total time: 14.22m
step 00055 (5.88%) | loss: 1.517423 | lrm: 1.00 | dt: 19483.26ms | tok/sec: 26,909 | mfu: 0.00 | epoch: 1 | total time: 14.54m
step 00056 (5.99%) | loss: 1.503208 | lrm: 1.00 | dt: 19329.77ms | tok/sec: 27,123 | mfu: 0.00 | epoch: 1 | total time: 14.86m
step 00057 (6.10%) | loss: 1.506266 | lrm: 1.00 | dt: 19356.46ms | tok/sec: 27,085 | mfu: 0.00 | epoch: 1 | total time: 15.19m
step 00058 (6.21%) | loss: 1.501232 | lrm: 1.00 | dt: 19472.61ms | tok/sec: 26,924 | mfu: 0.00 | epoch: 1 | total time: 15.51m
step 00059 (6.32%) | loss: 1.498708 | lrm: 1.00 | dt: 19292.30ms | tok/sec: 27,176 | mfu: 0.00 | epoch: 1 | total time: 15.83m
step 00060 (6.43%) | loss: 1.495356 | lrm: 1.00 | dt: 19457.83ms | tok/sec: 26,944 | mfu: 0.00 | epoch: 1 | total time: 16.16m
step 00061 (6.54%) | loss: 1.491207 | lrm: 1.00 | dt: 19351.66ms | tok/sec: 27,092 | mfu: 0.00 | epoch: 1 | total time: 16.48m
step 00062 (6.65%) | loss: 1.504879 | lrm: 1.00 | dt: 19353.05ms | tok/sec: 27,090 | mfu: 0.00 | epoch: 1 | total time: 16.80m
step 00063 (6.75%) | loss: 1.488637 | lrm: 1.00 | dt: 19480.33ms | tok/sec: 26,913 | mfu: 0.00 | epoch: 1 | total time: 17.13m
step 00064 (6.86%) | loss: 1.482994 | lrm: 1.00 | dt: 19287.50ms | tok/sec: 27,182 | mfu: 0.00 | epoch: 1 | total time: 17.45m
step 00065 (6.96%) | loss: 1.485042 | lrm: 1.00 | dt: 19452.06ms | tok/sec: 26,952 | mfu: 0.00 | epoch: 1 | total time: 17.77m
step 00066 (7.07%) | loss: 1.482468 | lrm: 1.00 | dt: 19353.81ms | tok/sec: 27,089 | mfu: 0.00 | epoch: 1 | total time: 18.10m
step 00067 (7.18%) | loss: 1.493974 | lrm: 1.00 | dt: 19342.15ms | tok/sec: 27,105 | mfu: 0.00 | epoch: 1 | total time: 18.42m
step 00068 (7.29%) | loss: 1.472906 | lrm: 1.00 | dt: 19485.80ms | tok/sec: 26,906 | mfu: 0.00 | epoch: 1 | total time: 18.74m
step 00069 (7.39%) | loss: 1.441116 | lrm: 1.00 | dt: 19291.71ms | tok/sec: 27,176 | mfu: 0.00 | epoch: 1 | total time: 19.06m
step 00070 (7.50%) | loss: 1.447131 | lrm: 1.00 | dt: 19455.12ms | tok/sec: 26,948 | mfu: 0.00 | epoch: 1 | total time: 19.39m
step 00071 (7.61%) | loss: 1.462725 | lrm: 1.00 | dt: 19346.21ms | tok/sec: 27,100 | mfu: 0.00 | epoch: 1 | total time: 19.71m
step 00072 (7.71%) | loss: 1.453244 | lrm: 1.00 | dt: 19338.68ms | tok/sec: 27,110 | mfu: 0.00 | epoch: 1 | total time: 20.03m
step 00073 (7.82%) | loss: 1.473552 | lrm: 1.00 | dt: 19474.28ms | tok/sec: 26,922 | mfu: 0.00 | epoch: 1 | total time: 20.36m
step 00074 (7.93%) | loss: 1.492637 | lrm: 1.00 | dt: 19296.36ms | tok/sec: 27,170 | mfu: 0.00 | epoch: 1 | total time: 20.68m
step 00075 (8.04%) | loss: 1.490391 | lrm: 1.00 | dt: 19471.45ms | tok/sec: 26,925 | mfu: 0.00 | epoch: 1 | total time: 21.00m
step 00076 (8.15%) | loss: 1.497049 | lrm: 1.00 | dt: 19333.46ms | tok/sec: 27,118 | mfu: 0.00 | epoch: 1 | total time: 21.33m
step 00077 (8.25%) | loss: 1.506105 | lrm: 1.00 | dt: 19343.82ms | tok/sec: 27,103 | mfu: 0.00 | epoch: 1 | total time: 21.65m
step 00078 (8.36%) | loss: 1.503707 | lrm: 1.00 | dt: 19476.06ms | tok/sec: 26,919 | mfu: 0.00 | epoch: 1 | total time: 21.97m
step 00079 (8.47%) | loss: 1.486546 | lrm: 1.00 | dt: 19290.73ms | tok/sec: 27,178 | mfu: 0.00 | epoch: 1 | total time: 22.29m
step 00080 (8.57%) | loss: 1.485113 | lrm: 1.00 | dt: 19439.28ms | tok/sec: 26,970 | mfu: 0.00 | epoch: 1 | total time: 22.62m
step 00081 (8.68%) | loss: 1.462760 | lrm: 1.00 | dt: 19371.93ms | tok/sec: 27,064 | mfu: 0.00 | epoch: 1 | total time: 22.94m
step 00082 (8.79%) | loss: 1.476019 | lrm: 1.00 | dt: 19342.51ms | tok/sec: 27,105 | mfu: 0.00 | epoch: 1 | total time: 23.26m
step 00083 (8.90%) | loss: 1.458910 | lrm: 1.00 | dt: 19475.72ms | tok/sec: 26,920 | mfu: 0.00 | epoch: 1 | total time: 23.59m
step 00084 (9.01%) | loss: 1.462368 | lrm: 1.00 | dt: 19293.74ms | tok/sec: 27,173 | mfu: 0.00 | epoch: 1 | total time: 23.91m
step 00085 (9.11%) | loss: 1.492695 | lrm: 1.00 | dt: 19441.66ms | tok/sec: 26,967 | mfu: 0.00 | epoch: 1 | total time: 24.23m
step 00086 (9.22%) | loss: 1.491226 | lrm: 1.00 | dt: 19368.88ms | tok/sec: 27,068 | mfu: 0.00 | epoch: 1 | total time: 24.56m
step 00087 (9.33%) | loss: 1.486744 | lrm: 1.00 | dt: 19329.59ms | tok/sec: 27,123 | mfu: 0.00 | epoch: 1 | total time: 24.88m
step 00088 (9.43%) | loss: 1.482566 | lrm: 1.00 | dt: 19488.47ms | tok/sec: 26,902 | mfu: 0.00 | epoch: 1 | total time: 25.20m
step 00089 (9.54%) | loss: 1.438193 | lrm: 1.00 | dt: 19293.57ms | tok/sec: 27,174 | mfu: 0.00 | epoch: 1 | total time: 25.52m
step 00090 (9.65%) | loss: 1.420499 | lrm: 1.00 | dt: 19441.76ms | tok/sec: 26,967 | mfu: 0.00 | epoch: 1 | total time: 25.85m
step 00091 (9.76%) | loss: 1.420908 | lrm: 1.00 | dt: 19368.79ms | tok/sec: 27,068 | mfu: 0.00 | epoch: 1 | total time: 26.17m
step 00092 (9.87%) | loss: 1.434111 | lrm: 1.00 | dt: 19330.08ms | tok/sec: 27,122 | mfu: 0.00 | epoch: 1 | total time: 26.49m
step 00093 (9.97%) | loss: 1.447874 | lrm: 1.00 | dt: 19484.89ms | tok/sec: 26,907 | mfu: 0.00 | epoch: 1 | total time: 26.82m
step 00094 (10.08%) | loss: 1.442036 | lrm: 1.00 | dt: 19290.07ms | tok/sec: 27,179 | mfu: 0.00 | epoch: 1 | total time: 27.14m
step 00095 (10.19%) | loss: 1.452827 | lrm: 1.00 | dt: 19451.27ms | tok/sec: 26,953 | mfu: 0.00 | epoch: 1 | total time: 27.46m
step 00096 (10.30%) | loss: 1.471469 | lrm: 1.00 | dt: 19357.83ms | tok/sec: 27,084 | mfu: 0.00 | epoch: 1 | total time: 27.79m
step 00097 (10.40%) | loss: 1.467754 | lrm: 1.00 | dt: 19327.20ms | tok/sec: 27,126 | mfu: 0.00 | epoch: 1 | total time: 28.11m
step 00098 (10.51%) | loss: 1.477454 | lrm: 1.00 | dt: 19491.17ms | tok/sec: 26,898 | mfu: 0.00 | epoch: 1 | total time: 28.43m
step 00099 (10.62%) | loss: 1.432415 | lrm: 1.00 | dt: 19282.70ms | tok/sec: 27,189 | mfu: 0.00 | epoch: 1 | total time: 28.76m
step 00100 (10.73%) | loss: 1.421788 | lrm: 1.00 | dt: 19429.08ms | tok/sec: 26,984 | mfu: 0.00 | epoch: 1 | total time: 29.08m
step 00101 (10.84%) | loss: 1.430911 | lrm: 1.00 | dt: 19392.40ms | tok/sec: 27,035 | mfu: 0.00 | epoch: 1 | total time: 29.40m
step 00102 (10.94%) | loss: 1.430473 | lrm: 1.00 | dt: 19334.32ms | tok/sec: 27,116 | mfu: 0.00 | epoch: 1 | total time: 29.72m
step 00103 (11.05%) | loss: 1.409100 | lrm: 1.00 | dt: 19485.84ms | tok/sec: 26,906 | mfu: 0.00 | epoch: 1 | total time: 30.05m
step 00104 (11.16%) | loss: 1.424547 | lrm: 1.00 | dt: 19287.34ms | tok/sec: 27,183 | mfu: 0.00 | epoch: 1 | total time: 30.37m
step 00105 (11.26%) | loss: 1.423101 | lrm: 1.00 | dt: 19422.46ms | tok/sec: 26,993 | mfu: 0.00 | epoch: 1 | total time: 30.69m
step 00106 (11.37%) | loss: 1.418670 | lrm: 1.00 | dt: 19385.90ms | tok/sec: 27,044 | mfu: 0.00 | epoch: 1 | total time: 31.02m
step 00107 (11.47%) | loss: 1.432140 | lrm: 1.00 | dt: 19325.12ms | tok/sec: 27,129 | mfu: 0.00 | epoch: 1 | total time: 31.34m
step 00108 (11.58%) | loss: 1.429155 | lrm: 1.00 | dt: 19494.47ms | tok/sec: 26,894 | mfu: 0.00 | epoch: 1 | total time: 31.66m
step 00109 (11.69%) | loss: 1.424572 | lrm: 1.00 | dt: 19288.70ms | tok/sec: 27,181 | mfu: 0.00 | epoch: 1 | total time: 31.99m
step 00110 (11.80%) | loss: 1.416254 | lrm: 1.00 | dt: 19428.59ms | tok/sec: 26,985 | mfu: 0.00 | epoch: 1 | total time: 32.31m
step 00111 (11.91%) | loss: 1.410226 | lrm: 1.00 | dt: 19382.44ms | tok/sec: 27,049 | mfu: 0.00 | epoch: 1 | total time: 32.63m
step 00112 (12.02%) | loss: 1.422783 | lrm: 1.00 | dt: 19330.73ms | tok/sec: 27,121 | mfu: 0.00 | epoch: 1 | total time: 32.96m
step 00113 (12.13%) | loss: 1.450379 | lrm: 1.00 | dt: 19501.46ms | tok/sec: 26,884 | mfu: 0.00 | epoch: 1 | total time: 33.28m
step 00114 (12.23%) | loss: 1.436644 | lrm: 1.00 | dt: 19286.39ms | tok/sec: 27,184 | mfu: 0.00 | epoch: 1 | total time: 33.60m
step 00115 (12.34%) | loss: 1.434769 | lrm: 1.00 | dt: 19427.61ms | tok/sec: 26,986 | mfu: 0.00 | epoch: 1 | total time: 33.93m
step 00116 (12.45%) | loss: 1.443397 | lrm: 1.00 | dt: 19378.15ms | tok/sec: 27,055 | mfu: 0.00 | epoch: 1 | total time: 34.25m
step 00117 (12.55%) | loss: 1.443608 | lrm: 1.00 | dt: 19326.59ms | tok/sec: 27,127 | mfu: 0.00 | epoch: 1 | total time: 34.57m
step 00118 (12.66%) | loss: 1.434123 | lrm: 1.00 | dt: 19494.55ms | tok/sec: 26,894 | mfu: 0.00 | epoch: 1 | total time: 34.90m
step 00119 (12.77%) | loss: 1.411242 | lrm: 1.00 | dt: 19295.58ms | tok/sec: 27,171 | mfu: 0.00 | epoch: 1 | total time: 35.22m
step 00120 (12.87%) | loss: 1.414727 | lrm: 1.00 | dt: 19404.29ms | tok/sec: 27,019 | mfu: 0.00 | epoch: 1 | total time: 35.54m
step 00121 (12.99%) | loss: 1.396379 | lrm: 1.00 | dt: 19402.76ms | tok/sec: 27,021 | mfu: 0.00 | epoch: 1 | total time: 35.86m
step 00122 (13.10%) | loss: 1.401071 | lrm: 1.00 | dt: 19323.57ms | tok/sec: 27,132 | mfu: 0.00 | epoch: 1 | total time: 36.19m
step 00123 (13.20%) | loss: 1.393791 | lrm: 1.00 | dt: 19492.35ms | tok/sec: 26,897 | mfu: 0.00 | epoch: 1 | total time: 36.51m
step 00124 (13.31%) | loss: 1.395038 | lrm: 1.00 | dt: 19290.30ms | tok/sec: 27,178 | mfu: 0.00 | epoch: 1 | total time: 36.83m
step 00125 (13.42%) | loss: 1.398076 | lrm: 1.00 | dt: 19409.23ms | tok/sec: 27,012 | mfu: 0.00 | epoch: 1 | total time: 37.16m
step 00126 (13.52%) | loss: 1.386909 | lrm: 1.00 | dt: 19404.99ms | tok/sec: 27,018 | mfu: 0.00 | epoch: 1 | total time: 37.48m
step 00127 (13.63%) | loss: 1.416929 | lrm: 1.00 | dt: 19322.17ms | tok/sec: 27,134 | mfu: 0.00 | epoch: 1 | total time: 37.80m
step 00128 (13.73%) | loss: 1.410748 | lrm: 1.00 | dt: 19509.69ms | tok/sec: 26,873 | mfu: 0.00 | epoch: 1 | total time: 38.13m
step 00129 (13.84%) | loss: 1.399032 | lrm: 1.00 | dt: 19283.77ms | tok/sec: 27,188 | mfu: 0.00 | epoch: 1 | total time: 38.45m
step 00130 (13.95%) | loss: 1.391139 | lrm: 1.00 | dt: 19413.27ms | tok/sec: 27,006 | mfu: 0.00 | epoch: 1 | total time: 38.77m
step 00131 (14.06%) | loss: 1.408160 | lrm: 1.00 | dt: 19399.15ms | tok/sec: 27,026 | mfu: 0.00 | epoch: 1 | total time: 39.09m
step 00132 (14.16%) | loss: 1.395881 | lrm: 1.00 | dt: 19322.51ms | tok/sec: 27,133 | mfu: 0.00 | epoch: 1 | total time: 39.42m
step 00133 (14.27%) | loss: 1.391481 | lrm: 1.00 | dt: 19505.58ms | tok/sec: 26,878 | mfu: 0.00 | epoch: 1 | total time: 39.74m
step 00134 (14.37%) | loss: 1.392321 | lrm: 1.00 | dt: 19286.60ms | tok/sec: 27,184 | mfu: 0.00 | epoch: 1 | total time: 40.06m
step 00135 (14.48%) | loss: 1.407400 | lrm: 1.00 | dt: 19417.41ms | tok/sec: 27,000 | mfu: 0.00 | epoch: 1 | total time: 40.39m
step 00136 (14.59%) | loss: 1.405935 | lrm: 1.00 | dt: 19397.52ms | tok/sec: 27,028 | mfu: 0.00 | epoch: 1 | total time: 40.71m
step 00137 (14.70%) | loss: 1.438504 | lrm: 1.00 | dt: 19323.09ms | tok/sec: 27,132 | mfu: 0.00 | epoch: 1 | total time: 41.03m
step 00138 (14.80%) | loss: 1.411676 | lrm: 1.00 | dt: 19498.49ms | tok/sec: 26,888 | mfu: 0.00 | epoch: 1 | total time: 41.36m
step 00139 (14.91%) | loss: 1.405359 | lrm: 1.00 | dt: 19280.90ms | tok/sec: 27,192 | mfu: 0.00 | epoch: 1 | total time: 41.68m
step 00140 (15.02%) | loss: 1.412703 | lrm: 1.00 | dt: 19396.38ms | tok/sec: 27,030 | mfu: 0.00 | epoch: 1 | total time: 42.00m
step 00141 (15.13%) | loss: 1.431738 | lrm: 1.00 | dt: 19420.51ms | tok/sec: 26,996 | mfu: 0.00 | epoch: 1 | total time: 42.33m
step 00142 (15.24%) | loss: 1.416870 | lrm: 1.00 | dt: 19319.25ms | tok/sec: 27,138 | mfu: 0.00 | epoch: 1 | total time: 42.65m
step 00143 (15.34%) | loss: 1.428044 | lrm: 1.00 | dt: 19504.40ms | tok/sec: 26,880 | mfu: 0.00 | epoch: 1 | total time: 42.97m
step 00144 (15.45%) | loss: 1.422516 | lrm: 1.00 | dt: 19278.97ms | tok/sec: 27,194 | mfu: 0.00 | epoch: 1 | total time: 43.29m
step 00145 (15.56%) | loss: 1.422909 | lrm: 1.00 | dt: 19397.74ms | tok/sec: 27,028 | mfu: 0.00 | epoch: 1 | total time: 43.62m
step 00146 (15.67%) | loss: 1.409020 | lrm: 1.00 | dt: 19417.79ms | tok/sec: 27,000 | mfu: 0.00 | epoch: 1 | total time: 43.94m
step 00147 (15.78%) | loss: 1.395507 | lrm: 1.00 | dt: 19312.64ms | tok/sec: 27,147 | mfu: 0.00 | epoch: 1 | total time: 44.26m
step 00148 (15.89%) | loss: 1.410920 | lrm: 1.00 | dt: 19516.48ms | tok/sec: 26,863 | mfu: 0.00 | epoch: 1 | total time: 44.59m
step 00149 (15.99%) | loss: 1.410719 | lrm: 1.00 | dt: 19086.13ms | tok/sec: 27,469 | mfu: 0.00 | epoch: 1 | total time: 44.91m
step 00150 (16.10%) | loss: 1.413562 | lrm: 1.00 | dt: 19611.32ms | tok/sec: 26,733 | mfu: 0.00 | epoch: 1 | total time: 45.23m
step 00151 (16.20%) | loss: 1.425022 | lrm: 1.00 | dt: 19330.01ms | tok/sec: 27,123 | mfu: 0.00 | epoch: 1 | total time: 45.56m
step 00152 (16.31%) | loss: 1.438853 | lrm: 1.00 | dt: 19476.65ms | tok/sec: 26,918 | mfu: 0.00 | epoch: 1 | total time: 45.88m
step 00153 (16.42%) | loss: 1.419127 | lrm: 1.00 | dt: 19293.94ms | tok/sec: 27,173 | mfu: 0.00 | epoch: 1 | total time: 46.20m
step 00154 (16.53%) | loss: 1.423608 | lrm: 1.00 | dt: 19427.47ms | tok/sec: 26,986 | mfu: 0.00 | epoch: 1 | total time: 46.52m
step 00155 (16.63%) | loss: 1.403967 | lrm: 1.00 | dt: 19382.08ms | tok/sec: 27,050 | mfu: 0.00 | epoch: 1 | total time: 46.85m
step 00156 (16.74%) | loss: 1.409263 | lrm: 1.00 | dt: 19323.24ms | tok/sec: 27,132 | mfu: 0.00 | epoch: 1 | total time: 47.17m
step 00157 (16.85%) | loss: 1.410623 | lrm: 1.00 | dt: 19499.50ms | tok/sec: 26,887 | mfu: 0.00 | epoch: 1 | total time: 47.50m
step 00158 (16.96%) | loss: 1.413843 | lrm: 1.00 | dt: 19279.53ms | tok/sec: 27,194 | mfu: 0.00 | epoch: 1 | total time: 47.82m
step 00159 (17.07%) | loss: 1.423316 | lrm: 1.00 | dt: 19430.42ms | tok/sec: 26,982 | mfu: 0.00 | epoch: 1 | total time: 48.14m
step 00160 (17.17%) | loss: 1.408986 | lrm: 1.00 | dt: 19383.55ms | tok/sec: 27,048 | mfu: 0.00 | epoch: 1 | total time: 48.46m
step 00161 (17.28%) | loss: 1.379546 | lrm: 1.00 | dt: 19326.31ms | tok/sec: 27,128 | mfu: 0.00 | epoch: 1 | total time: 48.79m
step 00162 (17.39%) | loss: 1.354792 | lrm: 1.00 | dt: 19502.34ms | tok/sec: 26,883 | mfu: 0.00 | epoch: 1 | total time: 49.11m
step 00163 (17.50%) | loss: 1.370743 | lrm: 1.00 | dt: 19278.08ms | tok/sec: 27,196 | mfu: 0.00 | epoch: 1 | total time: 49.43m
step 00164 (17.60%) | loss: 1.377940 | lrm: 1.00 | dt: 19440.19ms | tok/sec: 26,969 | mfu: 0.00 | epoch: 1 | total time: 49.76m
step 00165 (17.71%) | loss: 1.386232 | lrm: 1.00 | dt: 19372.42ms | tok/sec: 27,063 | mfu: 0.00 | epoch: 1 | total time: 50.08m
step 00166 (17.82%) | loss: 1.376828 | lrm: 1.00 | dt: 19328.54ms | tok/sec: 27,125 | mfu: 0.00 | epoch: 1 | total time: 50.40m
step 00167 (17.93%) | loss: 1.383297 | lrm: 1.00 | dt: 19496.79ms | tok/sec: 26,890 | mfu: 0.00 | epoch: 1 | total time: 50.73m
step 00168 (18.03%) | loss: 1.417448 | lrm: 1.00 | dt: 19276.86ms | tok/sec: 27,197 | mfu: 0.00 | epoch: 1 | total time: 51.05m
step 00169 (18.13%) | loss: 1.423649 | lrm: 1.00 | dt: 19439.44ms | tok/sec: 26,970 | mfu: 0.00 | epoch: 1 | total time: 51.37m
step 00170 (18.24%) | loss: 1.414230 | lrm: 1.00 | dt: 19376.29ms | tok/sec: 27,058 | mfu: 0.00 | epoch: 1 | total time: 51.69m
step 00171 (18.35%) | loss: 1.401218 | lrm: 1.00 | dt: 19329.86ms | tok/sec: 27,123 | mfu: 0.00 | epoch: 1 | total time: 52.02m
step 00172 (18.46%) | loss: 1.396863 | lrm: 1.00 | dt: 19498.43ms | tok/sec: 26,888 | mfu: 0.00 | epoch: 1 | total time: 52.34m
step 00173 (18.56%) | loss: 1.399135 | lrm: 1.00 | dt: 19278.38ms | tok/sec: 27,195 | mfu: 0.00 | epoch: 1 | total time: 52.66m
step 00174 (18.67%) | loss: 1.400476 | lrm: 1.00 | dt: 19418.16ms | tok/sec: 26,999 | mfu: 0.00 | epoch: 1 | total time: 52.99m
step 00175 (18.78%) | loss: 1.380232 | lrm: 1.00 | dt: 19395.21ms | tok/sec: 27,031 | mfu: 0.00 | epoch: 1 | total time: 53.31m
step 00176 (18.88%) | loss: 1.384444 | lrm: 1.00 | dt: 19323.60ms | tok/sec: 27,132 | mfu: 0.00 | epoch: 1 | total time: 53.63m
step 00177 (18.99%) | loss: 1.390903 | lrm: 1.00 | dt: 19518.42ms | tok/sec: 26,861 | mfu: 0.00 | epoch: 1 | total time: 53.96m
step 00178 (19.09%) | loss: 1.384146 | lrm: 1.00 | dt: 19256.21ms | tok/sec: 27,226 | mfu: 0.00 | epoch: 1 | total time: 54.28m
step 00179 (19.20%) | loss: 1.387075 | lrm: 1.00 | dt: 19418.44ms | tok/sec: 26,999 | mfu: 0.00 | epoch: 1 | total time: 54.60m
step 00180 (19.31%) | loss: 1.403918 | lrm: 1.00 | dt: 19397.07ms | tok/sec: 27,029 | mfu: 0.00 | epoch: 1 | total time: 54.92m
step 00181 (19.42%) | loss: 1.413900 | lrm: 1.00 | dt: 19314.49ms | tok/sec: 27,144 | mfu: 0.00 | epoch: 1 | total time: 55.25m
step 00182 (19.53%) | loss: 1.415610 | lrm: 1.00 | dt: 19512.68ms | tok/sec: 26,869 | mfu: 0.00 | epoch: 1 | total time: 55.57m
step 00183 (19.63%) | loss: 1.404592 | lrm: 1.00 | dt: 19273.55ms | tok/sec: 27,202 | mfu: 0.00 | epoch: 1 | total time: 55.89m
step 00184 (19.74%) | loss: 1.415697 | lrm: 1.00 | dt: 19423.80ms | tok/sec: 26,992 | mfu: 0.00 | epoch: 1 | total time: 56.22m
step 00185 (19.85%) | loss: 1.400685 | lrm: 1.00 | dt: 19388.26ms | tok/sec: 27,041 | mfu: 0.00 | epoch: 1 | total time: 56.54m
step 00186 (19.96%) | loss: 1.402163 | lrm: 1.00 | dt: 19315.97ms | tok/sec: 27,142 | mfu: 0.00 | epoch: 1 | total time: 56.86m
step 00187 (20.07%) | loss: 1.392501 | lrm: 1.00 | dt: 19522.05ms | tok/sec: 26,856 | mfu: 0.00 | epoch: 1 | total time: 57.19m
step 00188 (20.18%) | loss: 1.387014 | lrm: 1.00 | dt: 19264.36ms | tok/sec: 27,215 | mfu: 0.00 | epoch: 1 | total time: 57.51m
step 00189 (20.29%) | loss: 1.368198 | lrm: 1.00 | dt: 19422.35ms | tok/sec: 26,994 | mfu: 0.00 | epoch: 1 | total time: 57.83m
step 00190 (20.39%) | loss: 1.350693 | lrm: 1.00 | dt: 19395.45ms | tok/sec: 27,031 | mfu: 0.00 | epoch: 1 | total time: 58.16m
step 00191 (20.50%) | loss: 1.356204 | lrm: 1.00 | dt: 19310.32ms | tok/sec: 27,150 | mfu: 0.00 | epoch: 1 | total time: 58.48m
step 00192 (20.60%) | loss: 1.355933 | lrm: 1.00 | dt: 19528.75ms | tok/sec: 26,846 | mfu: 0.00 | epoch: 1 | total time: 58.80m
step 00193 (20.71%) | loss: 1.360660 | lrm: 1.00 | dt: 19262.70ms | tok/sec: 27,217 | mfu: 0.00 | epoch: 1 | total time: 59.12m
step 00194 (20.82%) | loss: 1.369478 | lrm: 1.00 | dt: 19403.71ms | tok/sec: 27,019 | mfu: 0.00 | epoch: 1 | total time: 59.45m
step 00195 (20.92%) | loss: 1.365565 | lrm: 1.00 | dt: 19418.27ms | tok/sec: 26,999 | mfu: 0.00 | epoch: 1 | total time: 59.77m
step 00196 (21.03%) | loss: 1.359387 | lrm: 1.00 | dt: 19312.92ms | tok/sec: 27,147 | mfu: 0.00 | epoch: 1 | total time: 60.09m
step 00197 (21.14%) | loss: 1.350669 | lrm: 1.00 | dt: 19531.64ms | tok/sec: 26,843 | mfu: 0.00 | epoch: 1 | total time: 60.42m
step 00198 (21.25%) | loss: 1.367889 | lrm: 1.00 | dt: 19249.07ms | tok/sec: 27,237 | mfu: 0.00 | epoch: 1 | total time: 60.74m
step 00199 (21.35%) | loss: 1.364345 | lrm: 1.00 | dt: 19414.04ms | tok/sec: 27,005 | mfu: 0.00 | epoch: 1 | total time: 61.06m
step 00200 (21.46%) | loss: 1.377740 | lrm: 1.00 | dt: 19413.52ms | tok/sec: 27,006 | mfu: 0.00 | epoch: 1 | total time: 61.39m
Step 00200 | Validation bpb: 0.4310
Downloading https://huggingface.co/api/datasets/allenai/ai2_arc/parquet/ARC-Easy/test/0.parquet ...
Final: 749/2376 (31.52%)
  ARC-Easy: 31.52%
Downloading https://huggingface.co/api/datasets/allenai/ai2_arc/parquet/ARC-Challenge/test/0.parquet ...
Final: 356/1172 (30.38%)
  ARC-Challenge: 30.38%
Final: 4274/14042 (30.44%)
  MMLU: 30.44%
[KRank 0 | 0/1 (0.00%)[KRank 0 | 0/2 (0.00%)[KRank 0 | 0/3 (0.00%)[KRank 0 | 0/4 (0.00%)[KRank 0 | 0/5 (0.00%)[KRank 0 | 0/6 (0.00%)[KRank 0 | 0/7 (0.00%)[KRank 0 | 0/8 (0.00%)[KRank 0 | 0/9 (0.00%)[KRank 0 | 0/10 (0.00%)[KRank 0 | 0/11 (0.00%)[KRank 0 | 0/12 (0.00%)[KRank 0 | 0/13 (0.00%)[KRank 0 | 0/14 (0.00%)[KRank 0 | 0/15 (0.00%)[KRank 0 | 0/16 (0.00%)[KRank 0 | 0/17 (0.00%)[KRank 0 | 0/18 (0.00%)[KRank 0 | 0/19 (0.00%)[KRank 0 | 0/20 (0.00%)[KRank 0 | 0/21 (0.00%)[KRank 0 | 0/22 (0.00%)[KRank 0 | 0/23 (0.00%)[KRank 0 | 0/24 (0.00%)
==================================================
Final: 0/24 (0.00%)
  GSM8K: 0.00%
Downloading https://huggingface.co/api/datasets/openai/openai_humaneval/parquet/openai_humaneval/test/0.parquet ...
[KRank 0 | 0/1 (0.00%)[KRank 0 | 0/2 (0.00%)[KRank 0 | 0/3 (0.00%)[KRank 0 | 0/4 (0.00%)[KRank 0 | 0/5 (0.00%)[KRank 0 | 0/6 (0.00%)[KRank 0 | 0/7 (0.00%)[KRank 0 | 0/8 (0.00%)[KRank 0 | 0/9 (0.00%)[KRank 0 | 0/10 (0.00%)[KRank 0 | 0/11 (0.00%)[KRank 0 | 0/12 (0.00%)[KRank 0 | 0/13 (0.00%)[KRank 0 | 0/14 (0.00%)[KRank 0 | 0/15 (0.00%)[KRank 0 | 0/16 (0.00%)[KRank 0 | 0/17 (0.00%)[KRank 0 | 0/18 (0.00%)[KRank 0 | 0/19 (0.00%)[KRank 0 | 0/20 (0.00%)[KRank 0 | 0/21 (0.00%)[KRank 0 | 0/22 (0.00%)[KRank 0 | 0/23 (0.00%)[KRank 0 | 0/24 (0.00%)
==================================================
Final: 0/24 (0.00%)
  HumanEval: 0.00%
Step 00200 | ChatCORE: 0.0462 | ChatCORE_cat: 0.0771
step 00201 (21.57%) | loss: 1.379648 | lrm: 1.00 | dt: 19135.20ms | tok/sec: 27,399 | mfu: 0.00 | epoch: 1 | total time: 61.70m
step 00202 (21.67%) | loss: 1.373851 | lrm: 1.00 | dt: 19402.39ms | tok/sec: 27,021 | mfu: 0.00 | epoch: 1 | total time: 62.03m
step 00203 (21.78%) | loss: 1.384279 | lrm: 1.00 | dt: 19203.98ms | tok/sec: 27,301 | mfu: 0.00 | epoch: 1 | total time: 62.35m
step 00204 (21.89%) | loss: 1.368045 | lrm: 1.00 | dt: 19408.56ms | tok/sec: 27,013 | mfu: 0.00 | epoch: 1 | total time: 62.67m
step 00205 (22.00%) | loss: 1.355899 | lrm: 1.00 | dt: 19421.29ms | tok/sec: 26,995 | mfu: 0.00 | epoch: 1 | total time: 63.00m
step 00206 (22.11%) | loss: 1.342124 | lrm: 1.00 | dt: 19307.92ms | tok/sec: 27,154 | mfu: 0.00 | epoch: 1 | total time: 63.32m
step 00207 (22.22%) | loss: 1.327440 | lrm: 1.00 | dt: 19525.48ms | tok/sec: 26,851 | mfu: 0.00 | epoch: 1 | total time: 63.64m
step 00208 (22.33%) | loss: 1.327571 | lrm: 1.00 | dt: 19254.79ms | tok/sec: 27,228 | mfu: 0.00 | epoch: 1 | total time: 63.96m
step 00209 (22.43%) | loss: 1.294353 | lrm: 1.00 | dt: 19409.96ms | tok/sec: 27,011 | mfu: 0.00 | epoch: 1 | total time: 64.29m
step 00210 (22.54%) | loss: 1.319131 | lrm: 1.00 | dt: 19434.75ms | tok/sec: 26,976 | mfu: 0.00 | epoch: 1 | total time: 64.61m
step 00211 (22.65%) | loss: 1.333121 | lrm: 1.00 | dt: 19300.17ms | tok/sec: 27,164 | mfu: 0.00 | epoch: 1 | total time: 64.93m
step 00212 (22.75%) | loss: 1.325128 | lrm: 1.00 | dt: 19541.47ms | tok/sec: 26,829 | mfu: 0.00 | epoch: 1 | total time: 65.26m
step 00213 (22.86%) | loss: 1.338379 | lrm: 1.00 | dt: 19258.27ms | tok/sec: 27,224 | mfu: 0.00 | epoch: 1 | total time: 65.58m
step 00214 (22.97%) | loss: 1.355818 | lrm: 1.00 | dt: 19415.89ms | tok/sec: 27,003 | mfu: 0.00 | epoch: 1 | total time: 65.90m
step 00215 (23.08%) | loss: 1.317212 | lrm: 1.00 | dt: 19422.08ms | tok/sec: 26,994 | mfu: 0.00 | epoch: 1 | total time: 66.23m
step 00216 (23.19%) | loss: 1.334514 | lrm: 1.00 | dt: 19300.98ms | tok/sec: 27,163 | mfu: 0.00 | epoch: 1 | total time: 66.55m
step 00217 (23.30%) | loss: 1.341434 | lrm: 1.00 | dt: 19539.09ms | tok/sec: 26,832 | mfu: 0.00 | epoch: 1 | total time: 66.87m
step 00218 (23.41%) | loss: 1.318858 | lrm: 1.00 | dt: 19267.43ms | tok/sec: 27,211 | mfu: 0.00 | epoch: 1 | total time: 67.19m
step 00219 (23.51%) | loss: 1.321064 | lrm: 1.00 | dt: 19420.63ms | tok/sec: 26,996 | mfu: 0.00 | epoch: 1 | total time: 67.52m
step 00220 (23.61%) | loss: 1.314368 | lrm: 1.00 | dt: 19412.80ms | tok/sec: 27,007 | mfu: 0.00 | epoch: 1 | total time: 67.84m
step 00221 (23.72%) | loss: 1.329263 | lrm: 1.00 | dt: 19301.52ms | tok/sec: 27,163 | mfu: 0.00 | epoch: 1 | total time: 68.16m
step 00222 (23.82%) | loss: 1.336786 | lrm: 1.00 | dt: 19539.85ms | tok/sec: 26,831 | mfu: 0.00 | epoch: 1 | total time: 68.49m
step 00223 (23.93%) | loss: 1.360939 | lrm: 1.00 | dt: 19268.31ms | tok/sec: 27,209 | mfu: 0.00 | epoch: 1 | total time: 68.81m
step 00224 (24.04%) | loss: 1.364123 | lrm: 1.00 | dt: 19392.63ms | tok/sec: 27,035 | mfu: 0.00 | epoch: 1 | total time: 69.13m
step 00225 (24.14%) | loss: 1.385078 | lrm: 1.00 | dt: 19438.58ms | tok/sec: 26,971 | mfu: 0.00 | epoch: 1 | total time: 69.46m
step 00226 (24.25%) | loss: 1.368840 | lrm: 1.00 | dt: 19312.54ms | tok/sec: 27,147 | mfu: 0.00 | epoch: 1 | total time: 69.78m
step 00227 (24.35%) | loss: 1.375491 | lrm: 1.00 | dt: 19534.42ms | tok/sec: 26,839 | mfu: 0.00 | epoch: 1 | total time: 70.11m
step 00228 (24.46%) | loss: 1.376985 | lrm: 1.00 | dt: 19268.36ms | tok/sec: 27,209 | mfu: 0.00 | epoch: 1 | total time: 70.43m
step 00229 (24.56%) | loss: 1.373238 | lrm: 1.00 | dt: 19115.79ms | tok/sec: 27,426 | mfu: 0.00 | epoch: 1 | total time: 70.75m
step 00230 (24.67%) | loss: 1.365938 | lrm: 1.00 | dt: 19840.47ms | tok/sec: 26,425 | mfu: 0.00 | epoch: 1 | total time: 71.08m
step 00231 (24.77%) | loss: 1.345690 | lrm: 1.00 | dt: 19193.77ms | tok/sec: 27,315 | mfu: 0.00 | epoch: 1 | total time: 71.40m
step 00232 (24.88%) | loss: 1.349506 | lrm: 1.00 | dt: 19145.98ms | tok/sec: 27,383 | mfu: 0.00 | epoch: 1 | total time: 71.71m
step 00233 (24.98%) | loss: 1.328635 | lrm: 1.00 | dt: 19720.01ms | tok/sec: 26,586 | mfu: 0.00 | epoch: 1 | total time: 72.04m
step 00234 (25.09%) | loss: 1.320904 | lrm: 1.00 | dt: 19136.38ms | tok/sec: 27,397 | mfu: 0.00 | epoch: 1 | total time: 72.36m
step 00235 (25.20%) | loss: 1.328689 | lrm: 1.00 | dt: 19674.31ms | tok/sec: 26,648 | mfu: 0.00 | epoch: 1 | total time: 72.69m
step 00236 (25.30%) | loss: 1.337827 | lrm: 1.00 | dt: 19234.30ms | tok/sec: 27,257 | mfu: 0.00 | epoch: 1 | total time: 73.01m
step 00237 (25.41%) | loss: 1.329268 | lrm: 1.00 | dt: 19193.77ms | tok/sec: 27,315 | mfu: 0.00 | epoch: 1 | total time: 73.33m
step 00238 (25.52%) | loss: 1.323198 | lrm: 1.00 | dt: 19690.98ms | tok/sec: 26,625 | mfu: 0.00 | epoch: 1 | total time: 73.66m
step 00239 (25.62%) | loss: 1.317373 | lrm: 1.00 | dt: 19187.55ms | tok/sec: 27,324 | mfu: 0.00 | epoch: 1 | total time: 73.98m
step 00240 (25.73%) | loss: 1.318346 | lrm: 1.00 | dt: 19697.98ms | tok/sec: 26,616 | mfu: 0.00 | epoch: 1 | total time: 74.31m
step 00241 (25.84%) | loss: 1.310708 | lrm: 1.00 | dt: 19186.21ms | tok/sec: 27,326 | mfu: 0.00 | epoch: 1 | total time: 74.63m
step 00242 (25.94%) | loss: 1.325306 | lrm: 1.00 | dt: 19194.82ms | tok/sec: 27,314 | mfu: 0.00 | epoch: 1 | total time: 74.95m
step 00243 (26.05%) | loss: 1.329559 | lrm: 1.00 | dt: 19695.05ms | tok/sec: 26,620 | mfu: 0.00 | epoch: 1 | total time: 75.27m
step 00244 (26.16%) | loss: 1.350368 | lrm: 1.00 | dt: 19186.69ms | tok/sec: 27,325 | mfu: 0.00 | epoch: 1 | total time: 75.59m
step 00245 (26.26%) | loss: 1.353284 | lrm: 1.00 | dt: 19694.65ms | tok/sec: 26,620 | mfu: 0.00 | epoch: 1 | total time: 75.92m
step 00246 (26.37%) | loss: 1.355450 | lrm: 1.00 | dt: 19189.04ms | tok/sec: 27,322 | mfu: 0.00 | epoch: 1 | total time: 76.24m
step 00247 (26.48%) | loss: 1.367816 | lrm: 1.00 | dt: 19190.95ms | tok/sec: 27,319 | mfu: 0.00 | epoch: 1 | total time: 76.56m
step 00248 (26.59%) | loss: 1.359093 | lrm: 1.00 | dt: 19693.75ms | tok/sec: 26,622 | mfu: 0.00 | epoch: 1 | total time: 76.89m
step 00249 (26.69%) | loss: 1.388618 | lrm: 1.00 | dt: 19194.06ms | tok/sec: 27,315 | mfu: 0.00 | epoch: 1 | total time: 77.21m
step 00250 (26.80%) | loss: 1.408204 | lrm: 1.00 | dt: 19184.96ms | tok/sec: 27,328 | mfu: 0.00 | epoch: 1 | total time: 77.53m
step 00251 (26.91%) | loss: 1.401304 | lrm: 1.00 | dt: 19692.11ms | tok/sec: 26,624 | mfu: 0.00 | epoch: 1 | total time: 77.86m
step 00252 (27.01%) | loss: 1.398047 | lrm: 1.00 | dt: 19182.86ms | tok/sec: 27,331 | mfu: 0.00 | epoch: 1 | total time: 78.18m
step 00253 (27.11%) | loss: 1.388766 | lrm: 1.00 | dt: 19695.80ms | tok/sec: 26,619 | mfu: 0.00 | epoch: 1 | total time: 78.51m
step 00254 (27.22%) | loss: 1.378034 | lrm: 1.00 | dt: 19183.46ms | tok/sec: 27,330 | mfu: 0.00 | epoch: 1 | total time: 78.83m
step 00255 (27.33%) | loss: 1.377581 | lrm: 1.00 | dt: 19196.39ms | tok/sec: 27,311 | mfu: 0.00 | epoch: 1 | total time: 79.15m
step 00256 (27.43%) | loss: 1.374741 | lrm: 1.00 | dt: 19707.78ms | tok/sec: 26,603 | mfu: 0.00 | epoch: 1 | total time: 79.47m
step 00257 (27.54%) | loss: 1.384803 | lrm: 1.00 | dt: 19154.57ms | tok/sec: 27,371 | mfu: 0.00 | epoch: 1 | total time: 79.79m
step 00258 (27.65%) | loss: 1.389567 | lrm: 1.00 | dt: 19734.53ms | tok/sec: 26,567 | mfu: 0.00 | epoch: 1 | total time: 80.12m
step 00259 (27.76%) | loss: 1.386699 | lrm: 1.00 | dt: 19164.29ms | tok/sec: 27,357 | mfu: 0.00 | epoch: 1 | total time: 80.44m
step 00260 (27.87%) | loss: 1.378267 | lrm: 1.00 | dt: 19202.22ms | tok/sec: 27,303 | mfu: 0.00 | epoch: 1 | total time: 80.76m
step 00261 (27.98%) | loss: 1.364262 | lrm: 1.00 | dt: 19696.88ms | tok/sec: 26,617 | mfu: 0.00 | epoch: 1 | total time: 81.09m
step 00262 (28.08%) | loss: 1.382878 | lrm: 1.00 | dt: 19186.02ms | tok/sec: 27,326 | mfu: 0.00 | epoch: 1 | total time: 81.41m
step 00263 (28.19%) | loss: 1.370154 | lrm: 1.00 | dt: 19694.41ms | tok/sec: 26,621 | mfu: 0.00 | epoch: 1 | total time: 81.74m
step 00264 (28.29%) | loss: 1.334242 | lrm: 1.00 | dt: 19185.82ms | tok/sec: 27,326 | mfu: 0.00 | epoch: 1 | total time: 82.06m
step 00265 (28.40%) | loss: 1.337252 | lrm: 1.00 | dt: 19184.13ms | tok/sec: 27,329 | mfu: 0.00 | epoch: 1 | total time: 82.38m
step 00266 (28.50%) | loss: 1.337331 | lrm: 1.00 | dt: 19694.77ms | tok/sec: 26,620 | mfu: 0.00 | epoch: 1 | total time: 82.71m
step 00267 (28.61%) | loss: 1.356567 | lrm: 1.00 | dt: 19191.26ms | tok/sec: 27,319 | mfu: 0.00 | epoch: 1 | total time: 83.03m
step 00268 (28.72%) | loss: 1.369299 | lrm: 1.00 | dt: 19695.55ms | tok/sec: 26,619 | mfu: 0.00 | epoch: 1 | total time: 83.35m
step 00269 (28.83%) | loss: 1.366598 | lrm: 1.00 | dt: 19190.97ms | tok/sec: 27,319 | mfu: 0.00 | epoch: 1 | total time: 83.67m
step 00270 (28.94%) | loss: 1.390208 | lrm: 1.00 | dt: 19190.62ms | tok/sec: 27,320 | mfu: 0.00 | epoch: 1 | total time: 83.99m
step 00271 (29.05%) | loss: 1.393950 | lrm: 1.00 | dt: 19698.28ms | tok/sec: 26,615 | mfu: 0.00 | epoch: 1 | total time: 84.32m
step 00272 (29.15%) | loss: 1.387389 | lrm: 1.00 | dt: 19191.91ms | tok/sec: 27,318 | mfu: 0.00 | epoch: 1 | total time: 84.64m
step 00273 (29.26%) | loss: 1.381044 | lrm: 1.00 | dt: 19188.19ms | tok/sec: 27,323 | mfu: 0.00 | epoch: 1 | total time: 84.96m
step 00274 (29.37%) | loss: 1.388042 | lrm: 1.00 | dt: 19697.50ms | tok/sec: 26,616 | mfu: 0.00 | epoch: 1 | total time: 85.29m
step 00275 (29.48%) | loss: 1.385632 | lrm: 1.00 | dt: 19189.14ms | tok/sec: 27,322 | mfu: 0.00 | epoch: 1 | total time: 85.61m
step 00276 (29.59%) | loss: 1.378891 | lrm: 1.00 | dt: 19708.62ms | tok/sec: 26,601 | mfu: 0.00 | epoch: 1 | total time: 85.94m
step 00277 (29.69%) | loss: 1.368027 | lrm: 1.00 | dt: 19183.80ms | tok/sec: 27,329 | mfu: 0.00 | epoch: 1 | total time: 86.26m
step 00278 (29.80%) | loss: 1.325025 | lrm: 1.00 | dt: 19168.12ms | tok/sec: 27,352 | mfu: 0.00 | epoch: 1 | total time: 86.58m
step 00279 (29.90%) | loss: 1.334299 | lrm: 1.00 | dt: 19719.55ms | tok/sec: 26,587 | mfu: 0.00 | epoch: 1 | total time: 86.91m
step 00280 (30.01%) | loss: 1.316394 | lrm: 1.00 | dt: 19133.15ms | tok/sec: 27,402 | mfu: 0.00 | epoch: 1 | total time: 87.23m
step 00281 (30.12%) | loss: 1.311641 | lrm: 1.00 | dt: 19760.28ms | tok/sec: 26,532 | mfu: 0.00 | epoch: 1 | total time: 87.55m
step 00282 (30.23%) | loss: 1.298083 | lrm: 1.00 | dt: 19159.38ms | tok/sec: 27,364 | mfu: 0.00 | epoch: 1 | total time: 87.87m
step 00283 (30.34%) | loss: 1.293049 | lrm: 1.00 | dt: 19188.94ms | tok/sec: 27,322 | mfu: 0.00 | epoch: 1 | total time: 88.19m
step 00284 (30.45%) | loss: 1.319226 | lrm: 1.00 | dt: 19696.67ms | tok/sec: 26,618 | mfu: 0.00 | epoch: 1 | total time: 88.52m
step 00285 (30.56%) | loss: 1.325332 | lrm: 1.00 | dt: 19191.89ms | tok/sec: 27,318 | mfu: 0.00 | epoch: 1 | total time: 88.84m
step 00286 (30.67%) | loss: 1.309335 | lrm: 1.00 | dt: 19703.38ms | tok/sec: 26,609 | mfu: 0.00 | epoch: 1 | total time: 89.17m
step 00287 (30.77%) | loss: 1.304508 | lrm: 1.00 | dt: 19176.08ms | tok/sec: 27,340 | mfu: 0.00 | epoch: 1 | total time: 89.49m
step 00288 (30.88%) | loss: 1.346731 | lrm: 1.00 | dt: 19185.19ms | tok/sec: 27,327 | mfu: 0.00 | epoch: 1 | total time: 89.81m
step 00289 (30.99%) | loss: 1.376830 | lrm: 1.00 | dt: 19708.27ms | tok/sec: 26,602 | mfu: 0.00 | epoch: 1 | total time: 90.14m
step 00290 (31.09%) | loss: 1.357231 | lrm: 1.00 | dt: 19178.09ms | tok/sec: 27,337 | mfu: 0.00 | epoch: 1 | total time: 90.46m
step 00291 (31.20%) | loss: 1.339008 | lrm: 1.00 | dt: 19186.26ms | tok/sec: 27,326 | mfu: 0.00 | epoch: 1 | total time: 90.78m
step 00292 (31.31%) | loss: 1.335288 | lrm: 1.00 | dt: 19702.22ms | tok/sec: 26,610 | mfu: 0.00 | epoch: 1 | total time: 91.11m
step 00293 (31.41%) | loss: 1.357102 | lrm: 1.00 | dt: 19182.88ms | tok/sec: 27,331 | mfu: 0.00 | epoch: 1 | total time: 91.43m
step 00294 (31.53%) | loss: 1.366854 | lrm: 1.00 | dt: 19704.03ms | tok/sec: 26,608 | mfu: 0.00 | epoch: 1 | total time: 91.75m
step 00295 (31.64%) | loss: 1.380021 | lrm: 1.00 | dt: 19181.49ms | tok/sec: 27,333 | mfu: 0.00 | epoch: 1 | total time: 92.07m
step 00296 (31.74%) | loss: 1.366203 | lrm: 1.00 | dt: 19184.62ms | tok/sec: 27,328 | mfu: 0.00 | epoch: 1 | total time: 92.39m
step 00297 (31.85%) | loss: 1.386246 | lrm: 1.00 | dt: 19728.20ms | tok/sec: 26,575 | mfu: 0.00 | epoch: 1 | total time: 92.72m
step 00298 (31.95%) | loss: 1.361067 | lrm: 1.00 | dt: 19155.19ms | tok/sec: 27,370 | mfu: 0.00 | epoch: 1 | total time: 93.04m
step 00299 (32.06%) | loss: 1.367221 | lrm: 1.00 | dt: 19742.82ms | tok/sec: 26,555 | mfu: 0.00 | epoch: 1 | total time: 93.37m
step 00300 (32.17%) | loss: 1.362351 | lrm: 1.00 | dt: 19157.04ms | tok/sec: 27,367 | mfu: 0.00 | epoch: 1 | total time: 93.69m
step 00301 (32.27%) | loss: 1.356186 | lrm: 1.00 | dt: 19133.65ms | tok/sec: 27,401 | mfu: 0.00 | epoch: 1 | total time: 94.01m
step 00302 (32.38%) | loss: 1.362138 | lrm: 1.00 | dt: 19747.13ms | tok/sec: 26,550 | mfu: 0.00 | epoch: 1 | total time: 94.34m
step 00303 (32.50%) | loss: 1.361351 | lrm: 1.00 | dt: 19090.62ms | tok/sec: 27,463 | mfu: 0.00 | epoch: 1 | total time: 94.66m
step 00304 (32.60%) | loss: 1.358780 | lrm: 1.00 | dt: 19767.74ms | tok/sec: 26,522 | mfu: 0.00 | epoch: 1 | total time: 94.99m
step 00305 (32.71%) | loss: 1.351485 | lrm: 1.00 | dt: 19144.34ms | tok/sec: 27,386 | mfu: 0.00 | epoch: 1 | total time: 95.30m
step 00306 (32.82%) | loss: 1.361001 | lrm: 1.00 | dt: 19202.30ms | tok/sec: 27,303 | mfu: 0.00 | epoch: 1 | total time: 95.62m
step 00307 (32.92%) | loss: 1.359581 | lrm: 1.00 | dt: 19732.15ms | tok/sec: 26,570 | mfu: 0.00 | epoch: 1 | total time: 95.95m
step 00308 (33.03%) | loss: 1.336917 | lrm: 1.00 | dt: 19156.35ms | tok/sec: 27,368 | mfu: 0.00 | epoch: 1 | total time: 96.27m
step 00309 (33.14%) | loss: 1.328865 | lrm: 1.00 | dt: 19723.46ms | tok/sec: 26,581 | mfu: 0.00 | epoch: 1 | total time: 96.60m
step 00310 (33.25%) | loss: 1.344094 | lrm: 1.00 | dt: 19137.21ms | tok/sec: 27,396 | mfu: 0.00 | epoch: 1 | total time: 96.92m
step 00311 (33.36%) | loss: 1.345693 | lrm: 1.00 | dt: 19191.32ms | tok/sec: 27,319 | mfu: 0.00 | epoch: 1 | total time: 97.24m
step 00312 (33.46%) | loss: 1.318730 | lrm: 1.00 | dt: 19719.13ms | tok/sec: 26,587 | mfu: 0.00 | epoch: 1 | total time: 97.57m
step 00313 (33.57%) | loss: 1.325833 | lrm: 1.00 | dt: 19163.51ms | tok/sec: 27,358 | mfu: 0.00 | epoch: 1 | total time: 97.89m
step 00314 (33.68%) | loss: 1.343354 | lrm: 1.00 | dt: 19721.36ms | tok/sec: 26,584 | mfu: 0.00 | epoch: 1 | total time: 98.22m
step 00315 (33.79%) | loss: 1.332935 | lrm: 1.00 | dt: 19162.87ms | tok/sec: 27,359 | mfu: 0.00 | epoch: 1 | total time: 98.54m
step 00316 (33.90%) | loss: 1.327018 | lrm: 1.00 | dt: 19157.97ms | tok/sec: 27,366 | mfu: 0.00 | epoch: 1 | total time: 98.86m
step 00317 (34.01%) | loss: 1.339744 | lrm: 1.00 | dt: 19718.63ms | tok/sec: 26,588 | mfu: 0.00 | epoch: 1 | total time: 99.18m
step 00318 (34.11%) | loss: 1.315094 | lrm: 1.00 | dt: 19170.58ms | tok/sec: 27,348 | mfu: 0.00 | epoch: 1 | total time: 99.50m
step 00319 (34.22%) | loss: 1.334827 | lrm: 1.00 | dt: 19171.39ms | tok/sec: 27,347 | mfu: 0.00 | epoch: 1 | total time: 99.82m
step 00320 (34.33%) | loss: 1.319097 | lrm: 1.00 | dt: 19722.48ms | tok/sec: 26,583 | mfu: 0.00 | epoch: 1 | total time: 100.15m
step 00321 (34.44%) | loss: 1.328904 | lrm: 1.00 | dt: 19168.78ms | tok/sec: 27,351 | mfu: 0.00 | epoch: 1 | total time: 100.47m
step 00322 (34.54%) | loss: 1.325211 | lrm: 1.00 | dt: 19728.75ms | tok/sec: 26,574 | mfu: 0.00 | epoch: 1 | total time: 100.80m
step 00323 (34.65%) | loss: 1.357520 | lrm: 1.00 | dt: 19165.43ms | tok/sec: 27,355 | mfu: 0.00 | epoch: 1 | total time: 101.12m
step 00324 (34.75%) | loss: 1.347118 | lrm: 1.00 | dt: 19164.48ms | tok/sec: 27,357 | mfu: 0.00 | epoch: 1 | total time: 101.44m
step 00325 (34.86%) | loss: 1.359973 | lrm: 1.00 | dt: 19734.78ms | tok/sec: 26,566 | mfu: 0.00 | epoch: 1 | total time: 101.77m
step 00326 (34.97%) | loss: 1.361003 | lrm: 1.00 | dt: 19157.93ms | tok/sec: 27,366 | mfu: 0.00 | epoch: 1 | total time: 102.09m
step 00327 (35.07%) | loss: 1.358764 | lrm: 1.00 | dt: 19757.79ms | tok/sec: 26,535 | mfu: 0.00 | epoch: 1 | total time: 102.42m
step 00328 (35.18%) | loss: 1.392343 | lrm: 1.00 | dt: 19143.93ms | tok/sec: 27,386 | mfu: 0.00 | epoch: 1 | total time: 102.74m
step 00329 (35.29%) | loss: 1.389206 | lrm: 1.00 | dt: 19166.54ms | tok/sec: 27,354 | mfu: 0.00 | epoch: 1 | total time: 103.06m
step 00330 (35.40%) | loss: 1.394043 | lrm: 1.00 | dt: 19724.29ms | tok/sec: 26,580 | mfu: 0.00 | epoch: 1 | total time: 103.38m
step 00331 (35.51%) | loss: 1.412628 | lrm: 1.00 | dt: 19186.80ms | tok/sec: 27,325 | mfu: 0.00 | epoch: 1 | total time: 103.70m
step 00332 (35.61%) | loss: 1.420294 | lrm: 1.00 | dt: 19676.07ms | tok/sec: 26,645 | mfu: 0.00 | epoch: 1 | total time: 104.03m
step 00333 (35.72%) | loss: 1.410666 | lrm: 1.00 | dt: 19207.42ms | tok/sec: 27,296 | mfu: 0.00 | epoch: 1 | total time: 104.35m
step 00334 (35.82%) | loss: 1.396800 | lrm: 1.00 | dt: 19152.88ms | tok/sec: 27,373 | mfu: 0.00 | epoch: 1 | total time: 104.67m
step 00335 (35.93%) | loss: 1.407816 | lrm: 1.00 | dt: 19729.57ms | tok/sec: 26,573 | mfu: 0.00 | epoch: 1 | total time: 105.00m
step 00336 (36.04%) | loss: 1.401899 | lrm: 1.00 | dt: 19167.99ms | tok/sec: 27,352 | mfu: 0.00 | epoch: 1 | total time: 105.32m
step 00337 (36.15%) | loss: 1.399669 | lrm: 1.00 | dt: 19168.93ms | tok/sec: 27,350 | mfu: 0.00 | epoch: 1 | total time: 105.64m
step 00338 (36.26%) | loss: 1.377914 | lrm: 1.00 | dt: 19722.70ms | tok/sec: 26,582 | mfu: 0.00 | epoch: 1 | total time: 105.97m
step 00339 (36.37%) | loss: 1.375459 | lrm: 1.00 | dt: 19168.72ms | tok/sec: 27,351 | mfu: 0.00 | epoch: 1 | total time: 106.29m
step 00340 (36.48%) | loss: 1.371954 | lrm: 1.00 | dt: 19734.15ms | tok/sec: 26,567 | mfu: 0.00 | epoch: 1 | total time: 106.62m
step 00341 (36.58%) | loss: 1.363801 | lrm: 1.00 | dt: 19169.56ms | tok/sec: 27,350 | mfu: 0.00 | epoch: 1 | total time: 106.94m
step 00342 (36.69%) | loss: 1.367202 | lrm: 1.00 | dt: 19733.06ms | tok/sec: 26,569 | mfu: 0.00 | epoch: 1 | total time: 107.26m
step 00343 (36.80%) | loss: 1.353997 | lrm: 1.00 | dt: 19588.34ms | tok/sec: 26,765 | mfu: 0.00 | epoch: 1 | total time: 107.59m
step 00344 (36.91%) | loss: 1.341333 | lrm: 1.00 | dt: 18698.46ms | tok/sec: 28,039 | mfu: 0.00 | epoch: 1 | total time: 107.90m
step 00345 (37.01%) | loss: 1.351633 | lrm: 1.00 | dt: 19543.80ms | tok/sec: 26,826 | mfu: 0.00 | epoch: 1 | total time: 108.23m
step 00346 (37.12%) | loss: 1.346756 | lrm: 1.00 | dt: 19230.13ms | tok/sec: 27,263 | mfu: 0.00 | epoch: 1 | total time: 108.55m
step 00347 (37.22%) | loss: 1.383193 | lrm: 1.00 | dt: 19577.68ms | tok/sec: 26,779 | mfu: 0.00 | epoch: 1 | total time: 108.88m
step 00348 (37.33%) | loss: 1.415306 | lrm: 1.00 | dt: 19278.54ms | tok/sec: 27,195 | mfu: 0.00 | epoch: 1 | total time: 109.20m
step 00349 (37.44%) | loss: 1.424923 | lrm: 1.00 | dt: 19360.43ms | tok/sec: 27,080 | mfu: 0.00 | epoch: 1 | total time: 109.52m
step 00350 (37.55%) | loss: 1.411947 | lrm: 1.00 | dt: 19479.41ms | tok/sec: 26,914 | mfu: 0.00 | epoch: 1 | total time: 109.84m
step 00351 (37.65%) | loss: 1.395739 | lrm: 1.00 | dt: 19250.63ms | tok/sec: 27,234 | mfu: 0.00 | epoch: 1 | total time: 110.16m
step 00352 (37.76%) | loss: 1.379259 | lrm: 1.00 | dt: 19580.76ms | tok/sec: 26,775 | mfu: 0.00 | epoch: 1 | total time: 110.49m
step 00353 (37.87%) | loss: 1.352502 | lrm: 1.00 | dt: 19227.44ms | tok/sec: 27,267 | mfu: 0.00 | epoch: 1 | total time: 110.81m
step 00354 (37.97%) | loss: 1.339816 | lrm: 1.00 | dt: 19418.29ms | tok/sec: 26,999 | mfu: 0.00 | epoch: 1 | total time: 111.14m
step 00355 (38.08%) | loss: 1.319956 | lrm: 1.00 | dt: 19455.45ms | tok/sec: 26,948 | mfu: 0.00 | epoch: 1 | total time: 111.46m
step 00356 (38.19%) | loss: 1.336442 | lrm: 1.00 | dt: 19281.16ms | tok/sec: 27,191 | mfu: 0.00 | epoch: 1 | total time: 111.78m
step 00357 (38.29%) | loss: 1.333160 | lrm: 1.00 | dt: 19571.84ms | tok/sec: 26,787 | mfu: 0.00 | epoch: 1 | total time: 112.11m
step 00358 (38.40%) | loss: 1.313701 | lrm: 1.00 | dt: 19221.14ms | tok/sec: 27,276 | mfu: 0.00 | epoch: 1 | total time: 112.43m
step 00359 (38.51%) | loss: 1.300487 | lrm: 1.00 | dt: 19327.16ms | tok/sec: 27,127 | mfu: 0.00 | epoch: 1 | total time: 112.75m
step 00360 (38.62%) | loss: 1.329857 | lrm: 1.00 | dt: 19730.59ms | tok/sec: 26,572 | mfu: 0.00 | epoch: 1 | total time: 113.08m
step 00361 (38.72%) | loss: 1.342085 | lrm: 1.00 | dt: 19075.91ms | tok/sec: 27,484 | mfu: 0.00 | epoch: 1 | total time: 113.40m
step 00362 (38.83%) | loss: 1.354385 | lrm: 1.00 | dt: 19175.72ms | tok/sec: 27,341 | mfu: 0.00 | epoch: 1 | total time: 113.72m
step 00363 (38.93%) | loss: 1.354475 | lrm: 1.00 | dt: 19567.96ms | tok/sec: 26,793 | mfu: 0.00 | epoch: 1 | total time: 114.04m
step 00364 (39.05%) | loss: 1.341575 | lrm: 1.00 | dt: 19405.92ms | tok/sec: 27,016 | mfu: 0.00 | epoch: 1 | total time: 114.37m
step 00365 (39.15%) | loss: 1.328814 | lrm: 1.00 | dt: 19544.70ms | tok/sec: 26,825 | mfu: 0.00 | epoch: 1 | total time: 114.69m
step 00366 (39.26%) | loss: 1.343014 | lrm: 1.00 | dt: 19204.59ms | tok/sec: 27,300 | mfu: 0.00 | epoch: 1 | total time: 115.01m
step 00367 (39.36%) | loss: 1.335452 | lrm: 1.00 | dt: 19214.92ms | tok/sec: 27,285 | mfu: 0.00 | epoch: 1 | total time: 115.33m
step 00368 (39.47%) | loss: 1.350783 | lrm: 1.00 | dt: 19656.15ms | tok/sec: 26,672 | mfu: 0.00 | epoch: 1 | total time: 115.66m
step 00369 (39.58%) | loss: 1.355393 | lrm: 1.00 | dt: 19205.55ms | tok/sec: 27,298 | mfu: 0.00 | epoch: 1 | total time: 115.98m
step 00370 (39.69%) | loss: 1.348827 | lrm: 1.00 | dt: 19670.99ms | tok/sec: 26,652 | mfu: 0.00 | epoch: 1 | total time: 116.31m
step 00371 (39.80%) | loss: 1.334819 | lrm: 1.00 | dt: 19207.72ms | tok/sec: 27,295 | mfu: 0.00 | epoch: 1 | total time: 116.63m
step 00372 (39.90%) | loss: 1.349209 | lrm: 1.00 | dt: 19194.77ms | tok/sec: 27,314 | mfu: 0.00 | epoch: 1 | total time: 116.95m
step 00373 (40.01%) | loss: 1.344133 | lrm: 1.00 | dt: 19722.52ms | tok/sec: 26,583 | mfu: 0.00 | epoch: 1 | total time: 117.28m
step 00374 (40.12%) | loss: 1.331827 | lrm: 1.00 | dt: 19165.45ms | tok/sec: 27,355 | mfu: 0.00 | epoch: 1 | total time: 117.60m
step 00375 (40.22%) | loss: 1.318543 | lrm: 1.00 | dt: 19744.95ms | tok/sec: 26,553 | mfu: 0.00 | epoch: 1 | total time: 117.92m
step 00376 (40.33%) | loss: 1.326704 | lrm: 1.00 | dt: 19180.95ms | tok/sec: 27,333 | mfu: 0.00 | epoch: 1 | total time: 118.24m
step 00377 (40.44%) | loss: 1.328311 | lrm: 1.00 | dt: 19154.58ms | tok/sec: 27,371 | mfu: 0.00 | epoch: 1 | total time: 118.56m
step 00378 (40.55%) | loss: 1.322246 | lrm: 1.00 | dt: 19676.10ms | tok/sec: 26,645 | mfu: 0.00 | epoch: 1 | total time: 118.89m
step 00379 (40.65%) | loss: 1.306882 | lrm: 1.00 | dt: 19200.83ms | tok/sec: 27,305 | mfu: 0.00 | epoch: 1 | total time: 119.21m
step 00380 (40.76%) | loss: 1.306727 | lrm: 1.00 | dt: 19206.14ms | tok/sec: 27,297 | mfu: 0.00 | epoch: 1 | total time: 119.53m
step 00381 (40.87%) | loss: 1.287100 | lrm: 1.00 | dt: 19672.90ms | tok/sec: 26,650 | mfu: 0.00 | epoch: 1 | total time: 119.86m
step 00382 (40.98%) | loss: 1.298812 | lrm: 1.00 | dt: 19194.40ms | tok/sec: 27,314 | mfu: 0.00 | epoch: 1 | total time: 120.18m
step 00383 (41.08%) | loss: 1.323971 | lrm: 1.00 | dt: 19675.95ms | tok/sec: 26,646 | mfu: 0.00 | epoch: 1 | total time: 120.51m
step 00384 (41.19%) | loss: 1.343423 | lrm: 1.00 | dt: 19203.13ms | tok/sec: 27,302 | mfu: 0.00 | epoch: 1 | total time: 120.83m
step 00385 (41.30%) | loss: 1.349879 | lrm: 1.00 | dt: 19195.27ms | tok/sec: 27,313 | mfu: 0.00 | epoch: 1 | total time: 121.15m
step 00386 (41.41%) | loss: 1.339933 | lrm: 1.00 | dt: 19670.89ms | tok/sec: 26,652 | mfu: 0.00 | epoch: 1 | total time: 121.47m
step 00387 (41.51%) | loss: 1.360583 | lrm: 1.00 | dt: 19230.22ms | tok/sec: 27,263 | mfu: 0.00 | epoch: 1 | total time: 121.80m
step 00388 (41.62%) | loss: 1.347213 | lrm: 1.00 | dt: 19707.02ms | tok/sec: 26,604 | mfu: 0.00 | epoch: 1 | total time: 122.12m
step 00389 (41.73%) | loss: 1.387956 | lrm: 1.00 | dt: 19141.11ms | tok/sec: 27,390 | mfu: 0.00 | epoch: 1 | total time: 122.44m
step 00390 (41.84%) | loss: 1.382788 | lrm: 1.00 | dt: 19188.13ms | tok/sec: 27,323 | mfu: 0.00 | epoch: 1 | total time: 122.76m
step 00391 (41.95%) | loss: 1.371908 | lrm: 1.00 | dt: 19680.21ms | tok/sec: 26,640 | mfu: 0.00 | epoch: 1 | total time: 123.09m
step 00392 (42.05%) | loss: 1.364148 | lrm: 1.00 | dt: 19194.72ms | tok/sec: 27,314 | mfu: 0.00 | epoch: 1 | total time: 123.41m
step 00393 (42.16%) | loss: 1.337509 | lrm: 1.00 | dt: 19681.52ms | tok/sec: 26,638 | mfu: 0.00 | epoch: 1 | total time: 123.74m
step 00394 (42.27%) | loss: 1.351821 | lrm: 1.00 | dt: 19192.47ms | tok/sec: 27,317 | mfu: 0.00 | epoch: 1 | total time: 124.06m
step 00395 (42.37%) | loss: 1.382618 | lrm: 1.00 | dt: 19188.16ms | tok/sec: 27,323 | mfu: 0.00 | epoch: 1 | total time: 124.38m
step 00396 (42.48%) | loss: 1.367922 | lrm: 1.00 | dt: 19724.06ms | tok/sec: 26,581 | mfu: 0.00 | epoch: 1 | total time: 124.71m
step 00397 (42.59%) | loss: 1.382846 | lrm: 1.00 | dt: 19162.14ms | tok/sec: 27,360 | mfu: 0.00 | epoch: 1 | total time: 125.03m
step 00398 (42.69%) | loss: 1.400000 | lrm: 1.00 | dt: 19732.94ms | tok/sec: 26,569 | mfu: 0.00 | epoch: 1 | total time: 125.36m
step 00399 (42.80%) | loss: 1.399065 | lrm: 1.00 | dt: 19182.79ms | tok/sec: 27,331 | mfu: 0.00 | epoch: 1 | total time: 125.67m
step 00400 (42.91%) | loss: 1.401209 | lrm: 1.00 | dt: 19121.27ms | tok/sec: 27,419 | mfu: 0.00 | epoch: 1 | total time: 125.99m
Step 00400 | Validation bpb: 0.4164
Final: 785/2376 (33.04%)
  ARC-Easy: 33.04%
Final: 339/1172 (28.92%)
  ARC-Challenge: 28.92%
Final: 4245/14042 (30.23%)
  MMLU: 30.23%
[KRank 0 | 0/1 (0.00%)[KRank 0 | 0/2 (0.00%)[KRank 0 | 0/3 (0.00%)[KRank 0 | 0/4 (0.00%)[KRank 0 | 0/5 (0.00%)[KRank 0 | 0/6 (0.00%)[KRank 0 | 0/7 (0.00%)[KRank 0 | 0/8 (0.00%)[KRank 0 | 0/9 (0.00%)[KRank 0 | 0/10 (0.00%)[KRank 0 | 0/11 (0.00%)[KRank 0 | 0/12 (0.00%)[KRank 0 | 0/13 (0.00%)[KRank 0 | 0/14 (0.00%)[KRank 0 | 0/15 (0.00%)[KRank 0 | 0/16 (0.00%)[KRank 0 | 0/17 (0.00%)[KRank 0 | 0/18 (0.00%)[KRank 0 | 0/19 (0.00%)[KRank 0 | 0/20 (0.00%)[KRank 0 | 0/21 (0.00%)[KRank 0 | 0/22 (0.00%)[KRank 0 | 0/23 (0.00%)[KRank 0 | 0/24 (0.00%)
==================================================
Final: 0/24 (0.00%)
  GSM8K: 0.00%
[KRank 0 | 0/1 (0.00%)[KRank 0 | 0/2 (0.00%)[KRank 0 | 0/3 (0.00%)[KRank 0 | 0/4 (0.00%)[KRank 0 | 0/5 (0.00%)[KRank 0 | 0/6 (0.00%)[KRank 0 | 0/7 (0.00%)[KRank 0 | 0/8 (0.00%)[KRank 0 | 0/9 (0.00%)[KRank 0 | 0/10 (0.00%)[KRank 0 | 0/11 (0.00%)[KRank 0 | 0/12 (0.00%)[KRank 0 | 0/13 (0.00%)[KRank 0 | 0/14 (0.00%)[KRank 0 | 0/15 (0.00%)[KRank 0 | 0/16 (0.00%)[KRank 0 | 0/17 (0.00%)[KRank 0 | 0/18 (0.00%)[KRank 0 | 0/19 (0.00%)[KRank 0 | 0/20 (0.00%)[KRank 0 | 0/21 (0.00%)[KRank 0 | 0/22 (0.00%)[KRank 0 | 0/23 (0.00%)[KRank 0 | 0/24 (0.00%)
==================================================
Final: 0/24 (0.00%)
  HumanEval: 0.00%
Step 00400 | ChatCORE: 0.0459 | ChatCORE_cat: 0.0764
step 00401 (43.01%) | loss: 1.412666 | lrm: 1.00 | dt: 18986.40ms | tok/sec: 27,613 | mfu: 0.00 | epoch: 1 | total time: 126.31m
step 00402 (43.12%) | loss: 1.400047 | lrm: 1.00 | dt: 19574.26ms | tok/sec: 26,784 | mfu: 0.00 | epoch: 1 | total time: 126.64m
step 00403 (43.23%) | loss: 1.427508 | lrm: 1.00 | dt: 19070.60ms | tok/sec: 27,491 | mfu: 0.00 | epoch: 1 | total time: 126.95m
step 00404 (43.33%) | loss: 1.429943 | lrm: 1.00 | dt: 19621.75ms | tok/sec: 26,719 | mfu: 0.00 | epoch: 1 | total time: 127.28m
step 00405 (43.44%) | loss: 1.403303 | lrm: 1.00 | dt: 19145.75ms | tok/sec: 27,384 | mfu: 0.00 | epoch: 1 | total time: 127.60m
step 00406 (43.55%) | loss: 1.383839 | lrm: 1.00 | dt: 19170.78ms | tok/sec: 27,348 | mfu: 0.00 | epoch: 1 | total time: 127.92m
step 00407 (43.66%) | loss: 1.387527 | lrm: 1.00 | dt: 19723.31ms | tok/sec: 26,582 | mfu: 0.00 | epoch: 1 | total time: 128.25m
step 00408 (43.77%) | loss: 1.377072 | lrm: 1.00 | dt: 19171.83ms | tok/sec: 27,346 | mfu: 0.00 | epoch: 1 | total time: 128.57m
step 00409 (43.88%) | loss: 1.378939 | lrm: 1.00 | dt: 19727.07ms | tok/sec: 26,577 | mfu: 0.00 | epoch: 1 | total time: 128.90m
step 00410 (43.99%) | loss: 1.376408 | lrm: 1.00 | dt: 19170.15ms | tok/sec: 27,349 | mfu: 0.00 | epoch: 1 | total time: 129.22m
step 00411 (44.10%) | loss: 1.359962 | lrm: 1.00 | dt: 19131.75ms | tok/sec: 27,404 | mfu: 0.00 | epoch: 1 | total time: 129.53m
step 00412 (44.20%) | loss: 1.369138 | lrm: 1.00 | dt: 19788.57ms | tok/sec: 26,494 | mfu: 0.00 | epoch: 1 | total time: 129.86m
step 00413 (44.31%) | loss: 1.359568 | lrm: 1.00 | dt: 19071.97ms | tok/sec: 27,489 | mfu: 0.00 | epoch: 1 | total time: 130.18m
step 00414 (44.41%) | loss: 1.356384 | lrm: 1.00 | dt: 19794.15ms | tok/sec: 26,487 | mfu: 0.00 | epoch: 1 | total time: 130.51m
step 00415 (44.52%) | loss: 1.355174 | lrm: 1.00 | dt: 19069.33ms | tok/sec: 27,493 | mfu: 0.00 | epoch: 1 | total time: 130.83m
step 00416 (44.63%) | loss: 1.367083 | lrm: 1.00 | dt: 19188.73ms | tok/sec: 27,322 | mfu: 0.00 | epoch: 1 | total time: 131.15m
step 00417 (44.74%) | loss: 1.368223 | lrm: 1.00 | dt: 19771.52ms | tok/sec: 26,517 | mfu: 0.00 | epoch: 1 | total time: 131.48m
step 00418 (44.85%) | loss: 1.366789 | lrm: 1.00 | dt: 19089.60ms | tok/sec: 27,464 | mfu: 0.00 | epoch: 1 | total time: 131.80m
step 00419 (44.95%) | loss: 1.355124 | lrm: 1.00 | dt: 19844.13ms | tok/sec: 26,420 | mfu: 0.00 | epoch: 1 | total time: 132.13m
step 00420 (45.06%) | loss: 1.332567 | lrm: 1.00 | dt: 19031.51ms | tok/sec: 27,548 | mfu: 0.00 | epoch: 1 | total time: 132.45m
step 00421 (45.17%) | loss: 1.329721 | lrm: 1.00 | dt: 19216.58ms | tok/sec: 27,283 | mfu: 0.00 | epoch: 1 | total time: 132.77m
step 00422 (45.28%) | loss: 1.312676 | lrm: 1.00 | dt: 19733.35ms | tok/sec: 26,568 | mfu: 0.00 | epoch: 1 | total time: 133.09m
step 00423 (45.38%) | loss: 1.307724 | lrm: 1.00 | dt: 19182.66ms | tok/sec: 27,331 | mfu: 0.00 | epoch: 1 | total time: 133.41m
step 00424 (45.49%) | loss: 1.301743 | lrm: 1.00 | dt: 19750.21ms | tok/sec: 26,545 | mfu: 0.00 | epoch: 1 | total time: 133.74m
step 00425 (45.60%) | loss: 1.322412 | lrm: 1.00 | dt: 19156.89ms | tok/sec: 27,368 | mfu: 0.00 | epoch: 1 | total time: 134.06m
step 00426 (45.71%) | loss: 1.321706 | lrm: 1.00 | dt: 19151.08ms | tok/sec: 27,376 | mfu: 0.00 | epoch: 1 | total time: 134.38m
step 00427 (45.82%) | loss: 1.287247 | lrm: 1.00 | dt: 19752.20ms | tok/sec: 26,543 | mfu: 0.00 | epoch: 1 | total time: 134.71m
step 00428 (45.92%) | loss: 1.290495 | lrm: 1.00 | dt: 19753.16ms | tok/sec: 26,541 | mfu: 0.00 | epoch: 1 | total time: 135.04m
step 00429 (46.03%) | loss: 1.300742 | lrm: 1.00 | dt: 18862.75ms | tok/sec: 27,794 | mfu: 0.00 | epoch: 1 | total time: 135.36m
step 00430 (46.13%) | loss: 1.318449 | lrm: 1.00 | dt: 19191.08ms | tok/sec: 27,319 | mfu: 0.00 | epoch: 1 | total time: 135.67m
step 00431 (46.24%) | loss: 1.304146 | lrm: 1.00 | dt: 19751.91ms | tok/sec: 26,543 | mfu: 0.00 | epoch: 1 | total time: 136.00m
step 00432 (46.35%) | loss: 1.288308 | lrm: 1.00 | dt: 19119.20ms | tok/sec: 27,422 | mfu: 0.00 | epoch: 1 | total time: 136.32m
step 00433 (46.46%) | loss: 1.281644 | lrm: 1.00 | dt: 19156.83ms | tok/sec: 27,368 | mfu: 0.00 | epoch: 1 | total time: 136.64m
step 00434 (46.56%) | loss: 1.269614 | lrm: 1.00 | dt: 19758.26ms | tok/sec: 26,535 | mfu: 0.00 | epoch: 1 | total time: 136.97m
step 00435 (46.67%) | loss: 1.285401 | lrm: 1.00 | dt: 19145.60ms | tok/sec: 27,384 | mfu: 0.00 | epoch: 1 | total time: 137.29m
step 00436 (46.77%) | loss: 1.295819 | lrm: 1.00 | dt: 19771.61ms | tok/sec: 26,517 | mfu: 0.00 | epoch: 1 | total time: 137.62m
step 00437 (46.88%) | loss: 1.311964 | lrm: 1.00 | dt: 19132.51ms | tok/sec: 27,402 | mfu: 0.00 | epoch: 1 | total time: 137.94m
step 00438 (46.99%) | loss: 1.315133 | lrm: 1.00 | dt: 19163.27ms | tok/sec: 27,359 | mfu: 0.00 | epoch: 1 | total time: 138.26m
step 00439 (47.10%) | loss: 1.334999 | lrm: 1.00 | dt: 19751.90ms | tok/sec: 26,543 | mfu: 0.00 | epoch: 1 | total time: 138.59m
step 00440 (47.21%) | loss: 1.323043 | lrm: 1.00 | dt: 19135.29ms | tok/sec: 27,399 | mfu: 0.00 | epoch: 1 | total time: 138.91m
step 00441 (47.31%) | loss: 1.312347 | lrm: 1.00 | dt: 19770.88ms | tok/sec: 26,518 | mfu: 0.00 | epoch: 1 | total time: 139.24m
step 00442 (47.42%) | loss: 1.340993 | lrm: 1.00 | dt: 19150.85ms | tok/sec: 27,376 | mfu: 0.00 | epoch: 1 | total time: 139.56m
step 00443 (47.52%) | loss: 1.300387 | lrm: 1.00 | dt: 19143.11ms | tok/sec: 27,387 | mfu: 0.00 | epoch: 1 | total time: 139.87m
step 00444 (47.63%) | loss: 1.298537 | lrm: 1.00 | dt: 19780.46ms | tok/sec: 26,505 | mfu: 0.00 | epoch: 1 | total time: 140.20m
step 00445 (47.73%) | loss: 1.303080 | lrm: 1.00 | dt: 19120.24ms | tok/sec: 27,420 | mfu: 0.00 | epoch: 1 | total time: 140.52m
step 00446 (47.84%) | loss: 1.300468 | lrm: 1.00 | dt: 19792.53ms | tok/sec: 26,489 | mfu: 0.00 | epoch: 1 | total time: 140.85m
step 00447 (47.94%) | loss: 1.298784 | lrm: 1.00 | dt: 19040.33ms | tok/sec: 27,535 | mfu: 0.00 | epoch: 1 | total time: 141.17m
step 00448 (48.05%) | loss: 1.311897 | lrm: 1.00 | dt: 19236.63ms | tok/sec: 27,254 | mfu: 0.00 | epoch: 1 | total time: 141.49m
step 00449 (48.16%) | loss: 1.335830 | lrm: 1.00 | dt: 19809.20ms | tok/sec: 26,466 | mfu: 0.00 | epoch: 1 | total time: 141.82m
step 00450 (48.27%) | loss: 1.327577 | lrm: 1.00 | dt: 19104.96ms | tok/sec: 27,442 | mfu: 0.00 | epoch: 1 | total time: 142.14m
step 00451 (48.37%) | loss: 1.353743 | lrm: 1.00 | dt: 19150.47ms | tok/sec: 27,377 | mfu: 0.00 | epoch: 1 | total time: 142.46m
step 00452 (48.48%) | loss: 1.323248 | lrm: 1.00 | dt: 19755.74ms | tok/sec: 26,538 | mfu: 0.00 | epoch: 1 | total time: 142.79m
step 00453 (48.58%) | loss: 1.328439 | lrm: 1.00 | dt: 19143.65ms | tok/sec: 27,387 | mfu: 0.00 | epoch: 1 | total time: 143.11m
step 00454 (48.69%) | loss: 1.326239 | lrm: 1.00 | dt: 19763.08ms | tok/sec: 26,528 | mfu: 0.00 | epoch: 1 | total time: 143.44m
step 00455 (48.79%) | loss: 1.333918 | lrm: 1.00 | dt: 19147.15ms | tok/sec: 27,382 | mfu: 0.00 | epoch: 1 | total time: 143.75m
step 00456 (48.90%) | loss: 1.362760 | lrm: 1.00 | dt: 19140.42ms | tok/sec: 27,391 | mfu: 0.00 | epoch: 1 | total time: 144.07m
step 00457 (49.01%) | loss: 1.365273 | lrm: 1.00 | dt: 19755.83ms | tok/sec: 26,538 | mfu: 0.00 | epoch: 1 | total time: 144.40m
step 00458 (49.12%) | loss: 1.350601 | lrm: 1.00 | dt: 19145.74ms | tok/sec: 27,384 | mfu: 0.00 | epoch: 1 | total time: 144.72m
step 00459 (49.22%) | loss: 1.339250 | lrm: 1.00 | dt: 19765.58ms | tok/sec: 26,525 | mfu: 0.00 | epoch: 1 | total time: 145.05m
step 00460 (49.33%) | loss: 1.303786 | lrm: 1.00 | dt: 19155.98ms | tok/sec: 27,369 | mfu: 0.00 | epoch: 1 | total time: 145.37m
step 00461 (49.44%) | loss: 1.317797 | lrm: 1.00 | dt: 19125.38ms | tok/sec: 27,413 | mfu: 0.00 | epoch: 1 | total time: 145.69m
step 00462 (49.55%) | loss: 1.322883 | lrm: 1.00 | dt: 19797.13ms | tok/sec: 26,483 | mfu: 0.00 | epoch: 1 | total time: 146.02m
step 00463 (49.65%) | loss: 1.294492 | lrm: 1.00 | dt: 19119.70ms | tok/sec: 27,421 | mfu: 0.00 | epoch: 1 | total time: 146.34m
step 00464 (49.76%) | loss: 1.284763 | lrm: 1.00 | dt: 19137.47ms | tok/sec: 27,395 | mfu: 0.00 | epoch: 1 | total time: 146.66m
step 00465 (49.87%) | loss: 1.295785 | lrm: 1.00 | dt: 19763.87ms | tok/sec: 26,527 | mfu: 0.00 | epoch: 1 | total time: 146.99m
step 00466 (49.98%) | loss: 1.330562 | lrm: 1.00 | dt: 19139.21ms | tok/sec: 27,393 | mfu: 0.00 | epoch: 1 | total time: 147.31m
step 00467 (50.09%) | loss: 1.354339 | lrm: 1.00 | dt: 19766.72ms | tok/sec: 26,523 | mfu: 0.00 | epoch: 1 | total time: 147.64m
step 00468 (50.20%) | loss: 1.324727 | lrm: 1.00 | dt: 19141.24ms | tok/sec: 27,390 | mfu: 0.00 | epoch: 1 | total time: 147.95m
step 00469 (50.31%) | loss: 1.290348 | lrm: 0.99 | dt: 19138.37ms | tok/sec: 27,394 | mfu: 0.00 | epoch: 1 | total time: 148.27m
step 00470 (50.42%) | loss: 1.300941 | lrm: 0.99 | dt: 19763.93ms | tok/sec: 26,527 | mfu: 0.00 | epoch: 1 | total time: 148.60m
step 00471 (50.53%) | loss: 1.312811 | lrm: 0.99 | dt: 19147.12ms | tok/sec: 27,382 | mfu: 0.00 | epoch: 1 | total time: 148.92m
step 00472 (50.63%) | loss: 1.327112 | lrm: 0.99 | dt: 19768.99ms | tok/sec: 26,520 | mfu: 0.00 | epoch: 1 | total time: 149.25m
step 00473 (50.74%) | loss: 1.317559 | lrm: 0.99 | dt: 19149.50ms | tok/sec: 27,378 | mfu: 0.00 | epoch: 1 | total time: 149.57m
step 00474 (50.85%) | loss: 1.321563 | lrm: 0.98 | dt: 19122.29ms | tok/sec: 27,417 | mfu: 0.00 | epoch: 1 | total time: 149.89m
step 00475 (50.95%) | loss: 1.325368 | lrm: 0.98 | dt: 19832.16ms | tok/sec: 26,436 | mfu: 0.00 | epoch: 1 | total time: 150.22m
step 00476 (51.06%) | loss: 1.356347 | lrm: 0.98 | dt: 19074.18ms | tok/sec: 27,486 | mfu: 0.00 | epoch: 1 | total time: 150.54m
step 00477 (51.17%) | loss: 1.380212 | lrm: 0.98 | dt: 19773.94ms | tok/sec: 26,514 | mfu: 0.00 | epoch: 1 | total time: 150.87m
step 00478 (51.27%) | loss: 1.385819 | lrm: 0.97 | dt: 19154.44ms | tok/sec: 27,371 | mfu: 0.00 | epoch: 1 | total time: 151.19m
step 00479 (51.38%) | loss: 1.396890 | lrm: 0.97 | dt: 19139.55ms | tok/sec: 27,392 | mfu: 0.00 | epoch: 1 | total time: 151.51m
step 00480 (51.48%) | loss: 1.410745 | lrm: 0.97 | dt: 19774.94ms | tok/sec: 26,512 | mfu: 0.00 | epoch: 1 | total time: 151.83m
step 00481 (51.59%) | loss: 1.382664 | lrm: 0.97 | dt: 19136.71ms | tok/sec: 27,396 | mfu: 0.00 | epoch: 1 | total time: 152.15m
step 00482 (51.70%) | loss: 1.380032 | lrm: 0.97 | dt: 19141.29ms | tok/sec: 27,390 | mfu: 0.00 | epoch: 1 | total time: 152.47m
step 00483 (51.80%) | loss: 1.380761 | lrm: 0.96 | dt: 19769.26ms | tok/sec: 26,520 | mfu: 0.00 | epoch: 1 | total time: 152.80m
step 00484 (51.91%) | loss: 1.385536 | lrm: 0.96 | dt: 19138.22ms | tok/sec: 27,394 | mfu: 0.00 | epoch: 1 | total time: 153.12m
step 00485 (52.02%) | loss: 1.369704 | lrm: 0.96 | dt: 19791.74ms | tok/sec: 26,490 | mfu: 0.00 | epoch: 1 | total time: 153.45m
step 00486 (52.13%) | loss: 1.342204 | lrm: 0.96 | dt: 19126.70ms | tok/sec: 27,411 | mfu: 0.00 | epoch: 1 | total time: 153.77m
step 00487 (52.24%) | loss: 1.333319 | lrm: 0.96 | dt: 19124.61ms | tok/sec: 27,414 | mfu: 0.00 | epoch: 1 | total time: 154.09m
step 00488 (52.35%) | loss: 1.347733 | lrm: 0.95 | dt: 19769.62ms | tok/sec: 26,519 | mfu: 0.00 | epoch: 1 | total time: 154.42m
step 00489 (52.45%) | loss: 1.337387 | lrm: 0.95 | dt: 19153.62ms | tok/sec: 27,372 | mfu: 0.00 | epoch: 1 | total time: 154.74m
step 00490 (52.56%) | loss: 1.310031 | lrm: 0.95 | dt: 19785.91ms | tok/sec: 26,498 | mfu: 0.00 | epoch: 1 | total time: 155.07m
step 00491 (52.66%) | loss: 1.321966 | lrm: 0.95 | dt: 19123.23ms | tok/sec: 27,416 | mfu: 0.00 | epoch: 1 | total time: 155.39m
step 00492 (52.77%) | loss: 1.325374 | lrm: 0.94 | dt: 19132.56ms | tok/sec: 27,402 | mfu: 0.00 | epoch: 1 | total time: 155.70m
step 00493 (52.87%) | loss: 1.307988 | lrm: 0.94 | dt: 19779.64ms | tok/sec: 26,506 | mfu: 0.00 | epoch: 1 | total time: 156.03m
step 00494 (52.98%) | loss: 1.312221 | lrm: 0.94 | dt: 19115.17ms | tok/sec: 27,427 | mfu: 0.00 | epoch: 1 | total time: 156.35m
step 00495 (53.09%) | loss: 1.324151 | lrm: 0.94 | dt: 19140.30ms | tok/sec: 27,391 | mfu: 0.00 | epoch: 1 | total time: 156.67m
step 00496 (53.20%) | loss: 1.341813 | lrm: 0.94 | dt: 19784.09ms | tok/sec: 26,500 | mfu: 0.00 | epoch: 1 | total time: 157.00m
step 00497 (53.30%) | loss: 1.316038 | lrm: 0.93 | dt: 19128.30ms | tok/sec: 27,409 | mfu: 0.00 | epoch: 1 | total time: 157.32m
step 00498 (53.41%) | loss: 1.328326 | lrm: 0.93 | dt: 19789.28ms | tok/sec: 26,493 | mfu: 0.00 | epoch: 1 | total time: 157.65m
step 00499 (53.51%) | loss: 1.330129 | lrm: 0.93 | dt: 19132.61ms | tok/sec: 27,402 | mfu: 0.00 | epoch: 1 | total time: 157.97m
step 00500 (53.62%) | loss: 1.322051 | lrm: 0.93 | dt: 19126.92ms | tok/sec: 27,410 | mfu: 0.00 | epoch: 1 | total time: 158.29m
step 00501 (53.73%) | loss: 1.332535 | lrm: 0.93 | dt: 19885.45ms | tok/sec: 26,365 | mfu: 0.00 | epoch: 1 | total time: 158.62m
step 00502 (53.84%) | loss: 1.327657 | lrm: 0.92 | dt: 19141.61ms | tok/sec: 27,389 | mfu: 0.00 | epoch: 1 | total time: 158.94m
step 00503 (53.94%) | loss: 1.365881 | lrm: 0.92 | dt: 19783.85ms | tok/sec: 26,500 | mfu: 0.00 | epoch: 1 | total time: 159.27m
step 00504 (54.05%) | loss: 1.359198 | lrm: 0.92 | dt: 19125.57ms | tok/sec: 27,412 | mfu: 0.00 | epoch: 1 | total time: 159.59m
step 00505 (54.16%) | loss: 1.325494 | lrm: 0.92 | dt: 19138.94ms | tok/sec: 27,393 | mfu: 0.00 | epoch: 1 | total time: 159.91m
step 00506 (54.27%) | loss: 1.344358 | lrm: 0.91 | dt: 19787.93ms | tok/sec: 26,495 | mfu: 0.00 | epoch: 1 | total time: 160.24m
step 00507 (54.37%) | loss: 1.350393 | lrm: 0.91 | dt: 19132.23ms | tok/sec: 27,403 | mfu: 0.00 | epoch: 1 | total time: 160.55m
step 00508 (54.48%) | loss: 1.346294 | lrm: 0.91 | dt: 19788.22ms | tok/sec: 26,494 | mfu: 0.00 | epoch: 1 | total time: 160.88m
step 00509 (54.58%) | loss: 1.323798 | lrm: 0.91 | dt: 19139.56ms | tok/sec: 27,392 | mfu: 0.00 | epoch: 1 | total time: 161.20m
step 00510 (54.69%) | loss: 1.325429 | lrm: 0.91 | dt: 19112.35ms | tok/sec: 27,431 | mfu: 0.00 | epoch: 1 | total time: 161.52m
step 00511 (54.80%) | loss: 1.332470 | lrm: 0.90 | dt: 19818.73ms | tok/sec: 26,454 | mfu: 0.00 | epoch: 1 | total time: 161.85m
step 00512 (54.91%) | loss: 1.342862 | lrm: 0.90 | dt: 19097.57ms | tok/sec: 27,453 | mfu: 0.00 | epoch: 1 | total time: 162.17m
step 00513 (55.01%) | loss: 1.365880 | lrm: 0.90 | dt: 19137.54ms | tok/sec: 27,395 | mfu: 0.00 | epoch: 1 | total time: 162.49m
step 00514 (55.12%) | loss: 1.370856 | lrm: 0.90 | dt: 19793.55ms | tok/sec: 26,487 | mfu: 0.00 | epoch: 1 | total time: 162.82m
step 00515 (55.23%) | loss: 1.350227 | lrm: 0.90 | dt: 19124.08ms | tok/sec: 27,415 | mfu: 0.00 | epoch: 1 | total time: 163.14m
step 00516 (55.34%) | loss: 1.350062 | lrm: 0.89 | dt: 19790.60ms | tok/sec: 26,491 | mfu: 0.00 | epoch: 1 | total time: 163.47m
step 00517 (55.45%) | loss: 1.340586 | lrm: 0.89 | dt: 19123.45ms | tok/sec: 27,415 | mfu: 0.00 | epoch: 1 | total time: 163.79m
step 00518 (55.56%) | loss: 1.352670 | lrm: 0.89 | dt: 19199.36ms | tok/sec: 27,307 | mfu: 0.00 | epoch: 1 | total time: 164.11m
step 00519 (55.67%) | loss: 1.351859 | lrm: 0.89 | dt: 19788.17ms | tok/sec: 26,495 | mfu: 0.00 | epoch: 1 | total time: 164.44m
step 00520 (55.77%) | loss: 1.336927 | lrm: 0.88 | dt: 19130.34ms | tok/sec: 27,406 | mfu: 0.00 | epoch: 1 | total time: 164.76m
step 00521 (55.88%) | loss: 1.346085 | lrm: 0.88 | dt: 19789.18ms | tok/sec: 26,493 | mfu: 0.00 | epoch: 1 | total time: 165.09m
step 00522 (55.98%) | loss: 1.327295 | lrm: 0.88 | dt: 19133.93ms | tok/sec: 27,400 | mfu: 0.00 | epoch: 1 | total time: 165.40m
step 00523 (56.09%) | loss: 1.312044 | lrm: 0.88 | dt: 19114.17ms | tok/sec: 27,429 | mfu: 0.00 | epoch: 1 | total time: 165.72m
step 00524 (56.20%) | loss: 1.331753 | lrm: 0.88 | dt: 19831.15ms | tok/sec: 26,437 | mfu: 0.00 | epoch: 1 | total time: 166.05m
step 00525 (56.30%) | loss: 1.342721 | lrm: 0.87 | dt: 19087.98ms | tok/sec: 27,466 | mfu: 0.00 | epoch: 1 | total time: 166.37m
step 00526 (56.41%) | loss: 1.324605 | lrm: 0.87 | dt: 19130.84ms | tok/sec: 27,405 | mfu: 0.00 | epoch: 1 | total time: 166.69m
step 00527 (56.52%) | loss: 1.300780 | lrm: 0.87 | dt: 19792.06ms | tok/sec: 26,489 | mfu: 0.00 | epoch: 1 | total time: 167.02m
step 00528 (56.63%) | loss: 1.300967 | lrm: 0.87 | dt: 19124.16ms | tok/sec: 27,414 | mfu: 0.00 | epoch: 1 | total time: 167.34m
step 00529 (56.73%) | loss: 1.317822 | lrm: 0.87 | dt: 19789.29ms | tok/sec: 26,493 | mfu: 0.00 | epoch: 1 | total time: 167.67m
step 00530 (56.84%) | loss: 1.313068 | lrm: 0.86 | dt: 19123.68ms | tok/sec: 27,415 | mfu: 0.00 | epoch: 1 | total time: 167.99m
step 00531 (56.95%) | loss: 1.318142 | lrm: 0.86 | dt: 19128.32ms | tok/sec: 27,408 | mfu: 0.00 | epoch: 1 | total time: 168.31m
step 00532 (57.06%) | loss: 1.312668 | lrm: 0.86 | dt: 19795.59ms | tok/sec: 26,485 | mfu: 0.00 | epoch: 1 | total time: 168.64m
step 00533 (57.16%) | loss: 1.307813 | lrm: 0.86 | dt: 19125.97ms | tok/sec: 27,412 | mfu: 0.00 | epoch: 1 | total time: 168.95m
step 00534 (57.27%) | loss: 1.301244 | lrm: 0.85 | dt: 19808.84ms | tok/sec: 26,467 | mfu: 0.00 | epoch: 1 | total time: 169.28m
step 00535 (57.38%) | loss: 1.271303 | lrm: 0.85 | dt: 19119.73ms | tok/sec: 27,421 | mfu: 0.00 | epoch: 1 | total time: 169.60m
step 00536 (57.49%) | loss: 1.243476 | lrm: 0.85 | dt: 19764.95ms | tok/sec: 26,526 | mfu: 0.00 | epoch: 1 | total time: 169.93m
step 00537 (57.59%) | loss: 1.246079 | lrm: 0.85 | dt: 19583.76ms | tok/sec: 26,771 | mfu: 0.00 | epoch: 1 | total time: 170.26m
step 00538 (57.70%) | loss: 1.248281 | lrm: 0.85 | dt: 18418.44ms | tok/sec: 28,465 | mfu: 0.00 | epoch: 1 | total time: 170.57m
step 00539 (57.81%) | loss: 1.266893 | lrm: 0.84 | dt: 19469.93ms | tok/sec: 26,928 | mfu: 0.00 | epoch: 1 | total time: 170.89m
step 00540 (57.92%) | loss: 1.248969 | lrm: 0.84 | dt: 19664.55ms | tok/sec: 26,661 | mfu: 0.00 | epoch: 1 | total time: 171.22m
step 00541 (58.03%) | loss: 1.214876 | lrm: 0.84 | dt: 19008.64ms | tok/sec: 27,581 | mfu: 0.00 | epoch: 1 | total time: 171.54m
step 00542 (58.13%) | loss: 1.228426 | lrm: 0.84 | dt: 19729.99ms | tok/sec: 26,573 | mfu: 0.00 | epoch: 1 | total time: 171.86m
step 00543 (58.24%) | loss: 1.218700 | lrm: 0.84 | dt: 19125.62ms | tok/sec: 27,412 | mfu: 0.00 | epoch: 1 | total time: 172.18m
step 00544 (58.34%) | loss: 1.232375 | lrm: 0.83 | dt: 19650.25ms | tok/sec: 26,680 | mfu: 0.00 | epoch: 1 | total time: 172.51m
step 00545 (58.45%) | loss: 1.214774 | lrm: 0.83 | dt: 19184.89ms | tok/sec: 27,328 | mfu: 0.00 | epoch: 1 | total time: 172.83m
step 00546 (58.56%) | loss: 1.232058 | lrm: 0.83 | dt: 19227.66ms | tok/sec: 27,267 | mfu: 0.00 | epoch: 1 | total time: 173.15m
step 00547 (58.66%) | loss: 1.231756 | lrm: 0.83 | dt: 19816.72ms | tok/sec: 26,456 | mfu: 0.00 | epoch: 1 | total time: 173.48m
step 00548 (58.77%) | loss: 1.236675 | lrm: 0.82 | dt: 19061.07ms | tok/sec: 27,505 | mfu: 0.00 | epoch: 1 | total time: 173.80m
step 00549 (58.87%) | loss: 1.228345 | lrm: 0.82 | dt: 19728.48ms | tok/sec: 26,575 | mfu: 0.00 | epoch: 1 | total time: 174.13m
step 00550 (58.98%) | loss: 1.233034 | lrm: 0.82 | dt: 19144.35ms | tok/sec: 27,386 | mfu: 0.00 | epoch: 1 | total time: 174.45m
step 00551 (59.09%) | loss: 1.244040 | lrm: 0.82 | dt: 19170.36ms | tok/sec: 27,348 | mfu: 0.00 | epoch: 1 | total time: 174.77m
step 00552 (59.20%) | loss: 1.255353 | lrm: 0.82 | dt: 19680.52ms | tok/sec: 26,639 | mfu: 0.00 | epoch: 1 | total time: 175.09m
step 00553 (59.30%) | loss: 1.245023 | lrm: 0.81 | dt: 19206.68ms | tok/sec: 27,297 | mfu: 0.00 | epoch: 1 | total time: 175.41m
step 00554 (59.41%) | loss: 1.258862 | lrm: 0.81 | dt: 19683.06ms | tok/sec: 26,636 | mfu: 0.00 | epoch: 1 | total time: 175.74m
step 00555 (59.51%) | loss: 1.247266 | lrm: 0.81 | dt: 19227.98ms | tok/sec: 27,266 | mfu: 0.00 | epoch: 1 | total time: 176.06m
step 00556 (59.62%) | loss: 1.256284 | lrm: 0.81 | dt: 19157.85ms | tok/sec: 27,366 | mfu: 0.00 | epoch: 1 | total time: 176.38m
step 00557 (59.72%) | loss: 1.254578 | lrm: 0.81 | dt: 19682.53ms | tok/sec: 26,637 | mfu: 0.00 | epoch: 1 | total time: 176.71m
step 00558 (59.83%) | loss: 1.245277 | lrm: 0.80 | dt: 19191.98ms | tok/sec: 27,318 | mfu: 0.00 | epoch: 1 | total time: 177.03m
step 00559 (59.94%) | loss: 1.250476 | lrm: 0.80 | dt: 19678.75ms | tok/sec: 26,642 | mfu: 0.00 | epoch: 1 | total time: 177.36m
step 00560 (60.05%) | loss: 1.284258 | lrm: 0.80 | dt: 19210.86ms | tok/sec: 27,291 | mfu: 0.00 | epoch: 1 | total time: 177.68m
step 00561 (60.16%) | loss: 1.271526 | lrm: 0.80 | dt: 19176.47ms | tok/sec: 27,340 | mfu: 0.00 | epoch: 1 | total time: 178.00m
step 00562 (60.27%) | loss: 1.254960 | lrm: 0.79 | dt: 19752.17ms | tok/sec: 26,543 | mfu: 0.00 | epoch: 1 | total time: 178.33m
step 00563 (60.37%) | loss: 1.268827 | lrm: 0.79 | dt: 19142.81ms | tok/sec: 27,388 | mfu: 0.00 | epoch: 1 | total time: 178.65m
step 00564 (60.48%) | loss: 1.254985 | lrm: 0.79 | dt: 19189.61ms | tok/sec: 27,321 | mfu: 0.00 | epoch: 1 | total time: 178.97m
step 00565 (60.58%) | loss: 1.298155 | lrm: 0.79 | dt: 19778.56ms | tok/sec: 26,507 | mfu: 0.00 | epoch: 1 | total time: 179.30m
step 00566 (60.69%) | loss: 1.301478 | lrm: 0.79 | dt: 19095.31ms | tok/sec: 27,456 | mfu: 0.00 | epoch: 1 | total time: 179.61m
step 00567 (60.79%) | loss: 1.275976 | lrm: 0.78 | dt: 19867.81ms | tok/sec: 26,388 | mfu: 0.00 | epoch: 1 | total time: 179.94m
step 00568 (60.90%) | loss: 1.285119 | lrm: 0.78 | dt: 19171.47ms | tok/sec: 27,347 | mfu: 0.00 | epoch: 1 | total time: 180.26m
step 00569 (61.01%) | loss: 1.278983 | lrm: 0.78 | dt: 19047.00ms | tok/sec: 27,526 | mfu: 0.00 | epoch: 1 | total time: 180.58m
step 00570 (61.12%) | loss: 1.278774 | lrm: 0.78 | dt: 19719.17ms | tok/sec: 26,587 | mfu: 0.00 | epoch: 1 | total time: 180.91m
step 00571 (61.23%) | loss: 1.312260 | lrm: 0.78 | dt: 19199.56ms | tok/sec: 27,307 | mfu: 0.00 | epoch: 1 | total time: 181.23m
step 00572 (61.33%) | loss: 1.316682 | lrm: 0.77 | dt: 19759.89ms | tok/sec: 26,532 | mfu: 0.00 | epoch: 1 | total time: 181.56m
step 00573 (61.44%) | loss: 1.282910 | lrm: 0.77 | dt: 19119.88ms | tok/sec: 27,421 | mfu: 0.00 | epoch: 1 | total time: 181.88m
step 00574 (61.55%) | loss: 1.277957 | lrm: 0.77 | dt: 19179.09ms | tok/sec: 27,336 | mfu: 0.00 | epoch: 1 | total time: 182.20m
step 00575 (61.66%) | loss: 1.267644 | lrm: 0.77 | dt: 19760.85ms | tok/sec: 26,531 | mfu: 0.00 | epoch: 1 | total time: 182.53m
step 00576 (61.76%) | loss: 1.271285 | lrm: 0.76 | dt: 19144.73ms | tok/sec: 27,385 | mfu: 0.00 | epoch: 1 | total time: 182.85m
step 00577 (61.87%) | loss: 1.281064 | lrm: 0.76 | dt: 19162.12ms | tok/sec: 27,360 | mfu: 0.00 | epoch: 1 | total time: 183.17m
step 00578 (61.98%) | loss: 1.270300 | lrm: 0.76 | dt: 19782.47ms | tok/sec: 26,502 | mfu: 0.00 | epoch: 1 | total time: 183.50m
step 00579 (62.09%) | loss: 1.290516 | lrm: 0.76 | dt: 19096.62ms | tok/sec: 27,454 | mfu: 0.00 | epoch: 1 | total time: 183.81m
step 00580 (62.19%) | loss: 1.308599 | lrm: 0.76 | dt: 19894.19ms | tok/sec: 26,353 | mfu: 0.00 | epoch: 1 | total time: 184.15m
step 00581 (62.30%) | loss: 1.314774 | lrm: 0.75 | dt: 19151.04ms | tok/sec: 27,376 | mfu: 0.00 | epoch: 1 | total time: 184.46m
step 00582 (62.41%) | loss: 1.326780 | lrm: 0.75 | dt: 19092.70ms | tok/sec: 27,460 | mfu: 0.00 | epoch: 1 | total time: 184.78m
step 00583 (62.52%) | loss: 1.355356 | lrm: 0.75 | dt: 19751.84ms | tok/sec: 26,543 | mfu: 0.00 | epoch: 1 | total time: 185.11m
step 00584 (62.63%) | loss: 1.311828 | lrm: 0.75 | dt: 19154.44ms | tok/sec: 27,371 | mfu: 0.00 | epoch: 1 | total time: 185.43m
step 00585 (62.74%) | loss: 1.289850 | lrm: 0.75 | dt: 19760.19ms | tok/sec: 26,532 | mfu: 0.00 | epoch: 1 | total time: 185.76m
step 00586 (62.84%) | loss: 1.292041 | lrm: 0.74 | dt: 19149.50ms | tok/sec: 27,378 | mfu: 0.00 | epoch: 1 | total time: 186.08m
step 00587 (62.94%) | loss: 1.297996 | lrm: 0.74 | dt: 19142.72ms | tok/sec: 27,388 | mfu: 0.00 | epoch: 1 | total time: 186.40m
step 00588 (63.06%) | loss: 1.303029 | lrm: 0.74 | dt: 19760.41ms | tok/sec: 26,532 | mfu: 0.00 | epoch: 1 | total time: 186.73m
step 00589 (63.16%) | loss: 1.292919 | lrm: 0.74 | dt: 19146.10ms | tok/sec: 27,383 | mfu: 0.00 | epoch: 1 | total time: 187.05m
step 00590 (63.27%) | loss: 1.282088 | lrm: 0.73 | dt: 19765.55ms | tok/sec: 26,525 | mfu: 0.00 | epoch: 1 | total time: 187.38m
step 00591 (63.37%) | loss: 1.252606 | lrm: 0.73 | dt: 19155.67ms | tok/sec: 27,369 | mfu: 0.00 | epoch: 1 | total time: 187.70m
step 00592 (63.48%) | loss: 1.243687 | lrm: 0.73 | dt: 19125.13ms | tok/sec: 27,413 | mfu: 0.00 | epoch: 1 | total time: 188.01m
step 00593 (63.59%) | loss: 1.227332 | lrm: 0.73 | dt: 19827.02ms | tok/sec: 26,443 | mfu: 0.00 | epoch: 1 | total time: 188.35m
step 00594 (63.69%) | loss: 1.195505 | lrm: 0.73 | dt: 19086.61ms | tok/sec: 27,468 | mfu: 0.00 | epoch: 1 | total time: 188.66m
step 00595 (63.80%) | loss: 1.197253 | lrm: 0.72 | dt: 19145.75ms | tok/sec: 27,384 | mfu: 0.00 | epoch: 1 | total time: 188.98m
step 00596 (63.91%) | loss: 1.186134 | lrm: 0.72 | dt: 19804.00ms | tok/sec: 26,473 | mfu: 0.00 | epoch: 1 | total time: 189.31m
step 00597 (64.02%) | loss: 1.189442 | lrm: 0.72 | dt: 19108.46ms | tok/sec: 27,437 | mfu: 0.00 | epoch: 1 | total time: 189.63m
step 00598 (64.13%) | loss: 1.193737 | lrm: 0.72 | dt: 19776.31ms | tok/sec: 26,510 | mfu: 0.00 | epoch: 1 | total time: 189.96m
step 00599 (64.23%) | loss: 1.197731 | lrm: 0.72 | dt: 19136.94ms | tok/sec: 27,396 | mfu: 0.00 | epoch: 1 | total time: 190.28m
step 00600 (64.34%) | loss: 1.205072 | lrm: 0.71 | dt: 19134.93ms | tok/sec: 27,399 | mfu: 0.00 | epoch: 1 | total time: 190.60m
Step 00600 | Validation bpb: 0.3926
Final: 845/2376 (35.56%)
  ARC-Easy: 35.56%
Final: 347/1172 (29.61%)
  ARC-Challenge: 29.61%
Final: 4368/14042 (31.11%)
  MMLU: 31.11%
[KRank 0 | 0/1 (0.00%)[KRank 0 | 0/2 (0.00%)[KRank 0 | 0/3 (0.00%)[KRank 0 | 0/4 (0.00%)[KRank 0 | 0/5 (0.00%)[KRank 0 | 0/6 (0.00%)[KRank 0 | 0/7 (0.00%)[KRank 0 | 0/8 (0.00%)[KRank 0 | 0/9 (0.00%)[KRank 0 | 0/10 (0.00%)[KRank 0 | 0/11 (0.00%)[KRank 0 | 0/12 (0.00%)[KRank 0 | 0/13 (0.00%)[KRank 0 | 0/14 (0.00%)[KRank 0 | 0/15 (0.00%)[KRank 0 | 0/16 (0.00%)[KRank 0 | 0/17 (0.00%)[KRank 0 | 0/18 (0.00%)[KRank 0 | 0/19 (0.00%)[KRank 0 | 0/20 (0.00%)[KRank 0 | 0/21 (0.00%)[KRank 0 | 0/22 (0.00%)[KRank 0 | 0/23 (0.00%)[KRank 0 | 0/24 (0.00%)
==================================================
Final: 0/24 (0.00%)
  GSM8K: 0.00%
[KRank 0 | 0/1 (0.00%)[KRank 0 | 0/2 (0.00%)[KRank 0 | 0/3 (0.00%)[KRank 0 | 0/4 (0.00%)[KRank 0 | 0/5 (0.00%)[KRank 0 | 0/6 (0.00%)[KRank 0 | 0/7 (0.00%)[KRank 0 | 0/8 (0.00%)[KRank 0 | 0/9 (0.00%)[KRank 0 | 0/10 (0.00%)[KRank 0 | 0/11 (0.00%)[KRank 0 | 0/12 (0.00%)[KRank 0 | 0/13 (0.00%)[KRank 0 | 0/14 (0.00%)[KRank 0 | 0/15 (0.00%)[KRank 0 | 1/16 (6.25%)[KRank 0 | 1/17 (5.88%)[KRank 0 | 1/18 (5.56%)[KRank 0 | 1/19 (5.26%)[KRank 0 | 1/20 (5.00%)[KRank 0 | 1/21 (4.76%)[KRank 0 | 1/22 (4.55%)[KRank 0 | 1/23 (4.35%)[KRank 0 | 1/24 (4.17%)
==================================================
Final: 1/24 (4.17%)
  HumanEval: 4.17%
Step 00600 | ChatCORE: 0.0651 | ChatCORE_cat: 0.0946
step 00601 (64.45%) | loss: 1.207202 | lrm: 0.71 | dt: 18942.93ms | tok/sec: 27,677 | mfu: 0.00 | epoch: 1 | total time: 190.91m
step 00602 (64.55%) | loss: 1.225749 | lrm: 0.71 | dt: 18990.50ms | tok/sec: 27,607 | mfu: 0.00 | epoch: 1 | total time: 191.23m
step 00603 (64.66%) | loss: 1.225280 | lrm: 0.71 | dt: 19670.74ms | tok/sec: 26,653 | mfu: 0.00 | epoch: 1 | total time: 191.56m
step 00604 (64.77%) | loss: 1.225839 | lrm: 0.70 | dt: 19097.40ms | tok/sec: 27,453 | mfu: 0.00 | epoch: 1 | total time: 191.88m
step 00605 (64.88%) | loss: 1.234241 | lrm: 0.70 | dt: 19800.97ms | tok/sec: 26,477 | mfu: 0.00 | epoch: 1 | total time: 192.21m
step 00606 (64.98%) | loss: 1.232899 | lrm: 0.70 | dt: 19128.45ms | tok/sec: 27,408 | mfu: 0.00 | epoch: 1 | total time: 192.53m
step 00607 (65.09%) | loss: 1.217563 | lrm: 0.70 | dt: 19125.03ms | tok/sec: 27,413 | mfu: 0.00 | epoch: 1 | total time: 192.84m
step 00608 (65.19%) | loss: 1.223520 | lrm: 0.70 | dt: 19808.05ms | tok/sec: 26,468 | mfu: 0.00 | epoch: 1 | total time: 193.17m
step 00609 (65.30%) | loss: 1.222462 | lrm: 0.69 | dt: 19107.96ms | tok/sec: 27,438 | mfu: 0.00 | epoch: 1 | total time: 193.49m
step 00610 (65.40%) | loss: 1.208400 | lrm: 0.69 | dt: 19903.55ms | tok/sec: 26,341 | mfu: 0.00 | epoch: 1 | total time: 193.82m
step 00611 (65.51%) | loss: 1.220601 | lrm: 0.69 | dt: 19013.95ms | tok/sec: 27,573 | mfu: 0.00 | epoch: 1 | total time: 194.14m
step 00612 (65.61%) | loss: 1.226690 | lrm: 0.69 | dt: 19134.65ms | tok/sec: 27,399 | mfu: 0.00 | epoch: 1 | total time: 194.46m
step 00613 (65.72%) | loss: 1.211431 | lrm: 0.69 | dt: 19800.06ms | tok/sec: 26,479 | mfu: 0.00 | epoch: 1 | total time: 194.79m
step 00614 (65.82%) | loss: 1.206225 | lrm: 0.68 | dt: 19120.58ms | tok/sec: 27,420 | mfu: 0.00 | epoch: 1 | total time: 195.11m
step 00615 (65.93%) | loss: 1.190442 | lrm: 0.68 | dt: 19119.78ms | tok/sec: 27,421 | mfu: 0.00 | epoch: 1 | total time: 195.43m
step 00616 (66.04%) | loss: 1.190274 | lrm: 0.68 | dt: 19805.29ms | tok/sec: 26,472 | mfu: 0.00 | epoch: 1 | total time: 195.76m
step 00617 (66.15%) | loss: 1.184190 | lrm: 0.68 | dt: 19120.62ms | tok/sec: 27,420 | mfu: 0.00 | epoch: 1 | total time: 196.08m
step 00618 (66.26%) | loss: 1.195778 | lrm: 0.67 | dt: 19802.26ms | tok/sec: 26,476 | mfu: 0.00 | epoch: 1 | total time: 196.41m
step 00619 (66.36%) | loss: 1.220918 | lrm: 0.67 | dt: 19119.55ms | tok/sec: 27,421 | mfu: 0.00 | epoch: 1 | total time: 196.73m
step 00620 (66.47%) | loss: 1.214106 | lrm: 0.67 | dt: 19121.03ms | tok/sec: 27,419 | mfu: 0.00 | epoch: 1 | total time: 197.04m
step 00621 (66.58%) | loss: 1.196758 | lrm: 0.67 | dt: 19821.53ms | tok/sec: 26,450 | mfu: 0.00 | epoch: 1 | total time: 197.37m
step 00622 (66.68%) | loss: 1.187380 | lrm: 0.67 | dt: 19101.46ms | tok/sec: 27,447 | mfu: 0.00 | epoch: 1 | total time: 197.69m
step 00623 (66.79%) | loss: 1.210814 | lrm: 0.66 | dt: 19831.92ms | tok/sec: 26,436 | mfu: 0.00 | epoch: 1 | total time: 198.02m
step 00624 (66.90%) | loss: 1.204601 | lrm: 0.66 | dt: 19125.24ms | tok/sec: 27,413 | mfu: 0.00 | epoch: 1 | total time: 198.34m
step 00625 (67.00%) | loss: 1.204722 | lrm: 0.66 | dt: 19088.42ms | tok/sec: 27,466 | mfu: 0.00 | epoch: 1 | total time: 198.66m
step 00626 (67.11%) | loss: 1.200503 | lrm: 0.66 | dt: 19804.07ms | tok/sec: 26,473 | mfu: 0.00 | epoch: 1 | total time: 198.99m
step 00627 (67.22%) | loss: 1.227434 | lrm: 0.66 | dt: 19111.69ms | tok/sec: 27,432 | mfu: 0.00 | epoch: 1 | total time: 199.31m
step 00628 (67.32%) | loss: 1.227229 | lrm: 0.65 | dt: 19111.29ms | tok/sec: 27,433 | mfu: 0.00 | epoch: 1 | total time: 199.63m
step 00629 (67.43%) | loss: 1.201151 | lrm: 0.65 | dt: 19813.16ms | tok/sec: 26,461 | mfu: 0.00 | epoch: 1 | total time: 199.96m
step 00630 (67.54%) | loss: 1.195494 | lrm: 0.65 | dt: 19110.36ms | tok/sec: 27,434 | mfu: 0.00 | epoch: 1 | total time: 200.28m
step 00631 (67.64%) | loss: 1.198775 | lrm: 0.65 | dt: 19808.49ms | tok/sec: 26,467 | mfu: 0.00 | epoch: 1 | total time: 200.61m
step 00632 (67.75%) | loss: 1.211899 | lrm: 0.64 | dt: 19116.39ms | tok/sec: 27,426 | mfu: 0.00 | epoch: 1 | total time: 200.92m
step 00633 (67.86%) | loss: 1.207119 | lrm: 0.64 | dt: 19111.10ms | tok/sec: 27,433 | mfu: 0.00 | epoch: 1 | total time: 201.24m
step 00634 (67.97%) | loss: 1.211042 | lrm: 0.64 | dt: 19926.10ms | tok/sec: 26,311 | mfu: 0.00 | epoch: 1 | total time: 201.58m
step 00635 (68.08%) | loss: 1.201201 | lrm: 0.64 | dt: 18944.40ms | tok/sec: 27,675 | mfu: 0.00 | epoch: 1 | total time: 201.89m
step 00636 (68.18%) | loss: 1.215658 | lrm: 0.64 | dt: 19916.33ms | tok/sec: 26,324 | mfu: 0.00 | epoch: 1 | total time: 202.22m
step 00637 (68.29%) | loss: 1.222977 | lrm: 0.63 | dt: 19079.01ms | tok/sec: 27,479 | mfu: 0.00 | epoch: 1 | total time: 202.54m
step 00638 (68.39%) | loss: 1.208872 | lrm: 0.63 | dt: 19115.41ms | tok/sec: 27,427 | mfu: 0.00 | epoch: 1 | total time: 202.86m
step 00639 (68.50%) | loss: 1.209968 | lrm: 0.63 | dt: 19823.13ms | tok/sec: 26,448 | mfu: 0.00 | epoch: 1 | total time: 203.19m
step 00640 (68.60%) | loss: 1.214914 | lrm: 0.63 | dt: 19109.37ms | tok/sec: 27,436 | mfu: 0.00 | epoch: 1 | total time: 203.51m
step 00641 (68.71%) | loss: 1.229644 | lrm: 0.63 | dt: 19104.00ms | tok/sec: 27,443 | mfu: 0.00 | epoch: 1 | total time: 203.83m
step 00642 (68.82%) | loss: 1.226504 | lrm: 0.62 | dt: 19819.88ms | tok/sec: 26,452 | mfu: 0.00 | epoch: 1 | total time: 204.16m
step 00643 (68.93%) | loss: 1.223326 | lrm: 0.62 | dt: 19098.76ms | tok/sec: 27,451 | mfu: 0.00 | epoch: 1 | total time: 204.48m
step 00644 (69.04%) | loss: 1.203580 | lrm: 0.62 | dt: 19824.11ms | tok/sec: 26,446 | mfu: 0.00 | epoch: 1 | total time: 204.81m
step 00645 (69.14%) | loss: 1.206650 | lrm: 0.62 | dt: 19118.18ms | tok/sec: 27,423 | mfu: 0.00 | epoch: 1 | total time: 205.12m
step 00646 (69.25%) | loss: 1.214750 | lrm: 0.62 | dt: 19109.67ms | tok/sec: 27,435 | mfu: 0.00 | epoch: 1 | total time: 205.44m
step 00647 (69.36%) | loss: 1.202520 | lrm: 0.61 | dt: 19844.02ms | tok/sec: 26,420 | mfu: 0.00 | epoch: 1 | total time: 205.77m
step 00648 (69.46%) | loss: 1.178167 | lrm: 0.61 | dt: 19080.29ms | tok/sec: 27,477 | mfu: 0.00 | epoch: 1 | total time: 206.09m
step 00649 (69.58%) | loss: 1.190955 | lrm: 0.61 | dt: 19921.40ms | tok/sec: 26,317 | mfu: 0.00 | epoch: 1 | total time: 206.42m
step 00650 (69.68%) | loss: 1.170011 | lrm: 0.61 | dt: 19008.19ms | tok/sec: 27,582 | mfu: 0.00 | epoch: 1 | total time: 206.74m
step 00651 (69.79%) | loss: 1.178477 | lrm: 0.60 | dt: 19117.67ms | tok/sec: 27,424 | mfu: 0.00 | epoch: 1 | total time: 207.06m
step 00652 (69.90%) | loss: 1.174105 | lrm: 0.60 | dt: 19826.15ms | tok/sec: 26,444 | mfu: 0.00 | epoch: 1 | total time: 207.39m
step 00653 (70.01%) | loss: 1.185230 | lrm: 0.60 | dt: 19102.44ms | tok/sec: 27,446 | mfu: 0.00 | epoch: 1 | total time: 207.71m
step 00654 (70.11%) | loss: 1.187564 | lrm: 0.60 | dt: 19100.93ms | tok/sec: 27,448 | mfu: 0.00 | epoch: 1 | total time: 208.03m
step 00655 (70.22%) | loss: 1.203041 | lrm: 0.60 | dt: 19826.19ms | tok/sec: 26,444 | mfu: 0.00 | epoch: 1 | total time: 208.36m
step 00656 (70.32%) | loss: 1.190173 | lrm: 0.59 | dt: 19105.09ms | tok/sec: 27,442 | mfu: 0.00 | epoch: 1 | total time: 208.68m
step 00657 (70.43%) | loss: 1.200891 | lrm: 0.59 | dt: 19830.67ms | tok/sec: 26,438 | mfu: 0.00 | epoch: 1 | total time: 209.01m
step 00658 (70.54%) | loss: 1.228669 | lrm: 0.59 | dt: 19099.81ms | tok/sec: 27,449 | mfu: 0.00 | epoch: 1 | total time: 209.32m
step 00659 (70.65%) | loss: 1.219422 | lrm: 0.59 | dt: 19098.33ms | tok/sec: 27,452 | mfu: 0.00 | epoch: 1 | total time: 209.64m
step 00660 (70.75%) | loss: 1.204576 | lrm: 0.58 | dt: 19853.50ms | tok/sec: 26,407 | mfu: 0.00 | epoch: 1 | total time: 209.97m
step 00661 (70.86%) | loss: 1.218117 | lrm: 0.58 | dt: 19079.45ms | tok/sec: 27,479 | mfu: 0.00 | epoch: 1 | total time: 210.29m
step 00662 (70.98%) | loss: 1.215437 | lrm: 0.58 | dt: 19874.22ms | tok/sec: 26,380 | mfu: 0.00 | epoch: 1 | total time: 210.62m
step 00663 (71.08%) | loss: 1.232013 | lrm: 0.58 | dt: 19077.25ms | tok/sec: 27,482 | mfu: 0.00 | epoch: 1 | total time: 210.94m
step 00664 (71.19%) | loss: 1.221509 | lrm: 0.58 | dt: 19092.62ms | tok/sec: 27,460 | mfu: 0.00 | epoch: 1 | total time: 211.26m
step 00665 (71.29%) | loss: 1.227395 | lrm: 0.57 | dt: 19838.38ms | tok/sec: 26,427 | mfu: 0.00 | epoch: 1 | total time: 211.59m
step 00666 (71.40%) | loss: 1.230025 | lrm: 0.57 | dt: 19096.93ms | tok/sec: 27,454 | mfu: 0.00 | epoch: 1 | total time: 211.91m
step 00667 (71.51%) | loss: 1.210845 | lrm: 0.57 | dt: 19096.75ms | tok/sec: 27,454 | mfu: 0.00 | epoch: 1 | total time: 212.23m
step 00668 (71.61%) | loss: 1.202317 | lrm: 0.57 | dt: 19835.23ms | tok/sec: 26,432 | mfu: 0.00 | epoch: 1 | total time: 212.56m
step 00669 (71.72%) | loss: 1.211985 | lrm: 0.57 | dt: 19091.14ms | tok/sec: 27,462 | mfu: 0.00 | epoch: 1 | total time: 212.87m
step 00670 (71.83%) | loss: 1.177801 | lrm: 0.56 | dt: 19835.83ms | tok/sec: 26,431 | mfu: 0.00 | epoch: 1 | total time: 213.21m
step 00671 (71.94%) | loss: 1.190374 | lrm: 0.56 | dt: 19103.78ms | tok/sec: 27,444 | mfu: 0.00 | epoch: 1 | total time: 213.52m
step 00672 (72.04%) | loss: 1.164800 | lrm: 0.56 | dt: 19095.42ms | tok/sec: 27,456 | mfu: 0.00 | epoch: 1 | total time: 213.84m
step 00673 (72.15%) | loss: 1.178275 | lrm: 0.56 | dt: 19855.53ms | tok/sec: 26,405 | mfu: 0.00 | epoch: 1 | total time: 214.17m
step 00674 (72.25%) | loss: 1.187375 | lrm: 0.55 | dt: 19084.64ms | tok/sec: 27,471 | mfu: 0.00 | epoch: 1 | total time: 214.49m
step 00675 (72.36%) | loss: 1.191085 | lrm: 0.55 | dt: 19894.42ms | tok/sec: 26,353 | mfu: 0.00 | epoch: 1 | total time: 214.82m
step 00676 (72.47%) | loss: 1.184691 | lrm: 0.55 | dt: 19053.48ms | tok/sec: 27,516 | mfu: 0.00 | epoch: 1 | total time: 215.14m
step 00677 (72.57%) | loss: 1.195879 | lrm: 0.55 | dt: 19090.87ms | tok/sec: 27,462 | mfu: 0.00 | epoch: 1 | total time: 215.46m
step 00678 (72.68%) | loss: 1.214152 | lrm: 0.55 | dt: 19856.76ms | tok/sec: 26,403 | mfu: 0.00 | epoch: 1 | total time: 215.79m
step 00679 (72.79%) | loss: 1.245450 | lrm: 0.54 | dt: 19093.75ms | tok/sec: 27,458 | mfu: 0.00 | epoch: 1 | total time: 216.11m
step 00680 (72.89%) | loss: 1.233779 | lrm: 0.54 | dt: 19098.65ms | tok/sec: 27,451 | mfu: 0.00 | epoch: 1 | total time: 216.43m
step 00681 (73.00%) | loss: 1.225798 | lrm: 0.54 | dt: 19839.86ms | tok/sec: 26,425 | mfu: 0.00 | epoch: 1 | total time: 216.76m
step 00682 (73.11%) | loss: 1.225762 | lrm: 0.54 | dt: 19088.36ms | tok/sec: 27,466 | mfu: 0.00 | epoch: 1 | total time: 217.07m
step 00683 (73.22%) | loss: 1.226361 | lrm: 0.54 | dt: 19840.49ms | tok/sec: 26,425 | mfu: 0.00 | epoch: 1 | total time: 217.41m
step 00684 (73.32%) | loss: 1.237866 | lrm: 0.53 | dt: 19103.86ms | tok/sec: 27,444 | mfu: 0.00 | epoch: 1 | total time: 217.72m
step 00685 (73.43%) | loss: 1.228755 | lrm: 0.53 | dt: 19094.36ms | tok/sec: 27,457 | mfu: 0.00 | epoch: 1 | total time: 218.04m
step 00686 (73.53%) | loss: 1.249787 | lrm: 0.53 | dt: 19860.97ms | tok/sec: 26,397 | mfu: 0.00 | epoch: 1 | total time: 218.37m
step 00687 (73.64%) | loss: 1.240286 | lrm: 0.53 | dt: 19064.82ms | tok/sec: 27,500 | mfu: 0.00 | epoch: 1 | total time: 218.69m
step 00688 (73.74%) | loss: 1.275057 | lrm: 0.53 | dt: 19906.26ms | tok/sec: 26,337 | mfu: 0.00 | epoch: 1 | total time: 219.02m
step 00689 (73.85%) | loss: 1.274027 | lrm: 0.52 | dt: 19051.15ms | tok/sec: 27,520 | mfu: 0.00 | epoch: 1 | total time: 219.34m
step 00690 (73.95%) | loss: 1.270511 | lrm: 0.52 | dt: 19092.24ms | tok/sec: 27,460 | mfu: 0.00 | epoch: 1 | total time: 219.66m
step 00691 (74.06%) | loss: 1.258804 | lrm: 0.52 | dt: 19849.90ms | tok/sec: 26,412 | mfu: 0.00 | epoch: 1 | total time: 219.99m
step 00692 (74.17%) | loss: 1.255306 | lrm: 0.52 | dt: 19093.05ms | tok/sec: 27,459 | mfu: 0.00 | epoch: 1 | total time: 220.31m
step 00693 (74.27%) | loss: 1.271130 | lrm: 0.51 | dt: 19095.40ms | tok/sec: 27,456 | mfu: 0.00 | epoch: 1 | total time: 220.63m
step 00694 (74.38%) | loss: 1.269570 | lrm: 0.51 | dt: 19852.09ms | tok/sec: 26,409 | mfu: 0.00 | epoch: 1 | total time: 220.96m
step 00695 (74.49%) | loss: 1.256704 | lrm: 0.51 | dt: 19087.78ms | tok/sec: 27,467 | mfu: 0.00 | epoch: 1 | total time: 221.27m
step 00696 (74.60%) | loss: 1.250151 | lrm: 0.51 | dt: 19854.55ms | tok/sec: 26,406 | mfu: 0.00 | epoch: 1 | total time: 221.61m
step 00697 (74.70%) | loss: 1.224970 | lrm: 0.51 | dt: 19116.98ms | tok/sec: 27,425 | mfu: 0.00 | epoch: 1 | total time: 221.92m
step 00698 (74.80%) | loss: 1.224289 | lrm: 0.50 | dt: 19068.09ms | tok/sec: 27,495 | mfu: 0.00 | epoch: 1 | total time: 222.24m
step 00699 (74.91%) | loss: 1.209363 | lrm: 0.50 | dt: 19874.58ms | tok/sec: 26,379 | mfu: 0.00 | epoch: 1 | total time: 222.57m
step 00700 (75.02%) | loss: 1.208821 | lrm: 0.50 | dt: 19066.45ms | tok/sec: 27,497 | mfu: 0.00 | epoch: 1 | total time: 222.89m
step 00701 (75.13%) | loss: 1.204666 | lrm: 0.50 | dt: 19849.60ms | tok/sec: 26,413 | mfu: 0.00 | epoch: 1 | total time: 223.22m
step 00702 (75.23%) | loss: 1.202368 | lrm: 0.50 | dt: 19090.68ms | tok/sec: 27,463 | mfu: 0.00 | epoch: 1 | total time: 223.54m
step 00703 (75.34%) | loss: 1.212797 | lrm: 0.49 | dt: 19094.38ms | tok/sec: 27,457 | mfu: 0.00 | epoch: 1 | total time: 223.86m
step 00704 (75.45%) | loss: 1.200107 | lrm: 0.49 | dt: 19855.01ms | tok/sec: 26,405 | mfu: 0.00 | epoch: 1 | total time: 224.19m
step 00705 (75.56%) | loss: 1.178858 | lrm: 0.49 | dt: 19086.35ms | tok/sec: 27,469 | mfu: 0.00 | epoch: 1 | total time: 224.51m
step 00706 (75.66%) | loss: 1.165457 | lrm: 0.49 | dt: 19090.21ms | tok/sec: 27,463 | mfu: 0.00 | epoch: 1 | total time: 224.83m
step 00707 (75.77%) | loss: 1.164574 | lrm: 0.48 | dt: 19862.08ms | tok/sec: 26,396 | mfu: 0.00 | epoch: 1 | total time: 225.16m
step 00708 (75.88%) | loss: 1.162352 | lrm: 0.48 | dt: 19080.96ms | tok/sec: 27,477 | mfu: 0.00 | epoch: 1 | total time: 225.47m
step 00709 (75.99%) | loss: 1.146664 | lrm: 0.48 | dt: 19885.38ms | tok/sec: 26,365 | mfu: 0.00 | epoch: 1 | total time: 225.81m
step 00710 (76.09%) | loss: 1.167950 | lrm: 0.48 | dt: 19073.00ms | tok/sec: 27,488 | mfu: 0.00 | epoch: 1 | total time: 226.12m
step 00711 (76.20%) | loss: 1.139574 | lrm: 0.48 | dt: 19085.75ms | tok/sec: 27,470 | mfu: 0.00 | epoch: 1 | total time: 226.44m
step 00712 (76.31%) | loss: 1.116163 | lrm: 0.47 | dt: 19856.32ms | tok/sec: 26,404 | mfu: 0.00 | epoch: 1 | total time: 226.77m
step 00713 (76.41%) | loss: 1.111766 | lrm: 0.47 | dt: 19086.49ms | tok/sec: 27,469 | mfu: 0.00 | epoch: 1 | total time: 227.09m
step 00714 (76.52%) | loss: 1.117345 | lrm: 0.47 | dt: 19860.80ms | tok/sec: 26,398 | mfu: 0.00 | epoch: 1 | total time: 227.42m
step 00715 (76.63%) | loss: 1.126624 | lrm: 0.47 | dt: 19110.28ms | tok/sec: 27,434 | mfu: 0.00 | epoch: 1 | total time: 227.74m
step 00716 (76.74%) | loss: 1.136621 | lrm: 0.47 | dt: 19071.21ms | tok/sec: 27,491 | mfu: 0.00 | epoch: 1 | total time: 228.06m
step 00717 (76.84%) | loss: 1.130468 | lrm: 0.46 | dt: 19863.30ms | tok/sec: 26,394 | mfu: 0.00 | epoch: 1 | total time: 228.39m
step 00718 (76.94%) | loss: 1.136674 | lrm: 0.46 | dt: 19084.24ms | tok/sec: 27,472 | mfu: 0.00 | epoch: 1 | total time: 228.71m
step 00719 (77.05%) | loss: 1.133072 | lrm: 0.46 | dt: 19068.83ms | tok/sec: 27,494 | mfu: 0.00 | epoch: 1 | total time: 229.02m
step 00720 (77.16%) | loss: 1.132275 | lrm: 0.46 | dt: 19900.71ms | tok/sec: 26,345 | mfu: 0.00 | epoch: 1 | total time: 229.36m
step 00721 (77.26%) | loss: 1.149622 | lrm: 0.45 | dt: 19020.44ms | tok/sec: 27,564 | mfu: 0.00 | epoch: 1 | total time: 229.67m
step 00722 (77.37%) | loss: 1.156542 | lrm: 0.45 | dt: 19930.12ms | tok/sec: 26,306 | mfu: 0.00 | epoch: 1 | total time: 230.01m
step 00723 (77.48%) | loss: 1.186247 | lrm: 0.45 | dt: 19044.55ms | tok/sec: 27,529 | mfu: 0.00 | epoch: 1 | total time: 230.32m
step 00724 (77.59%) | loss: 1.197445 | lrm: 0.45 | dt: 19088.10ms | tok/sec: 27,466 | mfu: 0.00 | epoch: 1 | total time: 230.64m
step 00725 (77.70%) | loss: 1.198488 | lrm: 0.45 | dt: 19859.84ms | tok/sec: 26,399 | mfu: 0.00 | epoch: 1 | total time: 230.97m
step 00726 (77.80%) | loss: 1.204171 | lrm: 0.44 | dt: 19091.20ms | tok/sec: 27,462 | mfu: 0.00 | epoch: 1 | total time: 231.29m
step 00727 (77.91%) | loss: 1.194688 | lrm: 0.44 | dt: 19872.32ms | tok/sec: 26,382 | mfu: 0.00 | epoch: 1 | total time: 231.62m
step 00728 (78.02%) | loss: 1.195316 | lrm: 0.44 | dt: 19080.08ms | tok/sec: 27,478 | mfu: 0.00 | epoch: 1 | total time: 231.94m
step 00729 (78.12%) | loss: 1.193357 | lrm: 0.44 | dt: 19069.51ms | tok/sec: 27,493 | mfu: 0.00 | epoch: 1 | total time: 232.26m
step 00730 (78.23%) | loss: 1.184887 | lrm: 0.44 | dt: 19896.89ms | tok/sec: 26,350 | mfu: 0.00 | epoch: 1 | total time: 232.59m
step 00731 (78.34%) | loss: 1.193149 | lrm: 0.43 | dt: 19056.31ms | tok/sec: 27,512 | mfu: 0.00 | epoch: 1 | total time: 232.91m
step 00732 (78.44%) | loss: 1.178044 | lrm: 0.43 | dt: 19066.08ms | tok/sec: 27,498 | mfu: 0.00 | epoch: 1 | total time: 233.22m
step 00733 (78.55%) | loss: 1.159681 | lrm: 0.43 | dt: 19861.01ms | tok/sec: 26,397 | mfu: 0.00 | epoch: 1 | total time: 233.56m
step 00734 (78.66%) | loss: 1.146529 | lrm: 0.43 | dt: 19092.79ms | tok/sec: 27,460 | mfu: 0.00 | epoch: 1 | total time: 233.87m
step 00735 (78.76%) | loss: 1.157704 | lrm: 0.42 | dt: 19868.16ms | tok/sec: 26,388 | mfu: 0.00 | epoch: 1 | total time: 234.20m
step 00736 (78.87%) | loss: 1.149065 | lrm: 0.42 | dt: 19087.85ms | tok/sec: 27,467 | mfu: 0.00 | epoch: 1 | total time: 234.52m
step 00737 (78.97%) | loss: 1.144403 | lrm: 0.42 | dt: 19070.29ms | tok/sec: 27,492 | mfu: 0.00 | epoch: 1 | total time: 234.84m
step 00738 (79.08%) | loss: 1.174036 | lrm: 0.42 | dt: 19877.94ms | tok/sec: 26,375 | mfu: 0.00 | epoch: 1 | total time: 235.17m
step 00739 (79.19%) | loss: 1.155853 | lrm: 0.42 | dt: 19078.33ms | tok/sec: 27,480 | mfu: 0.00 | epoch: 1 | total time: 235.49m
step 00740 (79.29%) | loss: 1.170297 | lrm: 0.41 | dt: 19880.20ms | tok/sec: 26,372 | mfu: 0.00 | epoch: 1 | total time: 235.82m
step 00741 (79.39%) | loss: 1.184026 | lrm: 0.41 | dt: 19084.42ms | tok/sec: 27,472 | mfu: 0.00 | epoch: 1 | total time: 236.14m
step 00742 (79.50%) | loss: 1.180649 | lrm: 0.41 | dt: 19042.31ms | tok/sec: 27,532 | mfu: 0.00 | epoch: 1 | total time: 236.46m
step 00743 (79.60%) | loss: 1.178617 | lrm: 0.41 | dt: 19928.18ms | tok/sec: 26,308 | mfu: 0.00 | epoch: 1 | total time: 236.79m
step 00744 (79.71%) | loss: 1.191186 | lrm: 0.41 | dt: 19034.52ms | tok/sec: 27,544 | mfu: 0.00 | epoch: 1 | total time: 237.11m
step 00745 (79.82%) | loss: 1.189025 | lrm: 0.40 | dt: 19082.09ms | tok/sec: 27,475 | mfu: 0.00 | epoch: 1 | total time: 237.42m
step 00746 (79.92%) | loss: 1.191929 | lrm: 0.40 | dt: 19871.45ms | tok/sec: 26,383 | mfu: 0.00 | epoch: 1 | total time: 237.76m
step 00747 (80.03%) | loss: 1.180399 | lrm: 0.40 | dt: 19081.46ms | tok/sec: 27,476 | mfu: 0.00 | epoch: 1 | total time: 238.07m
step 00748 (80.13%) | loss: 1.176245 | lrm: 0.40 | dt: 19876.63ms | tok/sec: 26,377 | mfu: 0.00 | epoch: 1 | total time: 238.40m
step 00749 (80.24%) | loss: 1.146863 | lrm: 0.40 | dt: 19083.86ms | tok/sec: 27,472 | mfu: 0.00 | epoch: 1 | total time: 238.72m
step 00750 (80.34%) | loss: 1.155487 | lrm: 0.39 | dt: 19066.56ms | tok/sec: 27,497 | mfu: 0.00 | epoch: 1 | total time: 239.04m
step 00751 (80.45%) | loss: 1.163834 | lrm: 0.39 | dt: 19885.80ms | tok/sec: 26,364 | mfu: 0.00 | epoch: 1 | total time: 239.37m
step 00752 (80.56%) | loss: 1.187083 | lrm: 0.39 | dt: 19069.84ms | tok/sec: 27,493 | mfu: 0.00 | epoch: 1 | total time: 239.69m
step 00753 (80.66%) | loss: 1.213319 | lrm: 0.39 | dt: 19900.16ms | tok/sec: 26,345 | mfu: 0.00 | epoch: 1 | total time: 240.02m
step 00754 (80.77%) | loss: 1.211809 | lrm: 0.38 | dt: 19057.85ms | tok/sec: 27,510 | mfu: 0.00 | epoch: 1 | total time: 240.34m
step 00755 (80.88%) | loss: 1.194484 | lrm: 0.38 | dt: 19075.05ms | tok/sec: 27,485 | mfu: 0.00 | epoch: 1 | total time: 240.66m
step 00756 (80.98%) | loss: 1.179617 | lrm: 0.38 | dt: 19881.40ms | tok/sec: 26,370 | mfu: 0.00 | epoch: 1 | total time: 240.99m
step 00757 (81.08%) | loss: 1.167682 | lrm: 0.38 | dt: 19081.61ms | tok/sec: 27,476 | mfu: 0.00 | epoch: 1 | total time: 241.31m
step 00758 (81.19%) | loss: 1.166645 | lrm: 0.38 | dt: 19063.35ms | tok/sec: 27,502 | mfu: 0.00 | epoch: 1 | total time: 241.62m
step 00759 (81.30%) | loss: 1.161046 | lrm: 0.37 | dt: 19892.30ms | tok/sec: 26,356 | mfu: 0.00 | epoch: 1 | total time: 241.96m
step 00760 (81.41%) | loss: 1.175160 | lrm: 0.37 | dt: 19060.75ms | tok/sec: 27,506 | mfu: 0.00 | epoch: 1 | total time: 242.27m
step 00761 (81.52%) | loss: 1.174007 | lrm: 0.37 | dt: 19907.72ms | tok/sec: 26,335 | mfu: 0.00 | epoch: 1 | total time: 242.61m
step 00762 (81.62%) | loss: 1.176322 | lrm: 0.37 | dt: 19058.59ms | tok/sec: 27,509 | mfu: 0.00 | epoch: 1 | total time: 242.92m
step 00763 (81.73%) | loss: 1.178877 | lrm: 0.37 | dt: 19033.20ms | tok/sec: 27,545 | mfu: 0.00 | epoch: 1 | total time: 243.24m
step 00764 (81.84%) | loss: 1.187786 | lrm: 0.36 | dt: 19941.77ms | tok/sec: 26,290 | mfu: 0.00 | epoch: 1 | total time: 243.57m
step 00765 (81.94%) | loss: 1.174718 | lrm: 0.36 | dt: 19027.05ms | tok/sec: 27,554 | mfu: 0.00 | epoch: 1 | total time: 243.89m
step 00766 (82.05%) | loss: 1.177146 | lrm: 0.36 | dt: 19075.41ms | tok/sec: 27,485 | mfu: 0.00 | epoch: 1 | total time: 244.21m
step 00767 (82.15%) | loss: 1.186576 | lrm: 0.36 | dt: 19884.15ms | tok/sec: 26,367 | mfu: 0.00 | epoch: 1 | total time: 244.54m
step 00768 (82.27%) | loss: 1.181578 | lrm: 0.35 | dt: 19068.79ms | tok/sec: 27,494 | mfu: 0.00 | epoch: 1 | total time: 244.86m
step 00769 (82.38%) | loss: 1.187091 | lrm: 0.35 | dt: 19886.06ms | tok/sec: 26,364 | mfu: 0.00 | epoch: 1 | total time: 245.19m
step 00770 (82.49%) | loss: 1.191356 | lrm: 0.35 | dt: 19076.87ms | tok/sec: 27,482 | mfu: 0.00 | epoch: 1 | total time: 245.51m
step 00771 (82.59%) | loss: 1.187577 | lrm: 0.35 | dt: 19065.18ms | tok/sec: 27,499 | mfu: 0.00 | epoch: 1 | total time: 245.82m
step 00772 (82.69%) | loss: 1.173465 | lrm: 0.35 | dt: 19905.10ms | tok/sec: 26,339 | mfu: 0.00 | epoch: 1 | total time: 246.16m
step 00773 (82.80%) | loss: 1.155683 | lrm: 0.34 | dt: 19052.45ms | tok/sec: 27,518 | mfu: 0.00 | epoch: 1 | total time: 246.47m
step 00774 (82.91%) | loss: 1.134957 | lrm: 0.34 | dt: 19922.17ms | tok/sec: 26,316 | mfu: 0.00 | epoch: 1 | total time: 246.81m
step 00775 (83.02%) | loss: 1.154230 | lrm: 0.34 | dt: 19035.95ms | tok/sec: 27,541 | mfu: 0.00 | epoch: 1 | total time: 247.12m
step 00776 (83.13%) | loss: 1.132976 | lrm: 0.34 | dt: 19063.01ms | tok/sec: 27,502 | mfu: 0.00 | epoch: 1 | total time: 247.44m
step 00777 (83.23%) | loss: 1.150290 | lrm: 0.34 | dt: 19892.76ms | tok/sec: 26,355 | mfu: 0.00 | epoch: 1 | total time: 247.77m
step 00778 (83.34%) | loss: 1.148819 | lrm: 0.33 | dt: 19071.44ms | tok/sec: 27,490 | mfu: 0.00 | epoch: 1 | total time: 248.09m
step 00779 (83.45%) | loss: 1.150093 | lrm: 0.33 | dt: 19062.54ms | tok/sec: 27,503 | mfu: 0.00 | epoch: 1 | total time: 248.41m
step 00780 (83.55%) | loss: 1.151395 | lrm: 0.33 | dt: 19907.06ms | tok/sec: 26,336 | mfu: 0.00 | epoch: 1 | total time: 248.74m
step 00781 (83.66%) | loss: 1.148137 | lrm: 0.33 | dt: 19052.53ms | tok/sec: 27,518 | mfu: 0.00 | epoch: 1 | total time: 249.06m
step 00782 (83.77%) | loss: 1.132954 | lrm: 0.32 | dt: 19889.58ms | tok/sec: 26,359 | mfu: 0.00 | epoch: 1 | total time: 249.39m
step 00783 (83.88%) | loss: 1.144761 | lrm: 0.32 | dt: 19069.53ms | tok/sec: 27,493 | mfu: 0.00 | epoch: 1 | total time: 249.71m
step 00784 (83.99%) | loss: 1.153771 | lrm: 0.32 | dt: 19058.70ms | tok/sec: 27,509 | mfu: 0.00 | epoch: 1 | total time: 250.02m
step 00785 (84.09%) | loss: 1.157625 | lrm: 0.32 | dt: 19930.40ms | tok/sec: 26,305 | mfu: 0.00 | epoch: 1 | total time: 250.36m
step 00786 (84.20%) | loss: 1.167606 | lrm: 0.32 | dt: 19030.88ms | tok/sec: 27,549 | mfu: 0.00 | epoch: 1 | total time: 250.67m
step 00787 (84.31%) | loss: 1.158845 | lrm: 0.31 | dt: 19895.45ms | tok/sec: 26,352 | mfu: 0.00 | epoch: 1 | total time: 251.00m
step 00788 (84.42%) | loss: 1.170350 | lrm: 0.31 | dt: 19062.81ms | tok/sec: 27,503 | mfu: 0.00 | epoch: 1 | total time: 251.32m
step 00789 (84.52%) | loss: 1.150494 | lrm: 0.31 | dt: 19060.48ms | tok/sec: 27,506 | mfu: 0.00 | epoch: 1 | total time: 251.64m
step 00790 (84.63%) | loss: 1.129264 | lrm: 0.31 | dt: 19889.99ms | tok/sec: 26,359 | mfu: 0.00 | epoch: 1 | total time: 251.97m
step 00791 (84.73%) | loss: 1.115084 | lrm: 0.31 | dt: 19083.84ms | tok/sec: 27,472 | mfu: 0.00 | epoch: 1 | total time: 252.29m
step 00792 (84.83%) | loss: 1.113846 | lrm: 0.30 | dt: 19050.92ms | tok/sec: 27,520 | mfu: 0.00 | epoch: 1 | total time: 252.61m
step 00793 (84.94%) | loss: 1.104311 | lrm: 0.30 | dt: 19907.79ms | tok/sec: 26,335 | mfu: 0.00 | epoch: 1 | total time: 252.94m
step 00794 (85.05%) | loss: 1.113305 | lrm: 0.30 | dt: 19061.30ms | tok/sec: 27,505 | mfu: 0.00 | epoch: 1 | total time: 253.26m
step 00795 (85.16%) | loss: 1.133852 | lrm: 0.30 | dt: 19919.48ms | tok/sec: 26,320 | mfu: 0.00 | epoch: 1 | total time: 253.59m
step 00796 (85.26%) | loss: 1.125779 | lrm: 0.29 | dt: 19061.43ms | tok/sec: 27,505 | mfu: 0.00 | epoch: 1 | total time: 253.91m
step 00797 (85.37%) | loss: 1.126757 | lrm: 0.29 | dt: 19015.07ms | tok/sec: 27,572 | mfu: 0.00 | epoch: 1 | total time: 254.22m
step 00798 (85.48%) | loss: 1.112888 | lrm: 0.29 | dt: 19957.16ms | tok/sec: 26,270 | mfu: 0.00 | epoch: 1 | total time: 254.56m
step 00799 (85.59%) | loss: 1.120596 | lrm: 0.29 | dt: 19022.58ms | tok/sec: 27,561 | mfu: 0.00 | epoch: 1 | total time: 254.87m
step 00800 (85.70%) | loss: 1.129081 | lrm: 0.29 | dt: 19903.64ms | tok/sec: 26,341 | mfu: 0.00 | epoch: 1 | total time: 255.20m
Step 00800 | Validation bpb: 0.3664
Final: 885/2376 (37.25%)
  ARC-Easy: 37.25%
Final: 374/1172 (31.91%)
  ARC-Challenge: 31.91%
Final: 4391/14042 (31.27%)
  MMLU: 31.27%
[KRank 0 | 0/1 (0.00%)[KRank 0 | 0/2 (0.00%)[KRank 0 | 0/3 (0.00%)[KRank 0 | 0/4 (0.00%)[KRank 0 | 0/5 (0.00%)[KRank 0 | 0/6 (0.00%)[KRank 0 | 0/7 (0.00%)[KRank 0 | 0/8 (0.00%)[KRank 0 | 0/9 (0.00%)[KRank 0 | 0/10 (0.00%)[KRank 0 | 0/11 (0.00%)[KRank 0 | 0/12 (0.00%)[KRank 0 | 0/13 (0.00%)[KRank 0 | 0/14 (0.00%)[KRank 0 | 0/15 (0.00%)[KRank 0 | 0/16 (0.00%)[KRank 0 | 0/17 (0.00%)[KRank 0 | 0/18 (0.00%)[KRank 0 | 0/19 (0.00%)[KRank 0 | 0/20 (0.00%)[KRank 0 | 0/21 (0.00%)[KRank 0 | 0/22 (0.00%)[KRank 0 | 0/23 (0.00%)[KRank 0 | 0/24 (0.00%)
==================================================
Final: 0/24 (0.00%)
  GSM8K: 0.00%
[KRank 0 | 0/1 (0.00%)[KRank 0 | 0/2 (0.00%)[KRank 0 | 0/3 (0.00%)[KRank 0 | 0/4 (0.00%)[KRank 0 | 0/5 (0.00%)[KRank 0 | 0/6 (0.00%)[KRank 0 | 0/7 (0.00%)[KRank 0 | 0/8 (0.00%)[KRank 0 | 0/9 (0.00%)[KRank 0 | 0/10 (0.00%)[KRank 0 | 0/11 (0.00%)[KRank 0 | 0/12 (0.00%)[KRank 0 | 0/13 (0.00%)[KRank 0 | 0/14 (0.00%)[KRank 0 | 0/15 (0.00%)[KRank 0 | 0/16 (0.00%)[KRank 0 | 0/17 (0.00%)[KRank 0 | 0/18 (0.00%)[KRank 0 | 0/19 (0.00%)[KRank 0 | 0/20 (0.00%)[KRank 0 | 0/21 (0.00%)[KRank 0 | 0/22 (0.00%)[KRank 0 | 0/23 (0.00%)[KRank 0 | 0/24 (0.00%)
==================================================
Final: 0/24 (0.00%)
  HumanEval: 0.00%
Step 00800 | ChatCORE: 0.0678 | ChatCORE_cat: 0.1130
step 00801 (85.81%) | loss: 1.117459 | lrm: 0.28 | dt: 19719.08ms | tok/sec: 26,587 | mfu: 0.00 | epoch: 1 | total time: 255.53m
step 00802 (85.91%) | loss: 1.114609 | lrm: 0.28 | dt: 18934.19ms | tok/sec: 27,690 | mfu: 0.00 | epoch: 1 | total time: 255.85m
step 00803 (86.02%) | loss: 1.130171 | lrm: 0.28 | dt: 19787.14ms | tok/sec: 26,496 | mfu: 0.00 | epoch: 1 | total time: 256.18m
step 00804 (86.13%) | loss: 1.146118 | lrm: 0.28 | dt: 18986.33ms | tok/sec: 27,613 | mfu: 0.00 | epoch: 1 | total time: 256.49m
step 00805 (86.24%) | loss: 1.161160 | lrm: 0.28 | dt: 19051.21ms | tok/sec: 27,519 | mfu: 0.00 | epoch: 1 | total time: 256.81m
step 00806 (86.35%) | loss: 1.181176 | lrm: 0.27 | dt: 19915.02ms | tok/sec: 26,326 | mfu: 0.00 | epoch: 1 | total time: 257.14m
step 00807 (86.45%) | loss: 1.147641 | lrm: 0.27 | dt: 19052.65ms | tok/sec: 27,517 | mfu: 0.00 | epoch: 1 | total time: 257.46m
step 00808 (86.56%) | loss: 1.174085 | lrm: 0.27 | dt: 19926.58ms | tok/sec: 26,310 | mfu: 0.00 | epoch: 1 | total time: 257.79m
step 00809 (86.67%) | loss: 1.169699 | lrm: 0.27 | dt: 19052.78ms | tok/sec: 27,517 | mfu: 0.00 | epoch: 1 | total time: 258.11m
step 00810 (86.78%) | loss: 1.183247 | lrm: 0.26 | dt: 19019.27ms | tok/sec: 27,566 | mfu: 0.00 | epoch: 1 | total time: 258.43m
step 00811 (86.88%) | loss: 1.194111 | lrm: 0.26 | dt: 19989.45ms | tok/sec: 26,228 | mfu: 0.00 | epoch: 1 | total time: 258.76m
step 00812 (86.99%) | loss: 1.205186 | lrm: 0.26 | dt: 19004.99ms | tok/sec: 27,586 | mfu: 0.00 | epoch: 1 | total time: 259.08m
step 00813 (87.09%) | loss: 1.190536 | lrm: 0.26 | dt: 19062.61ms | tok/sec: 27,503 | mfu: 0.00 | epoch: 1 | total time: 259.40m
step 00814 (87.20%) | loss: 1.144346 | lrm: 0.26 | dt: 19908.70ms | tok/sec: 26,334 | mfu: 0.00 | epoch: 1 | total time: 259.73m
step 00815 (87.30%) | loss: 1.135255 | lrm: 0.25 | dt: 19068.58ms | tok/sec: 27,494 | mfu: 0.00 | epoch: 1 | total time: 260.05m
step 00816 (87.41%) | loss: 1.165234 | lrm: 0.25 | dt: 19932.17ms | tok/sec: 26,303 | mfu: 0.00 | epoch: 1 | total time: 260.38m
step 00817 (87.52%) | loss: 1.163646 | lrm: 0.25 | dt: 19037.26ms | tok/sec: 27,540 | mfu: 0.00 | epoch: 1 | total time: 260.70m
step 00818 (87.62%) | loss: 1.169382 | lrm: 0.25 | dt: 19043.50ms | tok/sec: 27,531 | mfu: 0.00 | epoch: 1 | total time: 261.01m
step 00819 (87.73%) | loss: 1.124802 | lrm: 0.25 | dt: 19915.59ms | tok/sec: 26,325 | mfu: 0.00 | epoch: 1 | total time: 261.34m
step 00820 (87.84%) | loss: 1.113655 | lrm: 0.24 | dt: 19058.28ms | tok/sec: 27,509 | mfu: 0.00 | epoch: 1 | total time: 261.66m
step 00821 (87.95%) | loss: 1.121378 | lrm: 0.24 | dt: 19047.82ms | tok/sec: 27,524 | mfu: 0.00 | epoch: 1 | total time: 261.98m
step 00822 (88.05%) | loss: 1.118753 | lrm: 0.24 | dt: 19924.68ms | tok/sec: 26,313 | mfu: 0.00 | epoch: 1 | total time: 262.31m
step 00823 (88.16%) | loss: 1.103104 | lrm: 0.24 | dt: 19033.05ms | tok/sec: 27,546 | mfu: 0.00 | epoch: 1 | total time: 262.63m
step 00824 (88.26%) | loss: 1.110490 | lrm: 0.23 | dt: 20021.74ms | tok/sec: 26,185 | mfu: 0.00 | epoch: 1 | total time: 262.96m
step 00825 (88.38%) | loss: 1.095126 | lrm: 0.23 | dt: 18945.38ms | tok/sec: 27,673 | mfu: 0.00 | epoch: 1 | total time: 263.28m
step 00826 (88.49%) | loss: 1.096975 | lrm: 0.23 | dt: 19065.29ms | tok/sec: 27,499 | mfu: 0.00 | epoch: 1 | total time: 263.60m
step 00827 (88.60%) | loss: 1.086785 | lrm: 0.23 | dt: 19927.16ms | tok/sec: 26,310 | mfu: 0.00 | epoch: 1 | total time: 263.93m
step 00828 (88.71%) | loss: 1.105832 | lrm: 0.23 | dt: 19047.01ms | tok/sec: 27,526 | mfu: 0.00 | epoch: 1 | total time: 264.25m
step 00829 (88.81%) | loss: 1.135452 | lrm: 0.22 | dt: 19921.31ms | tok/sec: 26,317 | mfu: 0.00 | epoch: 1 | total time: 264.58m
step 00830 (88.92%) | loss: 1.142477 | lrm: 0.22 | dt: 19046.19ms | tok/sec: 27,527 | mfu: 0.00 | epoch: 1 | total time: 264.90m
step 00831 (89.03%) | loss: 1.138073 | lrm: 0.22 | dt: 19056.00ms | tok/sec: 27,513 | mfu: 0.00 | epoch: 1 | total time: 265.21m
step 00832 (89.13%) | loss: 1.153333 | lrm: 0.22 | dt: 19916.48ms | tok/sec: 26,324 | mfu: 0.00 | epoch: 1 | total time: 265.54m
step 00833 (89.24%) | loss: 1.170459 | lrm: 0.22 | dt: 19046.80ms | tok/sec: 27,526 | mfu: 0.00 | epoch: 1 | total time: 265.86m
step 00834 (89.35%) | loss: 1.163060 | lrm: 0.21 | dt: 19051.76ms | tok/sec: 27,519 | mfu: 0.00 | epoch: 1 | total time: 266.18m
step 00835 (89.45%) | loss: 1.183429 | lrm: 0.21 | dt: 19935.79ms | tok/sec: 26,298 | mfu: 0.00 | epoch: 1 | total time: 266.51m
step 00836 (89.56%) | loss: 1.167572 | lrm: 0.21 | dt: 19036.81ms | tok/sec: 27,540 | mfu: 0.00 | epoch: 1 | total time: 266.83m
step 00837 (89.67%) | loss: 1.160877 | lrm: 0.21 | dt: 19923.44ms | tok/sec: 26,315 | mfu: 0.00 | epoch: 1 | total time: 267.16m
step 00838 (89.77%) | loss: 1.160580 | lrm: 0.20 | dt: 19052.13ms | tok/sec: 27,518 | mfu: 0.00 | epoch: 1 | total time: 267.48m
step 00839 (89.88%) | loss: 1.166312 | lrm: 0.20 | dt: 19037.64ms | tok/sec: 27,539 | mfu: 0.00 | epoch: 1 | total time: 267.80m
step 00840 (89.99%) | loss: 1.175750 | lrm: 0.20 | dt: 19933.54ms | tok/sec: 26,301 | mfu: 0.00 | epoch: 1 | total time: 268.13m
step 00841 (90.09%) | loss: 1.178579 | lrm: 0.20 | dt: 19035.95ms | tok/sec: 27,541 | mfu: 0.00 | epoch: 1 | total time: 268.45m
step 00842 (90.20%) | loss: 1.197071 | lrm: 0.20 | dt: 19934.42ms | tok/sec: 26,300 | mfu: 0.00 | epoch: 1 | total time: 268.78m
step 00843 (90.30%) | loss: 1.196938 | lrm: 0.19 | dt: 19043.39ms | tok/sec: 27,531 | mfu: 0.00 | epoch: 1 | total time: 269.10m
step 00844 (90.41%) | loss: 1.175849 | lrm: 0.19 | dt: 19044.25ms | tok/sec: 27,529 | mfu: 0.00 | epoch: 1 | total time: 269.41m
step 00845 (90.52%) | loss: 1.177022 | lrm: 0.19 | dt: 19937.05ms | tok/sec: 26,297 | mfu: 0.00 | epoch: 1 | total time: 269.74m
step 00846 (90.63%) | loss: 1.188218 | lrm: 0.19 | dt: 19048.71ms | tok/sec: 27,523 | mfu: 0.00 | epoch: 1 | total time: 270.06m
step 00847 (90.74%) | loss: 1.190678 | lrm: 0.19 | dt: 19034.14ms | tok/sec: 27,544 | mfu: 0.00 | epoch: 1 | total time: 270.38m
step 00848 (90.84%) | loss: 1.176685 | lrm: 0.18 | dt: 19966.59ms | tok/sec: 26,258 | mfu: 0.00 | epoch: 1 | total time: 270.71m
step 00849 (90.96%) | loss: 1.165964 | lrm: 0.18 | dt: 19005.66ms | tok/sec: 27,585 | mfu: 0.00 | epoch: 1 | total time: 271.03m
step 00850 (91.06%) | loss: 1.175745 | lrm: 0.18 | dt: 19922.26ms | tok/sec: 26,316 | mfu: 0.00 | epoch: 1 | total time: 271.36m
step 00851 (91.16%) | loss: 1.181027 | lrm: 0.18 | dt: 19054.61ms | tok/sec: 27,515 | mfu: 0.00 | epoch: 1 | total time: 271.68m
step 00852 (91.27%) | loss: 1.155920 | lrm: 0.17 | dt: 19031.94ms | tok/sec: 27,547 | mfu: 0.00 | epoch: 1 | total time: 272.00m
step 00853 (91.38%) | loss: 1.166863 | lrm: 0.17 | dt: 19933.41ms | tok/sec: 26,301 | mfu: 0.00 | epoch: 1 | total time: 272.33m
step 00854 (91.49%) | loss: 1.161264 | lrm: 0.17 | dt: 19037.83ms | tok/sec: 27,539 | mfu: 0.00 | epoch: 1 | total time: 272.65m
step 00855 (91.60%) | loss: 1.153771 | lrm: 0.17 | dt: 19039.31ms | tok/sec: 27,537 | mfu: 0.00 | epoch: 1 | total time: 272.96m
step 00856 (91.70%) | loss: 1.144751 | lrm: 0.17 | dt: 19938.10ms | tok/sec: 26,295 | mfu: 0.00 | epoch: 1 | total time: 273.30m
step 00857 (91.81%) | loss: 1.136768 | lrm: 0.16 | dt: 19039.12ms | tok/sec: 27,537 | mfu: 0.00 | epoch: 1 | total time: 273.61m
step 00858 (91.92%) | loss: 1.125506 | lrm: 0.16 | dt: 19960.63ms | tok/sec: 26,266 | mfu: 0.00 | epoch: 1 | total time: 273.95m
step 00859 (92.03%) | loss: 1.131916 | lrm: 0.16 | dt: 19025.23ms | tok/sec: 27,557 | mfu: 0.00 | epoch: 1 | total time: 274.26m
step 00860 (92.13%) | loss: 1.130275 | lrm: 0.16 | dt: 19025.65ms | tok/sec: 27,556 | mfu: 0.00 | epoch: 1 | total time: 274.58m
step 00861 (92.24%) | loss: 1.133491 | lrm: 0.16 | dt: 19929.36ms | tok/sec: 26,307 | mfu: 0.00 | epoch: 1 | total time: 274.91m
step 00862 (92.35%) | loss: 1.104697 | lrm: 0.15 | dt: 19053.42ms | tok/sec: 27,516 | mfu: 0.00 | epoch: 1 | total time: 275.23m
step 00863 (92.46%) | loss: 1.095444 | lrm: 0.15 | dt: 19940.15ms | tok/sec: 26,293 | mfu: 0.00 | epoch: 1 | total time: 275.56m
step 00864 (92.56%) | loss: 1.094176 | lrm: 0.15 | dt: 19047.43ms | tok/sec: 27,525 | mfu: 0.00 | epoch: 1 | total time: 275.88m
step 00865 (92.67%) | loss: 1.082013 | lrm: 0.15 | dt: 19036.59ms | tok/sec: 27,541 | mfu: 0.00 | epoch: 1 | total time: 276.20m
step 00866 (92.78%) | loss: 1.079244 | lrm: 0.14 | dt: 19937.20ms | tok/sec: 26,296 | mfu: 0.00 | epoch: 1 | total time: 276.53m
step 00867 (92.88%) | loss: 1.087168 | lrm: 0.14 | dt: 19044.20ms | tok/sec: 27,530 | mfu: 0.00 | epoch: 1 | total time: 276.85m
step 00868 (92.99%) | loss: 1.068019 | lrm: 0.14 | dt: 19040.34ms | tok/sec: 27,535 | mfu: 0.00 | epoch: 1 | total time: 277.16m
step 00869 (93.10%) | loss: 1.070805 | lrm: 0.14 | dt: 19956.57ms | tok/sec: 26,271 | mfu: 0.00 | epoch: 1 | total time: 277.50m
step 00870 (93.21%) | loss: 1.101283 | lrm: 0.14 | dt: 19015.41ms | tok/sec: 27,571 | mfu: 0.00 | epoch: 1 | total time: 277.81m
step 00871 (93.32%) | loss: 1.110132 | lrm: 0.13 | dt: 19945.62ms | tok/sec: 26,285 | mfu: 0.00 | epoch: 1 | total time: 278.15m
step 00872 (93.43%) | loss: 1.097705 | lrm: 0.13 | dt: 19038.19ms | tok/sec: 27,538 | mfu: 0.00 | epoch: 1 | total time: 278.46m
step 00873 (93.53%) | loss: 1.089954 | lrm: 0.13 | dt: 19035.40ms | tok/sec: 27,542 | mfu: 0.00 | epoch: 1 | total time: 278.78m
step 00874 (93.64%) | loss: 1.103799 | lrm: 0.13 | dt: 19944.58ms | tok/sec: 26,287 | mfu: 0.00 | epoch: 1 | total time: 279.11m
step 00875 (93.74%) | loss: 1.128093 | lrm: 0.13 | dt: 19052.24ms | tok/sec: 27,518 | mfu: 0.00 | epoch: 1 | total time: 279.43m
step 00876 (93.85%) | loss: 1.133755 | lrm: 0.12 | dt: 19029.05ms | tok/sec: 27,551 | mfu: 0.00 | epoch: 1 | total time: 279.75m
step 00877 (93.96%) | loss: 1.149659 | lrm: 0.12 | dt: 19953.88ms | tok/sec: 26,274 | mfu: 0.00 | epoch: 1 | total time: 280.08m
step 00878 (94.07%) | loss: 1.152943 | lrm: 0.12 | dt: 19035.60ms | tok/sec: 27,542 | mfu: 0.00 | epoch: 1 | total time: 280.40m
step 00879 (94.18%) | loss: 1.152153 | lrm: 0.12 | dt: 19962.55ms | tok/sec: 26,263 | mfu: 0.00 | epoch: 1 | total time: 280.73m
step 00880 (94.28%) | loss: 1.138359 | lrm: 0.11 | dt: 19028.41ms | tok/sec: 27,552 | mfu: 0.00 | epoch: 1 | total time: 281.05m
step 00881 (94.39%) | loss: 1.155749 | lrm: 0.11 | dt: 19028.10ms | tok/sec: 27,553 | mfu: 0.00 | epoch: 1 | total time: 281.36m
step 00882 (94.50%) | loss: 1.141055 | lrm: 0.11 | dt: 19942.48ms | tok/sec: 26,290 | mfu: 0.00 | epoch: 1 | total time: 281.70m
step 00883 (94.61%) | loss: 1.128684 | lrm: 0.11 | dt: 19019.17ms | tok/sec: 27,566 | mfu: 0.00 | epoch: 1 | total time: 282.01m
step 00884 (94.72%) | loss: 1.144304 | lrm: 0.11 | dt: 19945.00ms | tok/sec: 26,286 | mfu: 0.00 | epoch: 1 | total time: 282.35m
step 00885 (94.83%) | loss: 1.158827 | lrm: 0.10 | dt: 19040.58ms | tok/sec: 27,535 | mfu: 0.00 | epoch: 1 | total time: 282.66m
step 00886 (94.94%) | loss: 1.152093 | lrm: 0.10 | dt: 19034.05ms | tok/sec: 27,544 | mfu: 0.00 | epoch: 1 | total time: 282.98m
step 00887 (95.04%) | loss: 1.138165 | lrm: 0.10 | dt: 19945.82ms | tok/sec: 26,285 | mfu: 0.00 | epoch: 1 | total time: 283.31m
step 00888 (95.15%) | loss: 1.140552 | lrm: 0.10 | dt: 19034.35ms | tok/sec: 27,544 | mfu: 0.00 | epoch: 1 | total time: 283.63m
step 00889 (95.26%) | loss: 1.132709 | lrm: 0.09 | dt: 19029.40ms | tok/sec: 27,551 | mfu: 0.00 | epoch: 1 | total time: 283.95m
step 00890 (95.37%) | loss: 1.133402 | lrm: 0.09 | dt: 19973.39ms | tok/sec: 26,249 | mfu: 0.00 | epoch: 1 | total time: 284.28m
step 00891 (95.47%) | loss: 1.138545 | lrm: 0.09 | dt: 19003.21ms | tok/sec: 27,589 | mfu: 0.00 | epoch: 1 | total time: 284.60m
step 00892 (95.58%) | loss: 1.145637 | lrm: 0.09 | dt: 19945.31ms | tok/sec: 26,286 | mfu: 0.00 | epoch: 1 | total time: 284.93m
step 00893 (95.69%) | loss: 1.170145 | lrm: 0.09 | dt: 19032.42ms | tok/sec: 27,547 | mfu: 0.00 | epoch: 1 | total time: 285.25m
step 00894 (95.79%) | loss: 1.166032 | lrm: 0.08 | dt: 19032.96ms | tok/sec: 27,546 | mfu: 0.00 | epoch: 1 | total time: 285.56m
step 00895 (95.90%) | loss: 1.176029 | lrm: 0.08 | dt: 19951.83ms | tok/sec: 26,277 | mfu: 0.00 | epoch: 1 | total time: 285.90m
step 00896 (96.01%) | loss: 1.163619 | lrm: 0.08 | dt: 19030.96ms | tok/sec: 27,549 | mfu: 0.00 | epoch: 1 | total time: 286.21m
step 00897 (96.11%) | loss: 1.160373 | lrm: 0.08 | dt: 19026.17ms | tok/sec: 27,556 | mfu: 0.00 | epoch: 1 | total time: 286.53m
step 00898 (96.22%) | loss: 1.153888 | lrm: 0.08 | dt: 19965.26ms | tok/sec: 26,260 | mfu: 0.00 | epoch: 1 | total time: 286.86m
step 00899 (96.32%) | loss: 1.150587 | lrm: 0.07 | dt: 19016.88ms | tok/sec: 27,569 | mfu: 0.00 | epoch: 1 | total time: 287.18m
step 00900 (96.42%) | loss: 1.146323 | lrm: 0.07 | dt: 19998.99ms | tok/sec: 26,215 | mfu: 0.00 | epoch: 1 | total time: 287.51m
step 00901 (96.53%) | loss: 1.155438 | lrm: 0.07 | dt: 18988.10ms | tok/sec: 27,611 | mfu: 0.00 | epoch: 1 | total time: 287.83m
step 00902 (96.63%) | loss: 1.158177 | lrm: 0.07 | dt: 19031.74ms | tok/sec: 27,548 | mfu: 0.00 | epoch: 1 | total time: 288.15m
step 00903 (96.74%) | loss: 1.151374 | lrm: 0.07 | dt: 19949.29ms | tok/sec: 26,281 | mfu: 0.00 | epoch: 1 | total time: 288.48m
step 00904 (96.84%) | loss: 1.149481 | lrm: 0.06 | dt: 19029.31ms | tok/sec: 27,551 | mfu: 0.00 | epoch: 1 | total time: 288.80m
step 00905 (96.95%) | loss: 1.153779 | lrm: 0.06 | dt: 19958.45ms | tok/sec: 26,268 | mfu: 0.00 | epoch: 1 | total time: 289.13m
step 00906 (97.06%) | loss: 1.163478 | lrm: 0.06 | dt: 19029.90ms | tok/sec: 27,550 | mfu: 0.00 | epoch: 1 | total time: 289.45m
step 00907 (97.17%) | loss: 1.164539 | lrm: 0.06 | dt: 19031.20ms | tok/sec: 27,548 | mfu: 0.00 | epoch: 1 | total time: 289.76m
step 00908 (97.28%) | loss: 1.179596 | lrm: 0.05 | dt: 19976.83ms | tok/sec: 26,244 | mfu: 0.00 | epoch: 1 | total time: 290.10m
step 00909 (97.38%) | loss: 1.153807 | lrm: 0.05 | dt: 19010.55ms | tok/sec: 27,578 | mfu: 0.00 | epoch: 1 | total time: 290.41m
step 00910 (97.49%) | loss: 1.135640 | lrm: 0.05 | dt: 19004.90ms | tok/sec: 27,586 | mfu: 0.00 | epoch: 1 | total time: 290.73m
step 00911 (97.60%) | loss: 1.138555 | lrm: 0.05 | dt: 19956.87ms | tok/sec: 26,271 | mfu: 0.00 | epoch: 1 | total time: 291.06m
step 00912 (97.71%) | loss: 1.132111 | lrm: 0.05 | dt: 19040.53ms | tok/sec: 27,535 | mfu: 0.00 | epoch: 1 | total time: 291.38m
step 00913 (97.82%) | loss: 1.107934 | lrm: 0.04 | dt: 19959.47ms | tok/sec: 26,267 | mfu: 0.00 | epoch: 1 | total time: 291.71m
step 00914 (97.93%) | loss: 1.128261 | lrm: 0.04 | dt: 19013.84ms | tok/sec: 27,574 | mfu: 0.00 | epoch: 1 | total time: 292.03m
step 00915 (98.03%) | loss: 1.136507 | lrm: 0.04 | dt: 19026.35ms | tok/sec: 27,555 | mfu: 0.00 | epoch: 1 | total time: 292.35m
step 00916 (98.14%) | loss: 1.151377 | lrm: 0.04 | dt: 19957.93ms | tok/sec: 26,269 | mfu: 0.00 | epoch: 1 | total time: 292.68m
step 00917 (98.24%) | loss: 1.165774 | lrm: 0.04 | dt: 19031.39ms | tok/sec: 27,548 | mfu: 0.00 | epoch: 1 | total time: 293.00m
step 00918 (98.35%) | loss: 1.147947 | lrm: 0.03 | dt: 19022.04ms | tok/sec: 27,562 | mfu: 0.00 | epoch: 1 | total time: 293.31m
step 00919 (98.45%) | loss: 1.150098 | lrm: 0.03 | dt: 19979.97ms | tok/sec: 26,240 | mfu: 0.00 | epoch: 1 | total time: 293.65m
step 00920 (98.56%) | loss: 1.144583 | lrm: 0.03 | dt: 19001.03ms | tok/sec: 27,592 | mfu: 0.00 | epoch: 1 | total time: 293.96m
step 00921 (98.66%) | loss: 1.147058 | lrm: 0.03 | dt: 19961.74ms | tok/sec: 26,264 | mfu: 0.00 | epoch: 1 | total time: 294.30m
step 00922 (98.77%) | loss: 1.140722 | lrm: 0.02 | dt: 19025.26ms | tok/sec: 27,557 | mfu: 0.00 | epoch: 1 | total time: 294.61m
step 00923 (98.88%) | loss: 1.137951 | lrm: 0.02 | dt: 19027.77ms | tok/sec: 27,553 | mfu: 0.00 | epoch: 1 | total time: 294.93m
step 00924 (98.99%) | loss: 1.121336 | lrm: 0.02 | dt: 19959.37ms | tok/sec: 26,267 | mfu: 0.00 | epoch: 1 | total time: 295.26m
step 00925 (99.10%) | loss: 1.099923 | lrm: 0.02 | dt: 19018.00ms | tok/sec: 27,567 | mfu: 0.00 | epoch: 1 | total time: 295.58m
step 00926 (99.20%) | loss: 1.103034 | lrm: 0.02 | dt: 19964.55ms | tok/sec: 26,260 | mfu: 0.00 | epoch: 1 | total time: 295.91m
step 00927 (99.31%) | loss: 1.094933 | lrm: 0.01 | dt: 18565.11ms | tok/sec: 28,240 | mfu: 0.00 | epoch: 1 | total time: 296.22m
step 00928 (99.42%) | loss: 1.092816 | lrm: 0.01 | dt: 19930.65ms | tok/sec: 26,305 | mfu: 0.00 | epoch: 1 | total time: 296.55m
step 00929 (99.52%) | loss: 1.092048 | lrm: 0.01 | dt: 19070.99ms | tok/sec: 27,491 | mfu: 0.00 | epoch: 1 | total time: 296.87m
step 00930 (99.63%) | loss: 1.119258 | lrm: 0.01 | dt: 19967.80ms | tok/sec: 26,256 | mfu: 0.00 | epoch: 1 | total time: 297.20m
step 00931 (99.74%) | loss: 1.142224 | lrm: 0.01 | dt: 19022.26ms | tok/sec: 27,561 | mfu: 0.00 | epoch: 1 | total time: 297.52m
step 00932 (99.85%) | loss: 1.160368 | lrm: 0.00 | dt: 19011.05ms | tok/sec: 27,578 | mfu: 0.00 | epoch: 1 | total time: 297.84m
step 00933 (99.95%) | loss: 1.148570 | lrm: 0.00 | dt: 19964.07ms | tok/sec: 26,261 | mfu: 0.00 | epoch: 1 | total time: 298.17m
step 00934 (100.06%) | loss: 1.148091 | lrm: -0.00 | dt: 19042.84ms | tok/sec: 27,532 | mfu: 0.00 | epoch: 2 | total time: 298.49m
Step 00934 | Validation bpb: 0.3562
Final: 893/2376 (37.58%)
  ARC-Easy: 37.58%
Final: 362/1172 (30.89%)
  ARC-Challenge: 30.89%
Final: 4428/14042 (31.53%)
  MMLU: 31.53%
[KRank 0 | 0/1 (0.00%)[KRank 0 | 0/2 (0.00%)[KRank 0 | 0/3 (0.00%)[KRank 0 | 0/4 (0.00%)[KRank 0 | 0/5 (0.00%)[KRank 0 | 0/6 (0.00%)[KRank 0 | 0/7 (0.00%)[KRank 0 | 0/8 (0.00%)[KRank 0 | 0/9 (0.00%)[KRank 0 | 0/10 (0.00%)[KRank 0 | 0/11 (0.00%)[KRank 0 | 0/12 (0.00%)[KRank 0 | 0/13 (0.00%)[KRank 0 | 0/14 (0.00%)[KRank 0 | 0/15 (0.00%)[KRank 0 | 0/16 (0.00%)[KRank 0 | 0/17 (0.00%)[KRank 0 | 0/18 (0.00%)[KRank 0 | 0/19 (0.00%)[KRank 0 | 0/20 (0.00%)[KRank 0 | 0/21 (0.00%)[KRank 0 | 0/22 (0.00%)[KRank 0 | 0/23 (0.00%)[KRank 0 | 0/24 (0.00%)
==================================================
Final: 0/24 (0.00%)
  GSM8K: 0.00%
[KRank 0 | 0/1 (0.00%)[KRank 0 | 0/2 (0.00%)[KRank 0 | 1/3 (33.33%)[KRank 0 | 1/4 (25.00%)[KRank 0 | 1/5 (20.00%)[KRank 0 | 1/6 (16.67%)[KRank 0 | 1/7 (14.29%)[KRank 0 | 1/8 (12.50%)[KRank 0 | 1/9 (11.11%)[KRank 0 | 1/10 (10.00%)[KRank 0 | 1/11 (9.09%)[KRank 0 | 1/12 (8.33%)[KRank 0 | 1/13 (7.69%)[KRank 0 | 1/14 (7.14%)[KRank 0 | 1/15 (6.67%)[KRank 0 | 2/16 (12.50%)[KRank 0 | 2/17 (11.76%)[KRank 0 | 2/18 (11.11%)[KRank 0 | 2/19 (10.53%)[KRank 0 | 2/20 (10.00%)[KRank 0 | 2/21 (9.52%)[KRank 0 | 2/22 (9.09%)[KRank 0 | 2/23 (8.70%)[KRank 0 | 2/24 (8.33%)
==================================================
Final: 2/24 (8.33%)
  HumanEval: 8.33%
Step 00934 | ChatCORE: 0.0833 | ChatCORE_cat: 0.1111
2026-09-25 15:50:53,692 - nanochat.checkpoint_manager - [32m[1mINFO[0m - Saved model parameters to: /home/wesley/.cache/nanochat/chatsft_checkpoints/d12/model_000934.pt
2026-09-25 15:50:53,693 - nanochat.checkpoint_manager - [32m[1mINFO[0m - Saved metadata to: /home/wesley/.cache/nanochat/chatsft_checkpoints/d12/meta_000934.json
2026-09-25 15:50:54,881 - nanochat.checkpoint_manager - [32m[1mINFO[0m - Saved optimizer state to: /home/wesley/.cache/nanochat/chatsft_checkpoints/d12/optim_000934_rank0.pt
Peak memory usage: 9454.88MiB
Total training time: 298.49m
Minimum validation bpb: 0.3562

===== 2026-09-25 15:50:55 chat eval
Autodetected device type: cuda
2026-09-25 15:50:57,611 - nanochat.common - [32m[1mINFO[0m - Distributed world size: 1
2026-09-25 15:50:57,611 - nanochat.checkpoint_manager - [32m[1mINFO[0m - Loading model from /home/wesley/.cache/nanochat/chatsft_checkpoints/d12 with step 934
2026-09-25 15:50:57,992 - nanochat.checkpoint_manager - [32m[1mINFO[0m - Building model with config: {'sequence_len': 2048, 'vocab_size': 32768, 'n_layer': 12, 'n_head': 6, 'n_kv_head': 6, 'n_embd': 768, 'window_pattern': 'SSSL'}
Final: 893/2376 (37.58%)
ARC-Easy accuracy: 37.58%
Final: 362/1172 (30.89%)
ARC-Challenge accuracy: 30.89%
Final: 4428/14042 (31.53%)
MMLU accuracy: 31.53%
[KRank 0 | 0/1 (0.00%)[KRank 0 | 0/2 (0.00%)[KRank 0 | 0/3 (0.00%)[KRank 0 | 0/4 (0.00%)[KRank 0 | 0/5 (0.00%)[KRank 0 | 0/6 (0.00%)[KRank 0 | 0/7 (0.00%)[KRank 0 | 0/8 (0.00%)[KRank 0 | 0/9 (0.00%)[KRank 0 | 0/10 (0.00%)[KRank 0 | 0/11 (0.00%)[KRank 0 | 0/12 (0.00%)[KRank 0 | 0/13 (0.00%)[KRank 0 | 0/14 (0.00%)[KRank 0 | 0/15 (0.00%)[KRank 0 | 0/16 (0.00%)[KRank 0 | 0/17 (0.00%)[KRank 0 | 0/18 (0.00%)[KRank 0 | 0/19 (0.00%)[KRank 0 | 0/20 (0.00%)[KRank 0 | 0/21 (0.00%)[KRank 0 | 0/22 (0.00%)[KRank 0 | 0/23 (0.00%)[KRank 0 | 0/24 (0.00%)[KRank 0 | 0/25 (0.00%)[KRank 0 | 0/26 (0.00%)[KRank 0 | 0/27 (0.00%)[KRank 0 | 0/28 (0.00%)[KRank 0 | 0/29 (0.00%)[KRank 0 | 0/30 (0.00%)[KRank 0 | 0/31 (0.00%)[KRank 0 | 0/32 (0.00%)[KRank 0 | 0/33 (0.00%)[KRank 0 | 0/34 (0.00%)[KRank 0 | 0/35 (0.00%)[KRank 0 | 0/36 (0.00%)[KRank 0 | 0/37 (0.00%)[KRank 0 | 0/38 (0.00%)[KRank 0 | 0/39 (0.00%)[KRank 0 | 0/40 (0.00%)[KRank 0 | 0/41 (0.00%)[KRank 0 | 0/42 (0.00%)[KRank 0 | 0/43 (0.00%)[KRank 0 | 0/44 (0.00%)[KRank 0 | 0/45 (0.00%)[KRank 0 | 0/46 (0.00%)[KRank 0 | 0/47 (0.00%)[KRank 0 | 0/48 (0.00%)[KRank 0 | 0/49 (0.00%)[KRank 0 | 0/50 (0.00%)[KRank 0 | 0/51 (0.00%)[KRank 0 | 0/52 (0.00%)[KRank 0 | 0/53 (0.00%)[KRank 0 | 0/54 (0.00%)[KRank 0 | 0/55 (0.00%)[KRank 0 | 0/56 (0.00%)[KRank 0 | 0/57 (0.00%)[KRank 0 | 0/58 (0.00%)[KRank 0 | 0/59 (0.00%)[KRank 0 | 0/60 (0.00%)[KRank 0 | 0/61 (0.00%)[KRank 0 | 0/62 (0.00%)[KRank 0 | 0/63 (0.00%)[KRank 0 | 0/64 (0.00%)[KRank 0 | 0/65 (0.00%)[KRank 0 | 0/66 (0.00%)[KRank 0 | 0/67 (0.00%)[KRank 0 | 0/68 (0.00%)[KRank 0 | 0/69 (0.00%)[KRank 0 | 0/70 (0.00%)[KRank 0 | 0/71 (0.00%)[KRank 0 | 0/72 (0.00%)[KRank 0 | 0/73 (0.00%)[KRank 0 | 0/74 (0.00%)[KRank 0 | 0/75 (0.00%)[KRank 0 | 0/76 (0.00%)[KRank 0 | 0/77 (0.00%)[KRank 0 | 0/78 (0.00%)[KRank 0 | 0/79 (0.00%)[KRank 0 | 0/80 (0.00%)[KRank 0 | 0/81 (0.00%)[KRank 0 | 0/82 (0.00%)[KRank 0 | 0/83 (0.00%)[KRank 0 | 0/84 (0.00%)[KRank 0 | 0/85 (0.00%)[KRank 0 | 0/86 (0.00%)[KRank 0 | 0/87 (0.00%)[KRank 0 | 0/88 (0.00%)[KRank 0 | 0/89 (0.00%)[KRank 0 | 0/90 (0.00%)[KRank 0 | 0/91 (0.00%)[KRank 0 | 0/92 (0.00%)[KRank 0 | 0/93 (0.00%)[KRank 0 | 0/94 (0.00%)[KRank 0 | 0/95 (0.00%)[KRank 0 | 0/96 (0.00%)[KRank 0 | 0/97 (0.00%)[KRank 0 | 0/98 (0.00%)[KRank 0 | 0/99 (0.00%)[KRank 0 | 0/100 (0.00%)[KRank 0 | 0/101 (0.00%)[KRank 0 | 0/102 (0.00%)[KRank 0 | 0/103 (0.00%)[KRank 0 | 0/104 (0.00%)[KRank 0 | 0/105 (0.00%)[KRank 0 | 0/106 (0.00%)[KRank 0 | 0/107 (0.00%)[KRank 0 | 0/108 (0.00%)[KRank 0 | 0/109 (0.00%)[KRank 0 | 0/110 (0.00%)[KRank 0 | 0/111 (0.00%)[KRank 0 | 0/112 (0.00%)[KRank 0 | 0/113 (0.00%)[KRank 0 | 0/114 (0.00%)[KRank 0 | 0/115 (0.00%)[KRank 0 | 1/116 (0.86%)[KRank 0 | 1/117 (0.85%)[KRank 0 | 1/118 (0.85%)[KRank 0 | 1/119 (0.84%)[KRank 0 | 1/120 (0.83%)[KRank 0 | 1/121 (0.83%)[KRank 0 | 1/122 (0.82%)[KRank 0 | 1/123 (0.81%)[KRank 0 | 1/124 (0.81%)[KRank 0 | 1/125 (0.80%)[KRank 0 | 1/126 (0.79%)[KRank 0 | 1/127 (0.79%)[KRank 0 | 1/128 (0.78%)[KRank 0 | 2/129 (1.55%)[KRank 0 | 2/130 (1.54%)[KRank 0 | 2/131 (1.53%)[KRank 0 | 2/132 (1.52%)[KRank 0 | 2/133 (1.50%)[KRank 0 | 2/134 (1.49%)[KRank 0 | 2/135 (1.48%)[KRank 0 | 2/136 (1.47%)[KRank 0 | 2/137 (1.46%)[KRank 0 | 2/138 (1.45%)[KRank 0 | 2/139 (1.44%)[KRank 0 | 2/140 (1.43%)[KRank 0 | 2/141 (1.42%)[KRank 0 | 2/142 (1.41%)[KRank 0 | 2/143 (1.40%)[KRank 0 | 2/144 (1.39%)[KRank 0 | 2/145 (1.38%)[KRank 0 | 2/146 (1.37%)[KRank 0 | 2/147 (1.36%)[KRank 0 | 2/148 (1.35%)[KRank 0 | 2/149 (1.34%)[KRank 0 | 2/150 (1.33%)[KRank 0 | 2/151 (1.32%)[KRank 0 | 2/152 (1.32%)[KRank 0 | 2/153 (1.31%)[KRank 0 | 2/154 (1.30%)[KRank 0 | 2/155 (1.29%)[KRank 0 | 2/156 (1.28%)[KRank 0 | 2/157 (1.27%)[KRank 0 | 2/158 (1.27%)[KRank 0 | 2/159 (1.26%)[KRank 0 | 2/160 (1.25%)[KRank 0 | 2/161 (1.24%)[KRank 0 | 2/162 (1.23%)[KRank 0 | 2/163 (1.23%)[KRank 0 | 2/164 (1.22%)[KRank 0 | 2/165 (1.21%)[KRank 0 | 2/166 (1.20%)[KRank 0 | 2/167 (1.20%)[KRank 0 | 2/168 (1.19%)[KRank 0 | 2/169 (1.18%)[KRank 0 | 2/170 (1.18%)[KRank 0 | 2/171 (1.17%)[KRank 0 | 2/172 (1.16%)[KRank 0 | 2/173 (1.16%)[KRank 0 | 2/174 (1.15%)[KRank 0 | 2/175 (1.14%)[KRank 0 | 2/176 (1.14%)[KRank 0 | 2/177 (1.13%)[KRank 0 | 2/178 (1.12%)[KRank 0 | 2/179 (1.12%)[KRank 0 | 2/180 (1.11%)[KRank 0 | 2/181 (1.10%)[KRank 0 | 2/182 (1.10%)[KRank 0 | 2/183 (1.09%)[KRank 0 | 2/184 (1.09%)[KRank 0 | 2/185 (1.08%)[KRank 0 | 2/186 (1.08%)[KRank 0 | 2/187 (1.07%)[KRank 0 | 2/188 (1.06%)[KRank 0 | 2/189 (1.06%)[KRank 0 | 2/190 (1.05%)[KRank 0 | 2/191 (1.05%)[KRank 0 | 2/192 (1.04%)[KRank 0 | 2/193 (1.04%)[KRank 0 | 2/194 (1.03%)[KRank 0 | 2/195 (1.03%)[KRank 0 | 2/196 (1.02%)[KRank 0 | 2/197 (1.02%)[KRank 0 | 2/198 (1.01%)[KRank 0 | 2/199 (1.01%)[KRank 0 | 2/200 (1.00%)[KRank 0 | 2/201 (1.00%)[KRank 0 | 2/202 (0.99%)[KRank 0 | 2/203 (0.99%)[KRank 0 | 2/204 (0.98%)[KRank 0 | 2/205 (0.98%)[KRank 0 | 2/206 (0.97%)[KRank 0 | 2/207 (0.97%)[KRank 0 | 2/208 (0.96%)[KRank 0 | 2/209 (0.96%)[KRank 0 | 2/210 (0.95%)[KRank 0 | 2/211 (0.95%)[KRank 0 | 2/212 (0.94%)[KRank 0 | 2/213 (0.94%)[KRank 0 | 2/214 (0.93%)[KRank 0 | 2/215 (0.93%)[KRank 0 | 2/216 (0.93%)[KRank 0 | 2/217 (0.92%)[KRank 0 | 2/218 (0.92%)[KRank 0 | 2/219 (0.91%)[KRank 0 | 2/220 (0.91%)[KRank 0 | 2/221 (0.90%)[KRank 0 | 2/222 (0.90%)[KRank 0 | 2/223 (0.90%)[KRank 0 | 3/224 (1.34%)[KRank 0 | 3/225 (1.33%)[KRank 0 | 3/226 (1.33%)[KRank 0 | 3/227 (1.32%)[KRank 0 | 3/228 (1.32%)[KRank 0 | 3/229 (1.31%)[KRank 0 | 3/230 (1.30%)[KRank 0 | 3/231 (1.30%)[KRank 0 | 3/232 (1.29%)[KRank 0 | 3/233 (1.29%)[KRank 0 | 3/234 (1.28%)[KRank 0 | 3/235 (1.28%)[KRank 0 | 3/236 (1.27%)[KRank 0 | 3/237 (1.27%)[KRank 0 | 3/238 (1.26%)[KRank 0 | 3/239 (1.26%)[KRank 0 | 3/240 (1.25%)[KRank 0 | 3/241 (1.24%)[KRank 0 | 3/242 (1.24%)[KRank 0 | 3/243 (1.23%)[KRank 0 | 3/244 (1.23%)[KRank 0 | 3/245 (1.22%)[KRank 0 | 3/246 (1.22%)[KRank 0 | 3/247 (1.21%)[KRank 0 | 3/248 (1.21%)[KRank 0 | 3/249 (1.20%)[KRank 0 | 3/250 (1.20%)[KRank 0 | 3/251 (1.20%)[KRank 0 | 3/252 (1.19%)[KRank 0 | 3/253 (1.19%)[KRank 0 | 3/254 (1.18%)[KRank 0 | 3/255 (1.18%)[KRank 0 | 3/256 (1.17%)[KRank 0 | 3/257 (1.17%)[KRank 0 | 3/258 (1.16%)[KRank 0 | 3/259 (1.16%)[KRank 0 | 3/260 (1.15%)[KRank 0 | 3/261 (1.15%)[KRank 0 | 3/262 (1.15%)[KRank 0 | 3/263 (1.14%)[KRank 0 | 3/264 (1.14%)[KRank 0 | 3/265 (1.13%)[KRank 0 | 3/266 (1.13%)[KRank 0 | 3/267 (1.12%)[KRank 0 | 3/268 (1.12%)[KRank 0 | 3/269 (1.12%)[KRank 0 | 3/270 (1.11%)[KRank 0 | 3/271 (1.11%)[KRank 0 | 3/272 (1.10%)[KRank 0 | 3/273 (1.10%)[KRank 0 | 3/274 (1.09%)[KRank 0 | 3/275 (1.09%)[KRank 0 | 3/276 (1.09%)[KRank 0 | 3/277 (1.08%)[KRank 0 | 3/278 (1.08%)[KRank 0 | 4/279 (1.43%)[KRank 0 | 4/280 (1.43%)[KRank 0 | 4/281 (1.42%)[KRank 0 | 4/282 (1.42%)[KRank 0 | 4/283 (1.41%)[KRank 0 | 4/284 (1.41%)[KRank 0 | 4/285 (1.40%)[KRank 0 | 4/286 (1.40%)[KRank 0 | 4/287 (1.39%)[KRank 0 | 4/288 (1.39%)[KRank 0 | 4/289 (1.38%)[KRank 0 | 4/290 (1.38%)[KRank 0 | 4/291 (1.37%)[KRank 0 | 4/292 (1.37%)[KRank 0 | 4/293 (1.37%)[KRank 0 | 4/294 (1.36%)[KRank 0 | 4/295 (1.36%)[KRank 0 | 4/296 (1.35%)[KRank 0 | 4/297 (1.35%)[KRank 0 | 4/298 (1.34%)[KRank 0 | 4/299 (1.34%)[KRank 0 | 5/300 (1.67%)[KRank 0 | 5/301 (1.66%)[KRank 0 | 5/302 (1.66%)[KRank 0 | 5/303 (1.65%)[KRank 0 | 5/304 (1.64%)[KRank 0 | 5/305 (1.64%)[KRank 0 | 5/306 (1.63%)[KRank 0 | 5/307 (1.63%)[KRank 0 | 5/308 (1.62%)[KRank 0 | 5/309 (1.62%)[KRank 0 | 5/310 (1.61%)[KRank 0 | 5/311 (1.61%)[KRank 0 | 5/312 (1.60%)[KRank 0 | 5/313 (1.60%)[KRank 0 | 5/314 (1.59%)[KRank 0 | 5/315 (1.59%)[KRank 0 | 5/316 (1.58%)[KRank 0 | 5/317 (1.58%)[KRank 0 | 5/318 (1.57%)[KRank 0 | 5/319 (1.57%)[KRank 0 | 5/320 (1.56%)[KRank 0 | 5/321 (1.56%)[KRank 0 | 5/322 (1.55%)[KRank 0 | 5/323 (1.55%)[KRank 0 | 5/324 (1.54%)[KRank 0 | 5/325 (1.54%)[KRank 0 | 5/326 (1.53%)[KRank 0 | 5/327 (1.53%)[KRank 0 | 5/328 (1.52%)[KRank 0 | 5/329 (1.52%)[KRank 0 | 5/330 (1.52%)[KRank 0 | 5/331 (1.51%)[KRank 0 | 5/332 (1.51%)[KRank 0 | 5/333 (1.50%)[KRank 0 | 5/334 (1.50%)[KRank 0 | 5/335 (1.49%)[KRank 0 | 5/336 (1.49%)[KRank 0 | 5/337 (1.48%)[KRank 0 | 5/338 (1.48%)[KRank 0 | 5/339 (1.47%)[KRank 0 | 5/340 (1.47%)[KRank 0 | 5/341 (1.47%)[KRank 0 | 5/342 (1.46%)[KRank 0 | 5/343 (1.46%)[KRank 0 | 5/344 (1.45%)[KRank 0 | 5/345 (1.45%)[KRank 0 | 5/346 (1.45%)[KRank 0 | 5/347 (1.44%)[KRank 0 | 5/348 (1.44%)[KRank 0 | 5/349 (1.43%)[KRank 0 | 5/350 (1.43%)[KRank 0 | 5/351 (1.42%)[KRank 0 | 5/352 (1.42%)[KRank 0 | 5/353 (1.42%)[KRank 0 | 5/354 (1.41%)[KRank 0 | 5/355 (1.41%)[KRank 0 | 5/356 (1.40%)[KRank 0 | 5/357 (1.40%)[KRank 0 | 5/358 (1.40%)[KRank 0 | 5/359 (1.39%)[KRank 0 | 5/360 (1.39%)[KRank 0 | 5/361 (1.39%)[KRank 0 | 5/362 (1.38%)[KRank 0 | 5/363 (1.38%)[KRank 0 | 5/364 (1.37%)[KRank 0 | 5/365 (1.37%)[KRank 0 | 5/366 (1.37%)[KRank 0 | 5/367 (1.36%)[KRank 0 | 5/368 (1.36%)[KRank 0 | 5/369 (1.36%)[KRank 0 | 5/370 (1.35%)[KRank 0 | 5/371 (1.35%)[KRank 0 | 5/372 (1.34%)[KRank 0 | 5/373 (1.34%)[KRank 0 | 5/374 (1.34%)[KRank 0 | 5/375 (1.33%)[KRank 0 | 5/376 (1.33%)[KRank 0 | 5/377 (1.33%)[KRank 0 | 5/378 (1.32%)[KRank 0 | 5/379 (1.32%)[KRank 0 | 5/380 (1.32%)[KRank 0 | 5/381 (1.31%)[KRank 0 | 5/382 (1.31%)[KRank 0 | 5/383 (1.31%)[KRank 0 | 5/384 (1.30%)[KRank 0 | 5/385 (1.30%)[KRank 0 | 5/386 (1.30%)[KRank 0 | 5/387 (1.29%)[KRank 0 | 5/388 (1.29%)[KRank 0 | 5/389 (1.29%)[KRank 0 | 5/390 (1.28%)[KRank 0 | 5/391 (1.28%)[KRank 0 | 5/392 (1.28%)[KRank 0 | 5/393 (1.27%)[KRank 0 | 5/394 (1.27%)[KRank 0 | 5/395 (1.27%)[KRank 0 | 5/396 (1.26%)[KRank 0 | 5/397 (1.26%)[KRank 0 | 5/398 (1.26%)[KRank 0 | 5/399 (1.25%)[KRank 0 | 5/400 (1.25%)[KRank 0 | 5/401 (1.25%)[KRank 0 | 5/402 (1.24%)[KRank 0 | 5/403 (1.24%)[KRank 0 | 5/404 (1.24%)[KRank 0 | 5/405 (1.23%)[KRank 0 | 5/406 (1.23%)[KRank 0 | 5/407 (1.23%)[KRank 0 | 5/408 (1.23%)[KRank 0 | 5/409 (1.22%)[KRank 0 | 5/410 (1.22%)[KRank 0 | 5/411 (1.22%)[KRank 0 | 5/412 (1.21%)[KRank 0 | 5/413 (1.21%)[KRank 0 | 5/414 (1.21%)[KRank 0 | 5/415 (1.20%)[KRank 0 | 5/416 (1.20%)[KRank 0 | 5/417 (1.20%)[KRank 0 | 5/418 (1.20%)[KRank 0 | 5/419 (1.19%)[KRank 0 | 5/420 (1.19%)[KRank 0 | 5/421 (1.19%)[KRank 0 | 5/422 (1.18%)[KRank 0 | 5/423 (1.18%)[KRank 0 | 5/424 (1.18%)[KRank 0 | 5/425 (1.18%)[KRank 0 | 5/426 (1.17%)[KRank 0 | 5/427 (1.17%)[KRank 0 | 5/428 (1.17%)[KRank 0 | 5/429 (1.17%)[KRank 0 | 5/430 (1.16%)[KRank 0 | 5/431 (1.16%)[KRank 0 | 5/432 (1.16%)[KRank 0 | 5/433 (1.15%)[KRank 0 | 5/434 (1.15%)[KRank 0 | 5/435 (1.15%)[KRank 0 | 5/436 (1.15%)[KRank 0 | 5/437 (1.14%)[KRank 0 | 5/438 (1.14%)[KRank 0 | 5/439 (1.14%)[KRank 0 | 5/440 (1.14%)[KRank 0 | 5/441 (1.13%)[KRank 0 | 5/442 (1.13%)[KRank 0 | 5/443 (1.13%)[KRank 0 | 5/444 (1.13%)[KRank 0 | 5/445 (1.12%)[KRank 0 | 5/446 (1.12%)[KRank 0 | 5/447 (1.12%)[KRank 0 | 5/448 (1.12%)[KRank 0 | 5/449 (1.11%)[KRank 0 | 5/450 (1.11%)[KRank 0 | 5/451 (1.11%)[KRank 0 | 5/452 (1.11%)[KRank 0 | 5/453 (1.10%)[KRank 0 | 5/454 (1.10%)[KRank 0 | 5/455 (1.10%)[KRank 0 | 5/456 (1.10%)[KRank 0 | 5/457 (1.09%)[KRank 0 | 5/458 (1.09%)[KRank 0 | 5/459 (1.09%)[KRank 0 | 5/460 (1.09%)[KRank 0 | 5/461 (1.08%)[KRank 0 | 5/462 (1.08%)[KRank 0 | 5/463 (1.08%)[KRank 0 | 5/464 (1.08%)[KRank 0 | 5/465 (1.08%)[KRank 0 | 5/466 (1.07%)[KRank 0 | 5/467 (1.07%)[KRank 0 | 5/468 (1.07%)[KRank 0 | 5/469 (1.07%)[KRank 0 | 5/470 (1.06%)[KRank 0 | 5/471 (1.06%)[KRank 0 | 5/472 (1.06%)[KRank 0 | 5/473 (1.06%)[KRank 0 | 5/474 (1.05%)[KRank 0 | 5/475 (1.05%)[KRank 0 | 5/476 (1.05%)[KRank 0 | 5/477 (1.05%)[KRank 0 | 5/478 (1.05%)[KRank 0 | 5/479 (1.04%)[KRank 0 | 5/480 (1.04%)[KRank 0 | 5/481 (1.04%)[KRank 0 | 5/482 (1.04%)[KRank 0 | 5/483 (1.04%)[KRank 0 | 5/484 (1.03%)[KRank 0 | 5/485 (1.03%)[KRank 0 | 5/486 (1.03%)[KRank 0 | 5/487 (1.03%)[KRank 0 | 5/488 (1.02%)[KRank 0 | 5/489 (1.02%)[KRank 0 | 5/490 (1.02%)[KRank 0 | 5/491 (1.02%)[KRank 0 | 5/492 (1.02%)[KRank 0 | 5/493 (1.01%)[KRank 0 | 5/494 (1.01%)[KRank 0 | 5/495 (1.01%)[KRank 0 | 5/496 (1.01%)[KRank 0 | 5/497 (1.01%)[KRank 0 | 5/498 (1.00%)[KRank 0 | 5/499 (1.00%)[KRank 0 | 5/500 (1.00%)[KRank 0 | 5/501 (1.00%)[KRank 0 | 5/502 (1.00%)[KRank 0 | 5/503 (0.99%)[KRank 0 | 5/504 (0.99%)[KRank 0 | 5/505 (0.99%)[KRank 0 | 5/506 (0.99%)[KRank 0 | 5/507 (0.99%)[KRank 0 | 5/508 (0.98%)[KRank 0 | 5/509 (0.98%)[KRank 0 | 5/510 (0.98%)[KRank 0 | 6/511 (1.17%)[KRank 0 | 6/512 (1.17%)[KRank 0 | 6/513 (1.17%)[KRank 0 | 6/514 (1.17%)[KRank 0 | 6/515 (1.17%)[KRank 0 | 6/516 (1.16%)[KRank 0 | 6/517 (1.16%)[KRank 0 | 6/518 (1.16%)[KRank 0 | 6/519 (1.16%)[KRank 0 | 6/520 (1.15%)[KRank 0 | 6/521 (1.15%)[KRank 0 | 6/522 (1.15%)[KRank 0 | 6/523 (1.15%)[KRank 0 | 6/524 (1.15%)[KRank 0 | 6/525 (1.14%)[KRank 0 | 6/526 (1.14%)[KRank 0 | 6/527 (1.14%)[KRank 0 | 6/528 (1.14%)[KRank 0 | 6/529 (1.13%)[KRank 0 | 6/530 (1.13%)[KRank 0 | 6/531 (1.13%)[KRank 0 | 6/532 (1.13%)[KRank 0 | 6/533 (1.13%)[KRank 0 | 6/534 (1.12%)[KRank 0 | 6/535 (1.12%)[KRank 0 | 6/536 (1.12%)[KRank 0 | 6/537 (1.12%)[KRank 0 | 6/538 (1.12%)[KRank 0 | 6/539 (1.11%)[KRank 0 | 6/540 (1.11%)[KRank 0 | 6/541 (1.11%)[KRank 0 | 6/542 (1.11%)[KRank 0 | 6/543 (1.10%)[KRank 0 | 6/544 (1.10%)[KRank 0 | 6/545 (1.10%)[KRank 0 | 6/546 (1.10%)[KRank 0 | 6/547 (1.10%)[KRank 0 | 6/548 (1.09%)[KRank 0 | 6/549 (1.09%)[KRank 0 | 6/550 (1.09%)[KRank 0 | 6/551 (1.09%)[KRank 0 | 6/552 (1.09%)[KRank 0 | 6/553 (1.08%)[KRank 0 | 6/554 (1.08%)[KRank 0 | 6/555 (1.08%)[KRank 0 | 6/556 (1.08%)[KRank 0 | 6/557 (1.08%)[KRank 0 | 6/558 (1.08%)[KRank 0 | 6/559 (1.07%)[KRank 0 | 6/560 (1.07%)[KRank 0 | 6/561 (1.07%)[KRank 0 | 6/562 (1.07%)[KRank 0 | 6/563 (1.07%)[KRank 0 | 6/564 (1.06%)[KRank 0 | 6/565 (1.06%)[KRank 0 | 6/566 (1.06%)[KRank 0 | 7/567 (1.23%)[KRank 0 | 7/568 (1.23%)[KRank 0 | 7/569 (1.23%)[KRank 0 | 7/570 (1.23%)[KRank 0 | 7/571 (1.23%)[KRank 0 | 7/572 (1.22%)[KRank 0 | 7/573 (1.22%)[KRank 0 | 7/574 (1.22%)[KRank 0 | 7/575 (1.22%)[KRank 0 | 7/576 (1.22%)[KRank 0 | 7/577 (1.21%)[KRank 0 | 7/578 (1.21%)[KRank 0 | 7/579 (1.21%)[KRank 0 | 7/580 (1.21%)[KRank 0 | 7/581 (1.20%)[KRank 0 | 7/582 (1.20%)[KRank 0 | 7/583 (1.20%)[KRank 0 | 7/584 (1.20%)[KRank 0 | 7/585 (1.20%)[KRank 0 | 7/586 (1.19%)[KRank 0 | 7/587 (1.19%)[KRank 0 | 7/588 (1.19%)[KRank 0 | 7/589 (1.19%)[KRank 0 | 7/590 (1.19%)[KRank 0 | 7/591 (1.18%)[KRank 0 | 7/592 (1.18%)[KRank 0 | 7/593 (1.18%)[KRank 0 | 7/594 (1.18%)[KRank 0 | 7/595 (1.18%)[KRank 0 | 7/596 (1.17%)[KRank 0 | 7/597 (1.17%)[KRank 0 | 7/598 (1.17%)[KRank 0 | 7/599 (1.17%)[KRank 0 | 7/600 (1.17%)[KRank 0 | 7/601 (1.16%)[KRank 0 | 7/602 (1.16%)[KRank 0 | 7/603 (1.16%)[KRank 0 | 7/604 (1.16%)[KRank 0 | 7/605 (1.16%)[KRank 0 | 7/606 (1.16%)[KRank 0 | 7/607 (1.15%)[KRank 0 | 7/608 (1.15%)[KRank 0 | 7/609 (1.15%)[KRank 0 | 7/610 (1.15%)[KRank 0 | 7/611 (1.15%)[KRank 0 | 7/612 (1.14%)[KRank 0 | 7/613 (1.14%)[KRank 0 | 7/614 (1.14%)[KRank 0 | 7/615 (1.14%)[KRank 0 | 7/616 (1.14%)[KRank 0 | 7/617 (1.13%)[KRank 0 | 7/618 (1.13%)[KRank 0 | 7/619 (1.13%)[KRank 0 | 7/620 (1.13%)[KRank 0 | 7/621 (1.13%)[KRank 0 | 7/622 (1.13%)[KRank 0 | 7/623 (1.12%)[KRank 0 | 7/624 (1.12%)[KRank 0 | 7/625 (1.12%)[KRank 0 | 7/626 (1.12%)[KRank 0 | 7/627 (1.12%)[KRank 0 | 7/628 (1.11%)[KRank 0 | 7/629 (1.11%)[KRank 0 | 7/630 (1.11%)[KRank 0 | 7/631 (1.11%)[KRank 0 | 7/632 (1.11%)[KRank 0 | 7/633 (1.11%)[KRank 0 | 7/634 (1.10%)[KRank 0 | 7/635 (1.10%)[KRank 0 | 7/636 (1.10%)[KRank 0 | 7/637 (1.10%)[KRank 0 | 7/638 (1.10%)[KRank 0 | 7/639 (1.10%)[KRank 0 | 7/640 (1.09%)[KRank 0 | 7/641 (1.09%)[KRank 0 | 7/642 (1.09%)[KRank 0 | 7/643 (1.09%)[KRank 0 | 7/644 (1.09%)[KRank 0 | 7/645 (1.09%)[KRank 0 | 7/646 (1.08%)[KRank 0 | 7/647 (1.08%)[KRank 0 | 7/648 (1.08%)[KRank 0 | 7/649 (1.08%)[KRank 0 | 7/650 (1.08%)[KRank 0 | 7/651 (1.08%)[KRank 0 | 7/652 (1.07%)[KRank 0 | 7/653 (1.07%)[KRank 0 | 7/654 (1.07%)[KRank 0 | 7/655 (1.07%)[KRank 0 | 7/656 (1.07%)[KRank 0 | 7/657 (1.07%)[KRank 0 | 7/658 (1.06%)[KRank 0 | 7/659 (1.06%)[KRank 0 | 7/660 (1.06%)[KRank 0 | 7/661 (1.06%)[KRank 0 | 7/662 (1.06%)[KRank 0 | 7/663 (1.06%)[KRank 0 | 7/664 (1.05%)[KRank 0 | 7/665 (1.05%)[KRank 0 | 7/666 (1.05%)[KRank 0 | 7/667 (1.05%)[KRank 0 | 7/668 (1.05%)[KRank 0 | 7/669 (1.05%)[KRank 0 | 7/670 (1.04%)[KRank 0 | 7/671 (1.04%)[KRank 0 | 7/672 (1.04%)[KRank 0 | 7/673 (1.04%)[KRank 0 | 7/674 (1.04%)[KRank 0 | 7/675 (1.04%)[KRank 0 | 7/676 (1.04%)[KRank 0 | 7/677 (1.03%)[KRank 0 | 7/678 (1.03%)[KRank 0 | 8/679 (1.18%)[KRank 0 | 8/680 (1.18%)[KRank 0 | 8/681 (1.17%)[KRank 0 | 8/682 (1.17%)[KRank 0 | 8/683 (1.17%)[KRank 0 | 8/684 (1.17%)[KRank 0 | 8/685 (1.17%)[KRank 0 | 8/686 (1.17%)[KRank 0 | 8/687 (1.16%)[KRank 0 | 8/688 (1.16%)[KRank 0 | 8/689 (1.16%)[KRank 0 | 8/690 (1.16%)[KRank 0 | 9/691 (1.30%)[KRank 0 | 9/692 (1.30%)[KRank 0 | 9/693 (1.30%)[KRank 0 | 9/694 (1.30%)[KRank 0 | 9/695 (1.29%)[KRank 0 | 9/696 (1.29%)[KRank 0 | 9/697 (1.29%)[KRank 0 | 9/698 (1.29%)[KRank 0 | 9/699 (1.29%)[KRank 0 | 9/700 (1.29%)[KRank 0 | 9/701 (1.28%)[KRank 0 | 9/702 (1.28%)[KRank 0 | 9/703 (1.28%)[KRank 0 | 9/704 (1.28%)[KRank 0 | 9/705 (1.28%)[KRank 0 | 9/706 (1.27%)[KRank 0 | 9/707 (1.27%)[KRank 0 | 9/708 (1.27%)[KRank 0 | 9/709 (1.27%)[KRank 0 | 9/710 (1.27%)[KRank 0 | 9/711 (1.27%)[KRank 0 | 9/712 (1.26%)[KRank 0 | 9/713 (1.26%)[KRank 0 | 9/714 (1.26%)[KRank 0 | 9/715 (1.26%)[KRank 0 | 9/716 (1.26%)[KRank 0 | 9/717 (1.26%)[KRank 0 | 9/718 (1.25%)[KRank 0 | 9/719 (1.25%)[KRank 0 | 9/720 (1.25%)[KRank 0 | 9/721 (1.25%)[KRank 0 | 9/722 (1.25%)[KRank 0 | 9/723 (1.24%)[KRank 0 | 9/724 (1.24%)[KRank 0 | 9/725 (1.24%)[KRank 0 | 9/726 (1.24%)[KRank 0 | 9/727 (1.24%)[KRank 0 | 9/728 (1.24%)[KRank 0 | 9/729 (1.23%)[KRank 0 | 9/730 (1.23%)[KRank 0 | 9/731 (1.23%)[KRank 0 | 9/732 (1.23%)[KRank 0 | 9/733 (1.23%)[KRank 0 | 9/734 (1.23%)[KRank 0 | 9/735 (1.22%)[KRank 0 | 9/736 (1.22%)[KRank 0 | 9/737 (1.22%)[KRank 0 | 9/738 (1.22%)[KRank 0 | 9/739 (1.22%)[KRank 0 | 9/740 (1.22%)[KRank 0 | 9/741 (1.21%)[KRank 0 | 9/742 (1.21%)[KRank 0 | 9/743 (1.21%)[KRank 0 | 9/744 (1.21%)[KRank 0 | 9/745 (1.21%)[KRank 0 | 9/746 (1.21%)[KRank 0 | 9/747 (1.20%)[KRank 0 | 9/748 (1.20%)[KRank 0 | 9/749 (1.20%)[KRank 0 | 9/750 (1.20%)[KRank 0 | 9/751 (1.20%)[KRank 0 | 9/752 (1.20%)[KRank 0 | 9/753 (1.20%)[KRank 0 | 9/754 (1.19%)[KRank 0 | 9/755 (1.19%)[KRank 0 | 9/756 (1.19%)[KRank 0 | 9/757 (1.19%)[KRank 0 | 9/758 (1.19%)[KRank 0 | 9/759 (1.19%)[KRank 0 | 9/760 (1.18%)[KRank 0 | 9/761 (1.18%)[KRank 0 | 9/762 (1.18%)[KRank 0 | 9/763 (1.18%)[KRank 0 | 9/764 (1.18%)[KRank 0 | 9/765 (1.18%)[KRank 0 | 9/766 (1.17%)[KRank 0 | 9/767 (1.17%)[KRank 0 | 9/768 (1.17%)[KRank 0 | 9/769 (1.17%)[KRank 0 | 9/770 (1.17%)[KRank 0 | 9/771 (1.17%)[KRank 0 | 9/772 (1.17%)[KRank 0 | 9/773 (1.16%)[KRank 0 | 9/774 (1.16%)[KRank 0 | 9/775 (1.16%)[KRank 0 | 9/776 (1.16%)[KRank 0 | 9/777 (1.16%)[KRank 0 | 9/778 (1.16%)[KRank 0 | 9/779 (1.16%)[KRank 0 | 9/780 (1.15%)[KRank 0 | 9/781 (1.15%)[KRank 0 | 9/782 (1.15%)[KRank 0 | 9/783 (1.15%)[KRank 0 | 9/784 (1.15%)[KRank 0 | 9/785 (1.15%)[KRank 0 | 9/786 (1.15%)[KRank 0 | 9/787 (1.14%)[KRank 0 | 9/788 (1.14%)[KRank 0 | 9/789 (1.14%)[KRank 0 | 10/790 (1.27%)[KRank 0 | 10/791 (1.26%)[KRank 0 | 10/792 (1.26%)[KRank 0 | 10/793 (1.26%)[KRank 0 | 10/794 (1.26%)[KRank 0 | 10/795 (1.26%)[KRank 0 | 10/796 (1.26%)[KRank 0 | 10/797 (1.25%)[KRank 0 | 10/798 (1.25%)[KRank 0 | 10/799 (1.25%)[KRank 0 | 10/800 (1.25%)[KRank 0 | 10/801 (1.25%)[KRank 0 | 10/802 (1.25%)[KRank 0 | 10/803 (1.25%)[KRank 0 | 10/804 (1.24%)[KRank 0 | 10/805 (1.24%)[KRank 0 | 10/806 (1.24%)[KRank 0 | 10/807 (1.24%)[KRank 0 | 10/808 (1.24%)[KRank 0 | 10/809 (1.24%)[KRank 0 | 10/810 (1.23%)[KRank 0 | 10/811 (1.23%)[KRank 0 | 10/812 (1.23%)[KRank 0 | 10/813 (1.23%)[KRank 0 | 10/814 (1.23%)[KRank 0 | 10/815 (1.23%)[KRank 0 | 10/816 (1.23%)[KRank 0 | 10/817 (1.22%)[KRank 0 | 11/818 (1.34%)[KRank 0 | 11/819 (1.34%)[KRank 0 | 12/820 (1.46%)[KRank 0 | 12/821 (1.46%)[KRank 0 | 12/822 (1.46%)[KRank 0 | 12/823 (1.46%)[KRank 0 | 12/824 (1.46%)[KRank 0 | 12/825 (1.45%)[KRank 0 | 12/826 (1.45%)[KRank 0 | 12/827 (1.45%)[KRank 0 | 12/828 (1.45%)[KRank 0 | 12/829 (1.45%)[KRank 0 | 12/830 (1.45%)[KRank 0 | 12/831 (1.44%)[KRank 0 | 12/832 (1.44%)[KRank 0 | 12/833 (1.44%)[KRank 0 | 12/834 (1.44%)[KRank 0 | 12/835 (1.44%)[KRank 0 | 12/836 (1.44%)[KRank 0 | 12/837 (1.43%)[KRank 0 | 12/838 (1.43%)[KRank 0 | 12/839 (1.43%)[KRank 0 | 12/840 (1.43%)[KRank 0 | 12/841 (1.43%)[KRank 0 | 12/842 (1.43%)[KRank 0 | 12/843 (1.42%)[KRank 0 | 12/844 (1.42%)[KRank 0 | 12/845 (1.42%)[KRank 0 | 12/846 (1.42%)[KRank 0 | 12/847 (1.42%)[KRank 0 | 12/848 (1.42%)[KRank 0 | 12/849 (1.41%)[KRank 0 | 12/850 (1.41%)[KRank 0 | 12/851 (1.41%)[KRank 0 | 12/852 (1.41%)[KRank 0 | 12/853 (1.41%)[KRank 0 | 12/854 (1.41%)[KRank 0 | 12/855 (1.40%)[KRank 0 | 12/856 (1.40%)[KRank 0 | 12/857 (1.40%)[KRank 0 | 12/858 (1.40%)[KRank 0 | 12/859 (1.40%)[KRank 0 | 12/860 (1.40%)[KRank 0 | 12/861 (1.39%)[KRank 0 | 12/862 (1.39%)[KRank 0 | 12/863 (1.39%)[KRank 0 | 12/864 (1.39%)[KRank 0 | 12/865 (1.39%)[KRank 0 | 12/866 (1.39%)[KRank 0 | 12/867 (1.38%)[KRank 0 | 12/868 (1.38%)[KRank 0 | 12/869 (1.38%)[KRank 0 | 12/870 (1.38%)[KRank 0 | 12/871 (1.38%)[KRank 0 | 12/872 (1.38%)[KRank 0 | 12/873 (1.37%)[KRank 0 | 12/874 (1.37%)[KRank 0 | 12/875 (1.37%)[KRank 0 | 12/876 (1.37%)[KRank 0 | 12/877 (1.37%)[KRank 0 | 12/878 (1.37%)[KRank 0 | 12/879 (1.37%)[KRank 0 | 12/880 (1.36%)[KRank 0 | 12/881 (1.36%)[KRank 0 | 12/882 (1.36%)[KRank 0 | 12/883 (1.36%)[KRank 0 | 12/884 (1.36%)[KRank 0 | 12/885 (1.36%)[KRank 0 | 12/886 (1.35%)[KRank 0 | 12/887 (1.35%)[KRank 0 | 12/888 (1.35%)[KRank 0 | 12/889 (1.35%)[KRank 0 | 12/890 (1.35%)[KRank 0 | 12/891 (1.35%)[KRank 0 | 12/892 (1.35%)[KRank 0 | 12/893 (1.34%)[KRank 0 | 12/894 (1.34%)[KRank 0 | 12/895 (1.34%)[KRank 0 | 12/896 (1.34%)[KRank 0 | 12/897 (1.34%)[KRank 0 | 12/898 (1.34%)[KRank 0 | 12/899 (1.33%)[KRank 0 | 12/900 (1.33%)[KRank 0 | 12/901 (1.33%)[KRank 0 | 12/902 (1.33%)[KRank 0 | 12/903 (1.33%)[KRank 0 | 12/904 (1.33%)[KRank 0 | 12/905 (1.33%)[KRank 0 | 12/906 (1.32%)[KRank 0 | 12/907 (1.32%)[KRank 0 | 12/908 (1.32%)[KRank 0 | 12/909 (1.32%)[KRank 0 | 12/910 (1.32%)[KRank 0 | 12/911 (1.32%)[KRank 0 | 12/912 (1.32%)[KRank 0 | 12/913 (1.31%)[KRank 0 | 12/914 (1.31%)[KRank 0 | 12/915 (1.31%)[KRank 0 | 12/916 (1.31%)[KRank 0 | 12/917 (1.31%)[KRank 0 | 12/918 (1.31%)[KRank 0 | 12/919 (1.31%)[KRank 0 | 12/920 (1.30%)[KRank 0 | 13/921 (1.41%)[KRank 0 | 13/922 (1.41%)[KRank 0 | 13/923 (1.41%)[KRank 0 | 13/924 (1.41%)[KRank 0 | 13/925 (1.41%)[KRank 0 | 13/926 (1.40%)[KRank 0 | 13/927 (1.40%)[KRank 0 | 13/928 (1.40%)[KRank 0 | 13/929 (1.40%)[KRank 0 | 13/930 (1.40%)[KRank 0 | 13/931 (1.40%)[KRank 0 | 13/932 (1.39%)[KRank 0 | 13/933 (1.39%)[KRank 0 | 13/934 (1.39%)[KRank 0 | 13/935 (1.39%)[KRank 0 | 13/936 (1.39%)[KRank 0 | 13/937 (1.39%)[KRank 0 | 13/938 (1.39%)[KRank 0 | 13/939 (1.38%)[KRank 0 | 13/940 (1.38%)[KRank 0 | 13/941 (1.38%)[KRank 0 | 13/942 (1.38%)[KRank 0 | 13/943 (1.38%)[KRank 0 | 13/944 (1.38%)[KRank 0 | 13/945 (1.38%)[KRank 0 | 13/946 (1.37%)[KRank 0 | 13/947 (1.37%)[KRank 0 | 13/948 (1.37%)[KRank 0 | 13/949 (1.37%)[KRank 0 | 13/950 (1.37%)[KRank 0 | 13/951 (1.37%)[KRank 0 | 13/952 (1.37%)[KRank 0 | 13/953 (1.36%)[KRank 0 | 13/954 (1.36%)[KRank 0 | 13/955 (1.36%)[KRank 0 | 13/956 (1.36%)[KRank 0 | 13/957 (1.36%)[KRank 0 | 13/958 (1.36%)[KRank 0 | 13/959 (1.36%)[KRank 0 | 13/960 (1.35%)[KRank 0 | 13/961 (1.35%)[KRank 0 | 13/962 (1.35%)[KRank 0 | 13/963 (1.35%)[KRank 0 | 13/964 (1.35%)[KRank 0 | 13/965 (1.35%)[KRank 0 | 13/966 (1.35%)[KRank 0 | 13/967 (1.34%)[KRank 0 | 13/968 (1.34%)[KRank 0 | 13/969 (1.34%)[KRank 0 | 14/970 (1.44%)[KRank 0 | 14/971 (1.44%)[KRank 0 | 14/972 (1.44%)[KRank 0 | 14/973 (1.44%)[KRank 0 | 14/974 (1.44%)[KRank 0 | 14/975 (1.44%)[KRank 0 | 14/976 (1.43%)[KRank 0 | 14/977 (1.43%)[KRank 0 | 14/978 (1.43%)[KRank 0 | 14/979 (1.43%)[KRank 0 | 14/980 (1.43%)[KRank 0 | 14/981 (1.43%)[KRank 0 | 14/982 (1.43%)[KRank 0 | 14/983 (1.42%)[KRank 0 | 14/984 (1.42%)[KRank 0 | 14/985 (1.42%)[KRank 0 | 14/986 (1.42%)[KRank 0 | 14/987 (1.42%)[KRank 0 | 14/988 (1.42%)[KRank 0 | 14/989 (1.42%)[KRank 0 | 14/990 (1.41%)[KRank 0 | 15/991 (1.51%)[KRank 0 | 15/992 (1.51%)[KRank 0 | 15/993 (1.51%)[KRank 0 | 15/994 (1.51%)[KRank 0 | 15/995 (1.51%)[KRank 0 | 15/996 (1.51%)[KRank 0 | 15/997 (1.50%)[KRank 0 | 15/998 (1.50%)[KRank 0 | 15/999 (1.50%)[KRank 0 | 15/1000 (1.50%)[KRank 0 | 15/1001 (1.50%)[KRank 0 | 15/1002 (1.50%)[KRank 0 | 15/1003 (1.50%)[KRank 0 | 15/1004 (1.49%)[KRank 0 | 15/1005 (1.49%)[KRank 0 | 15/1006 (1.49%)[KRank 0 | 15/1007 (1.49%)[KRank 0 | 15/1008 (1.49%)[KRank 0 | 15/1009 (1.49%)[KRank 0 | 15/1010 (1.49%)[KRank 0 | 15/1011 (1.48%)[KRank 0 | 15/1012 (1.48%)[KRank 0 | 15/1013 (1.48%)[KRank 0 | 15/1014 (1.48%)[KRank 0 | 15/1015 (1.48%)[KRank 0 | 15/1016 (1.48%)[KRank 0 | 15/1017 (1.47%)[KRank 0 | 15/1018 (1.47%)[KRank 0 | 15/1019 (1.47%)[KRank 0 | 15/1020 (1.47%)[KRank 0 | 15/1021 (1.47%)[KRank 0 | 15/1022 (1.47%)[KRank 0 | 15/1023 (1.47%)[KRank 0 | 15/1024 (1.46%)[KRank 0 | 15/1025 (1.46%)[KRank 0 | 15/1026 (1.46%)[KRank 0 | 15/1027 (1.46%)[KRank 0 | 15/1028 (1.46%)[KRank 0 | 15/1029 (1.46%)[KRank 0 | 15/1030 (1.46%)[KRank 0 | 15/1031 (1.45%)[KRank 0 | 15/1032 (1.45%)[KRank 0 | 15/1033 (1.45%)[KRank 0 | 15/1034 (1.45%)[KRank 0 | 15/1035 (1.45%)[KRank 0 | 15/1036 (1.45%)[KRank 0 | 15/1037 (1.45%)[KRank 0 | 15/1038 (1.45%)[KRank 0 | 15/1039 (1.44%)[KRank 0 | 15/1040 (1.44%)[KRank 0 | 15/1041 (1.44%)[KRank 0 | 15/1042 (1.44%)[KRank 0 | 15/1043 (1.44%)[KRank 0 | 15/1044 (1.44%)[KRank 0 | 15/1045 (1.44%)[KRank 0 | 15/1046 (1.43%)[KRank 0 | 15/1047 (1.43%)[KRank 0 | 15/1048 (1.43%)[KRank 0 | 15/1049 (1.43%)[KRank 0 | 15/1050 (1.43%)[KRank 0 | 15/1051 (1.43%)[KRank 0 | 15/1052 (1.43%)[KRank 0 | 15/1053 (1.42%)[KRank 0 | 15/1054 (1.42%)[KRank 0 | 15/1055 (1.42%)[KRank 0 | 15/1056 (1.42%)[KRank 0 | 15/1057 (1.42%)[KRank 0 | 15/1058 (1.42%)[KRank 0 | 15/1059 (1.42%)[KRank 0 | 15/1060 (1.42%)[KRank 0 | 15/1061 (1.41%)[KRank 0 | 16/1062 (1.51%)[KRank 0 | 16/1063 (1.51%)[KRank 0 | 16/1064 (1.50%)[KRank 0 | 16/1065 (1.50%)[KRank 0 | 16/1066 (1.50%)[KRank 0 | 16/1067 (1.50%)[KRank 0 | 16/1068 (1.50%)[KRank 0 | 16/1069 (1.50%)[KRank 0 | 16/1070 (1.50%)[KRank 0 | 16/1071 (1.49%)[KRank 0 | 16/1072 (1.49%)[KRank 0 | 16/1073 (1.49%)[KRank 0 | 16/1074 (1.49%)[KRank 0 | 16/1075 (1.49%)[KRank 0 | 16/1076 (1.49%)[KRank 0 | 16/1077 (1.49%)[KRank 0 | 16/1078 (1.48%)[KRank 0 | 16/1079 (1.48%)[KRank 0 | 16/1080 (1.48%)[KRank 0 | 16/1081 (1.48%)[KRank 0 | 16/1082 (1.48%)[KRank 0 | 16/1083 (1.48%)[KRank 0 | 16/1084 (1.48%)[KRank 0 | 16/1085 (1.47%)[KRank 0 | 16/1086 (1.47%)[KRank 0 | 16/1087 (1.47%)[KRank 0 | 16/1088 (1.47%)[KRank 0 | 16/1089 (1.47%)[KRank 0 | 16/1090 (1.47%)[KRank 0 | 16/1091 (1.47%)[KRank 0 | 16/1092 (1.47%)[KRank 0 | 16/1093 (1.46%)[KRank 0 | 16/1094 (1.46%)[KRank 0 | 16/1095 (1.46%)[KRank 0 | 16/1096 (1.46%)[KRank 0 | 16/1097 (1.46%)[KRank 0 | 16/1098 (1.46%)[KRank 0 | 16/1099 (1.46%)[KRank 0 | 16/1100 (1.45%)[KRank 0 | 16/1101 (1.45%)[KRank 0 | 16/1102 (1.45%)[KRank 0 | 17/1103 (1.54%)[KRank 0 | 17/1104 (1.54%)[KRank 0 | 17/1105 (1.54%)[KRank 0 | 17/1106 (1.54%)[KRank 0 | 17/1107 (1.54%)[KRank 0 | 17/1108 (1.53%)[KRank 0 | 17/1109 (1.53%)[KRank 0 | 17/1110 (1.53%)[KRank 0 | 17/1111 (1.53%)[KRank 0 | 17/1112 (1.53%)[KRank 0 | 17/1113 (1.53%)[KRank 0 | 17/1114 (1.53%)[KRank 0 | 18/1115 (1.61%)[KRank 0 | 18/1116 (1.61%)[KRank 0 | 18/1117 (1.61%)[KRank 0 | 18/1118 (1.61%)[KRank 0 | 18/1119 (1.61%)[KRank 0 | 18/1120 (1.61%)[KRank 0 | 18/1121 (1.61%)[KRank 0 | 18/1122 (1.60%)[KRank 0 | 18/1123 (1.60%)[KRank 0 | 18/1124 (1.60%)[KRank 0 | 18/1125 (1.60%)[KRank 0 | 18/1126 (1.60%)[KRank 0 | 18/1127 (1.60%)[KRank 0 | 18/1128 (1.60%)[KRank 0 | 18/1129 (1.59%)[KRank 0 | 18/1130 (1.59%)[KRank 0 | 18/1131 (1.59%)[KRank 0 | 18/1132 (1.59%)[KRank 0 | 18/1133 (1.59%)[KRank 0 | 18/1134 (1.59%)[KRank 0 | 18/1135 (1.59%)[KRank 0 | 18/1136 (1.58%)[KRank 0 | 18/1137 (1.58%)[KRank 0 | 18/1138 (1.58%)[KRank 0 | 18/1139 (1.58%)[KRank 0 | 18/1140 (1.58%)[KRank 0 | 18/1141 (1.58%)[KRank 0 | 18/1142 (1.58%)[KRank 0 | 18/1143 (1.57%)[KRank 0 | 18/1144 (1.57%)[KRank 0 | 18/1145 (1.57%)[KRank 0 | 18/1146 (1.57%)[KRank 0 | 18/1147 (1.57%)[KRank 0 | 18/1148 (1.57%)[KRank 0 | 18/1149 (1.57%)[KRank 0 | 18/1150 (1.57%)[KRank 0 | 18/1151 (1.56%)[KRank 0 | 18/1152 (1.56%)[KRank 0 | 18/1153 (1.56%)[KRank 0 | 18/1154 (1.56%)[KRank 0 | 18/1155 (1.56%)[KRank 0 | 18/1156 (1.56%)[KRank 0 | 18/1157 (1.56%)[KRank 0 | 18/1158 (1.55%)[KRank 0 | 18/1159 (1.55%)[KRank 0 | 18/1160 (1.55%)[KRank 0 | 18/1161 (1.55%)[KRank 0 | 18/1162 (1.55%)[KRank 0 | 18/1163 (1.55%)[KRank 0 | 18/1164 (1.55%)[KRank 0 | 18/1165 (1.55%)[KRank 0 | 18/1166 (1.54%)[KRank 0 | 18/1167 (1.54%)[KRank 0 | 18/1168 (1.54%)[KRank 0 | 18/1169 (1.54%)[KRank 0 | 18/1170 (1.54%)[KRank 0 | 18/1171 (1.54%)[KRank 0 | 18/1172 (1.54%)[KRank 0 | 18/1173 (1.53%)[KRank 0 | 18/1174 (1.53%)[KRank 0 | 18/1175 (1.53%)[KRank 0 | 18/1176 (1.53%)[KRank 0 | 18/1177 (1.53%)[KRank 0 | 18/1178 (1.53%)[KRank 0 | 18/1179 (1.53%)[KRank 0 | 18/1180 (1.53%)[KRank 0 | 18/1181 (1.52%)[KRank 0 | 18/1182 (1.52%)[KRank 0 | 18/1183 (1.52%)[KRank 0 | 18/1184 (1.52%)[KRank 0 | 18/1185 (1.52%)[KRank 0 | 18/1186 (1.52%)[KRank 0 | 18/1187 (1.52%)[KRank 0 | 18/1188 (1.52%)[KRank 0 | 18/1189 (1.51%)[KRank 0 | 18/1190 (1.51%)[KRank 0 | 18/1191 (1.51%)[KRank 0 | 18/1192 (1.51%)[KRank 0 | 18/1193 (1.51%)[KRank 0 | 18/1194 (1.51%)[KRank 0 | 18/1195 (1.51%)[KRank 0 | 18/1196 (1.51%)[KRank 0 | 18/1197 (1.50%)[KRank 0 | 18/1198 (1.50%)[KRank 0 | 18/1199 (1.50%)[KRank 0 | 18/1200 (1.50%)[KRank 0 | 18/1201 (1.50%)[KRank 0 | 18/1202 (1.50%)[KRank 0 | 18/1203 (1.50%)[KRank 0 | 18/1204 (1.50%)[KRank 0 | 19/1205 (1.58%)[KRank 0 | 19/1206 (1.58%)[KRank 0 | 19/1207 (1.57%)[KRank 0 | 19/1208 (1.57%)[KRank 0 | 19/1209 (1.57%)[KRank 0 | 19/1210 (1.57%)[KRank 0 | 19/1211 (1.57%)[KRank 0 | 19/1212 (1.57%)[KRank 0 | 19/1213 (1.57%)[KRank 0 | 19/1214 (1.57%)[KRank 0 | 19/1215 (1.56%)[KRank 0 | 19/1216 (1.56%)[KRank 0 | 19/1217 (1.56%)[KRank 0 | 19/1218 (1.56%)[KRank 0 | 19/1219 (1.56%)[KRank 0 | 19/1220 (1.56%)[KRank 0 | 19/1221 (1.56%)[KRank 0 | 19/1222 (1.55%)[KRank 0 | 19/1223 (1.55%)[KRank 0 | 19/1224 (1.55%)[KRank 0 | 19/1225 (1.55%)[KRank 0 | 19/1226 (1.55%)[KRank 0 | 19/1227 (1.55%)[KRank 0 | 19/1228 (1.55%)[KRank 0 | 19/1229 (1.55%)[KRank 0 | 19/1230 (1.54%)[KRank 0 | 19/1231 (1.54%)[KRank 0 | 19/1232 (1.54%)[KRank 0 | 20/1233 (1.62%)[KRank 0 | 20/1234 (1.62%)[KRank 0 | 20/1235 (1.62%)[KRank 0 | 20/1236 (1.62%)[KRank 0 | 20/1237 (1.62%)[KRank 0 | 20/1238 (1.62%)[KRank 0 | 20/1239 (1.61%)[KRank 0 | 20/1240 (1.61%)[KRank 0 | 20/1241 (1.61%)[KRank 0 | 20/1242 (1.61%)[KRank 0 | 20/1243 (1.61%)[KRank 0 | 20/1244 (1.61%)[KRank 0 | 20/1245 (1.61%)[KRank 0 | 20/1246 (1.61%)[KRank 0 | 20/1247 (1.60%)[KRank 0 | 20/1248 (1.60%)[KRank 0 | 20/1249 (1.60%)[KRank 0 | 20/1250 (1.60%)[KRank 0 | 20/1251 (1.60%)[KRank 0 | 20/1252 (1.60%)[KRank 0 | 20/1253 (1.60%)[KRank 0 | 20/1254 (1.59%)[KRank 0 | 20/1255 (1.59%)[KRank 0 | 20/1256 (1.59%)[KRank 0 | 20/1257 (1.59%)[KRank 0 | 20/1258 (1.59%)[KRank 0 | 20/1259 (1.59%)[KRank 0 | 20/1260 (1.59%)[KRank 0 | 20/1261 (1.59%)[KRank 0 | 20/1262 (1.58%)[KRank 0 | 20/1263 (1.58%)[KRank 0 | 20/1264 (1.58%)[KRank 0 | 20/1265 (1.58%)[KRank 0 | 20/1266 (1.58%)[KRank 0 | 20/1267 (1.58%)[KRank 0 | 20/1268 (1.58%)[KRank 0 | 20/1269 (1.58%)[KRank 0 | 20/1270 (1.57%)[KRank 0 | 20/1271 (1.57%)[KRank 0 | 20/1272 (1.57%)[KRank 0 | 20/1273 (1.57%)[KRank 0 | 20/1274 (1.57%)[KRank 0 | 20/1275 (1.57%)[KRank 0 | 20/1276 (1.57%)[KRank 0 | 20/1277 (1.57%)[KRank 0 | 20/1278 (1.56%)[KRank 0 | 20/1279 (1.56%)[KRank 0 | 20/1280 (1.56%)[KRank 0 | 20/1281 (1.56%)[KRank 0 | 20/1282 (1.56%)[KRank 0 | 20/1283 (1.56%)[KRank 0 | 20/1284 (1.56%)[KRank 0 | 20/1285 (1.56%)[KRank 0 | 20/1286 (1.56%)[KRank 0 | 20/1287 (1.55%)[KRank 0 | 20/1288 (1.55%)[KRank 0 | 20/1289 (1.55%)[KRank 0 | 20/1290 (1.55%)[KRank 0 | 20/1291 (1.55%)[KRank 0 | 20/1292 (1.55%)[KRank 0 | 20/1293 (1.55%)[KRank 0 | 20/1294 (1.55%)[KRank 0 | 20/1295 (1.54%)[KRank 0 | 21/1296 (1.62%)[KRank 0 | 21/1297 (1.62%)[KRank 0 | 21/1298 (1.62%)[KRank 0 | 21/1299 (1.62%)[KRank 0 | 21/1300 (1.62%)[KRank 0 | 21/1301 (1.61%)[KRank 0 | 21/1302 (1.61%)[KRank 0 | 21/1303 (1.61%)[KRank 0 | 21/1304 (1.61%)[KRank 0 | 21/1305 (1.61%)[KRank 0 | 21/1306 (1.61%)[KRank 0 | 21/1307 (1.61%)[KRank 0 | 21/1308 (1.61%)[KRank 0 | 21/1309 (1.60%)[KRank 0 | 21/1310 (1.60%)[KRank 0 | 21/1311 (1.60%)[KRank 0 | 21/1312 (1.60%)[KRank 0 | 21/1313 (1.60%)[KRank 0 | 21/1314 (1.60%)[KRank 0 | 21/1315 (1.60%)[KRank 0 | 21/1316 (1.60%)[KRank 0 | 21/1317 (1.59%)[KRank 0 | 21/1318 (1.59%)[KRank 0 | 21/1319 (1.59%)
==================================================
Final: 21/1319 (1.59%)
GSM8K accuracy: 1.59%
[KRank 0 | 0/1 (0.00%)[KRank 0 | 0/2 (0.00%)[KRank 0 | 1/3 (33.33%)[KRank 0 | 1/4 (25.00%)[KRank 0 | 1/5 (20.00%)[KRank 0 | 1/6 (16.67%)[KRank 0 | 1/7 (14.29%)[KRank 0 | 1/8 (12.50%)[KRank 0 | 1/9 (11.11%)[KRank 0 | 1/10 (10.00%)[KRank 0 | 1/11 (9.09%)[KRank 0 | 1/12 (8.33%)[KRank 0 | 1/13 (7.69%)[KRank 0 | 1/14 (7.14%)[KRank 0 | 1/15 (6.67%)[KRank 0 | 2/16 (12.50%)[KRank 0 | 2/17 (11.76%)[KRank 0 | 2/18 (11.11%)[KRank 0 | 2/19 (10.53%)[KRank 0 | 2/20 (10.00%)[KRank 0 | 2/21 (9.52%)[KRank 0 | 2/22 (9.09%)[KRank 0 | 2/23 (8.70%)[KRank 0 | 2/24 (8.33%)[KRank 0 | 2/25 (8.00%)[KRank 0 | 2/26 (7.69%)[KRank 0 | 2/27 (7.41%)[KRank 0 | 2/28 (7.14%)[KRank 0 | 2/29 (6.90%)[KRank 0 | 2/30 (6.67%)[KRank 0 | 2/31 (6.45%)[KRank 0 | 2/32 (6.25%)[KRank 0 | 2/33 (6.06%)[KRank 0 | 2/34 (5.88%)[KRank 0 | 2/35 (5.71%)[KRank 0 | 2/36 (5.56%)[KRank 0 | 2/37 (5.41%)[KRank 0 | 2/38 (5.26%)[KRank 0 | 2/39 (5.13%)[KRank 0 | 2/40 (5.00%)[KRank 0 | 2/41 (4.88%)[KRank 0 | 2/42 (4.76%)[KRank 0 | 2/43 (4.65%)[KRank 0 | 2/44 (4.55%)[KRank 0 | 2/45 (4.44%)[KRank 0 | 3/46 (6.52%)[KRank 0 | 3/47 (6.38%)[KRank 0 | 3/48 (6.25%)[KRank 0 | 3/49 (6.12%)[KRank 0 | 4/50 (8.00%)[KRank 0 | 4/51 (7.84%)[KRank 0 | 4/52 (7.69%)[KRank 0 | 4/53 (7.55%)[KRank 0 | 4/54 (7.41%)[KRank 0 | 4/55 (7.27%)[KRank 0 | 4/56 (7.14%)[KRank 0 | 4/57 (7.02%)[KRank 0 | 4/58 (6.90%)[KRank 0 | 4/59 (6.78%)[KRank 0 | 4/60 (6.67%)[KRank 0 | 4/61 (6.56%)[KRank 0 | 4/62 (6.45%)[KRank 0 | 4/63 (6.35%)[KRank 0 | 4/64 (6.25%)[KRank 0 | 4/65 (6.15%)[KRank 0 | 4/66 (6.06%)[KRank 0 | 4/67 (5.97%)[KRank 0 | 4/68 (5.88%)[KRank 0 | 4/69 (5.80%)[KRank 0 | 4/70 (5.71%)[KRank 0 | 4/71 (5.63%)[KRank 0 | 4/72 (5.56%)[KRank 0 | 4/73 (5.48%)[KRank 0 | 4/74 (5.41%)[KRank 0 | 4/75 (5.33%)[KRank 0 | 4/76 (5.26%)[KRank 0 | 4/77 (5.19%)[KRank 0 | 4/78 (5.13%)[KRank 0 | 5/79 (6.33%)[KRank 0 | 5/80 (6.25%)[KRank 0 | 5/81 (6.17%)[KRank 0 | 5/82 (6.10%)[KRank 0 | 5/83 (6.02%)[KRank 0 | 5/84 (5.95%)[KRank 0 | 5/85 (5.88%)[KRank 0 | 5/86 (5.81%)[KRank 0 | 5/87 (5.75%)[KRank 0 | 5/88 (5.68%)[KRank 0 | 5/89 (5.62%)[KRank 0 | 5/90 (5.56%)[KRank 0 | 5/91 (5.49%)[KRank 0 | 5/92 (5.43%)[KRank 0 | 5/93 (5.38%)[KRank 0 | 5/94 (5.32%)[KRank 0 | 5/95 (5.26%)[KRank 0 | 5/96 (5.21%)[KRank 0 | 5/97 (5.15%)[KRank 0 | 5/98 (5.10%)[KRank 0 | 5/99 (5.05%)[KRank 0 | 5/100 (5.00%)[KRank 0 | 5/101 (4.95%)[KRank 0 | 6/102 (5.88%)[KRank 0 | 6/103 (5.83%)[KRank 0 | 6/104 (5.77%)[KRank 0 | 6/105 (5.71%)[KRank 0 | 6/106 (5.66%)[KRank 0 | 7/107 (6.54%)[KRank 0 | 7/108 (6.48%)[KRank 0 | 7/109 (6.42%)[KRank 0 | 7/110 (6.36%)[KRank 0 | 8/111 (7.21%)[KRank 0 | 8/112 (7.14%)[KRank 0 | 8/113 (7.08%)[KRank 0 | 8/114 (7.02%)[KRank 0 | 8/115 (6.96%)[KRank 0 | 8/116 (6.90%)[KRank 0 | 8/117 (6.84%)[KRank 0 | 8/118 (6.78%)[KRank 0 | 8/119 (6.72%)[KRank 0 | 8/120 (6.67%)[KRank 0 | 8/121 (6.61%)[KRank 0 | 8/122 (6.56%)[KRank 0 | 8/123 (6.50%)[KRank 0 | 8/124 (6.45%)[KRank 0 | 8/125 (6.40%)[KRank 0 | 8/126 (6.35%)[KRank 0 | 8/127 (6.30%)[KRank 0 | 8/128 (6.25%)[KRank 0 | 8/129 (6.20%)[KRank 0 | 8/130 (6.15%)[KRank 0 | 8/131 (6.11%)[KRank 0 | 8/132 (6.06%)[KRank 0 | 8/133 (6.02%)[KRank 0 | 8/134 (5.97%)[KRank 0 | 8/135 (5.93%)[KRank 0 | 9/136 (6.62%)[KRank 0 | 9/137 (6.57%)[KRank 0 | 9/138 (6.52%)[KRank 0 | 10/139 (7.19%)[KRank 0 | 10/140 (7.14%)[KRank 0 | 10/141 (7.09%)[KRank 0 | 11/142 (7.75%)[KRank 0 | 12/143 (8.39%)[KRank 0 | 13/144 (9.03%)[KRank 0 | 14/145 (9.66%)[KRank 0 | 14/146 (9.59%)[KRank 0 | 14/147 (9.52%)[KRank 0 | 14/148 (9.46%)[KRank 0 | 14/149 (9.40%)[KRank 0 | 14/150 (9.33%)[KRank 0 | 14/151 (9.27%)[KRank 0 | 14/152 (9.21%)[KRank 0 | 14/153 (9.15%)[KRank 0 | 14/154 (9.09%)[KRank 0 | 14/155 (9.03%)[KRank 0 | 14/156 (8.97%)[KRank 0 | 14/157 (8.92%)[KRank 0 | 14/158 (8.86%)[KRank 0 | 14/159 (8.81%)[KRank 0 | 14/160 (8.75%)[KRank 0 | 14/161 (8.70%)[KRank 0 | 14/162 (8.64%)[KRank 0 | 14/163 (8.59%)[KRank 0 | 14/164 (8.54%)
==================================================
Final: 14/164 (8.54%)
HumanEval accuracy: 8.54%
ChatCORE metric: 0.0869

===== 2026-09-25 16:24:33 ALL DONE. Talk to it: cd ~/nanochat && source .venv/bin/activate && python -m scripts.chat_cli
